   2.2971074119490920e-01  -2.2396665960191625e-01  -4.2018668718989282e+01  -1.9674527158267633e+01
   2.2977017029737057e-01  -2.2692041700474597e-01  -2.5068657190675101e+01  -3.8210441938862935e+01
   2.2983120886319156e-01  -2.2987318908958351e-01  -1.1466727325576196e+00  -4.5849810094497975e+01
   2.2989391715136756e-01  -2.3282506444782317e-01   2.3373826582604767e+01  -4.0572542033720275e+01
   2.2995834195134351e-01  -2.3577618417477747e-01   4.1964218277763763e+01  -2.3810641346706330e+01
   2.3002451629725604e-01  -2.3872673319436760e-01   4.9685391782324530e+01  -6.3676238327840168e-02
   2.3009246022878821e-01  -2.4167692890443837e-01   4.4506970501142455e+01   2.4305916555838383e+01
   2.3016218248441228e-01  -2.4462700781505195e-01   2.7847818747383489e+01   4.2775440567799166e+01
   2.3023368295039498e-01  -2.4757721097519092e-01   4.1932268401585464e+00   5.0406274415855293e+01
   2.3030695563968409e-01  -2.5052776905946028e-01  -2.0108117996264539e+01   4.5162629047074013e+01
   2.3038199194170331e-01  -2.5347888801090135e-01  -3.8544251933703258e+01   2.8451912431349115e+01
   2.3045878386929294e-01  -2.5643073610716655e-01  -4.6181116961411462e+01   4.7431418477166041e+00
   2.3053732703336624e-01  -2.5938343323656027e-01  -4.0978647694625913e+01  -1.9632721492597170e+01
   2.3061762309892575e-01  -2.6233704304232403e-01  -2.4330628860660397e+01  -3.8177766694386882e+01
   2.3069968151631329e-01  -2.6529156842548363e-01  -6.8593410991648429e-01  -4.5963107018678826e+01
   2.3078352037622851e-01  -2.6824695069831506e-01   2.3645238583252400e+01  -4.0942011680308944e+01
   2.3086916630245571e-01  -2.7120307246370590e-01   4.2179288170148730e+01  -2.4490860164647358e+01
   2.3095665336807222e-01  -2.7415976407319670e-01   4.9989777864387101e+01  -1.0357113231599424e+00
   2.3104602109430153e-01  -2.7711681330144711e-01   4.5019283887308781e+01   2.3133665552696332e+01
   2.3113731166125959e-01  -2.8007397768020109e-01   2.8624011185961439e+01   4.1544505269321149e+01
   2.3123056652181712e-01  -2.8303099877211713e-01   5.2076426453216849e+00   4.9267964081482241e+01
   2.3132582265947360e-01  -2.8598761754407259e-01  -1.8956666685356925e+01   4.4232360331110769e+01
   2.3142310876498309e-01  -2.8894358992804436e-01  -3.7401563887828331e+01   2.7773525549120706e+01
   2.3152244162203484e-01  -2.9189870164009496e-01  -4.5191505841344700e+01   4.2762084901975195e+00
   2.3162382298823125e-01  -2.9485278136557797e-01  -4.0239573652506408e+01  -1.9997678770555428e+01
   2.3172723723386551e-01  -2.9780571150967761e-01  -2.3863949834194692e+01  -3.8581651139670321e+01
   2.3183264995879285e-01  -3.0075743585161413e-01  -4.3525085559057924e-01  -4.6532008558393933e+01
   2.3194000774943277e-01  -3.0370796362037983e-01   2.3791700058895902e+01  -4.1748723267985490e+01
   2.3204923916712103e-01  -3.0665736971931373e-01   4.2350058445523167e+01  -2.5536518197831590e+01
   2.3216025698001874e-01  -3.0960579105389224e-01   5.0290211408349577e+01  -2.2554747738278405e+00
   2.3227296156853083e-01  -3.1255341914850621e-01   4.5503257617047815e+01   2.1845904583412231e+01
   2.3238724535393870e-01  -3.1550048945993081e-01   2.9284064661577339e+01   4.0302994442832897e+01
   2.3250299802691729e-01  -3.1844726799454237e-01   5.9829370461087210e+00   4.8164687930375251e+01
   2.3262011229168320e-01  -3.2139403600101935e-01  -1.8160522273014937e+01   4.3316822142404646e+01
   2.3273848979682593e-01  -3.2434107363038578e-01  -3.6688276822026964e+01   2.7044988901606825e+01
   2.3285804689871806e-01  -3.2728864352328996e-01  -4.4651194443435649e+01   3.6867940884856445e+00
   2.3297871989982458e-01  -3.3023697529608803e-01  -3.9930163168164185e+01  -2.0531874876434145e+01
   2.3310046942300475e-01  -3.3318625185143258e-01  -2.3798197584214151e+01  -3.9163499792871733e+01
   2.3322328362344111e-01  -3.3613659833804155e-01  -5.7496042225367372e-01  -4.7261625933340191e+01
   2.3334718000013016e-01  -3.3908807443373429e-01   2.3531676899378134e+01  -4.2699167479179998e+01
   2.3347220564570390e-01  -3.4204067043416692e-01   4.2085619467733565e+01  -2.6731506418696995e+01
   2.3359843586238832e-01  -3.4499430740816572e-01   5.0140032597160967e+01  -3.6562582453608177e+00
   2.3372597116795346e-01  -3.4794884144185095e-01   4.5554557653321908e+01   2.0337295439784562e+01
   2.3385493281285852e-01  -3.5090407175205257e-01   2.9562512046817446e+01   3.8820862087137492e+01
   2.3398545702255233e-01  -3.5385975221893440e-01   6.4386731715387464e+00   4.6841129238084896e+01
   2.3411768826123167e-01  -3.5681560568211185e-01  -1.7642565315503365e+01   4.2239122384270239e+01
   2.3425177188012411e-01  -3.5977134017605022e-01  -3.6254145207729685e+01   2.6224503023386923e+01
   2.3438784656004560e-01  -3.6272666615954119e-01  -4.4430133967029171e+01   3.0524624674351277e+00
   2.3452603698137139e-01  -3.6568131372790119e-01  -3.9990422298501443e+01  -2.1110872384642782e+01
   2.3466644715265397e-01  -3.6863504878962527e-01  -2.4123473093796846e+01  -3.9832989812319752e+01
   2.3480915480147885e-01  -3.7158768724235036e-01  -1.0710595200531405e+00  -4.8131958136976067e+01
   2.3495420717882534e-01  -3.7453910629344855e-01   2.3002315589781826e+01  -4.3808088114634593e+01
   2.3510161855376377e-01  -3.7748925223227303e-01   4.1655039903321686e+01  -2.8034120654672304e+01
   2.3525136958274148e-01  -3.8043814416488503e-01   4.9890354647543532e+01  -5.0447125049822512e+00
   2.3540340863203113e-01  -3.8338587345626962e-01   4.5494171076786628e+01   1.8993607353697119e+01
   2.3555765501920065e-01  -3.8633259887607613e-01   2.9629717223838380e+01   3.7631060996975044e+01
   2.3571400402614423e-01  -3.8927853769708126e-01   6.5282962083733205e+00   4.5860904340053594e+01
   2.3587233342904487e-01  -3.9222395323605125e-01  -1.7642235275338777e+01   4.1460500559459348e+01
   2.3603251119599897e-01  -3.9516913954018740e-01  -3.6428512856698916e+01   2.5586959466605780e+01
   2.3619440392679159e-01  -3.9811440409617593e-01  -4.4819428445449304e+01   2.4671148169046107e+00
   2.3635788555627890e-01  -4.0106004956244590e-01  -4.0586997547602422e+01  -2.1734929249835702e+01
   2.3652284581660579e-01  -4.0400635559105030e-01  -2.4880911282832709e+01  -4.0568419644570639e+01
   2.3668919795611620e-01  -4.0695356180923759e-01  -1.9182655134059869e+00  -4.9021681793806067e+01
   2.3685688524469731e-01  -4.0990185297166337e-01   2.2146948290635432e+01  -4.4860632333962876e+01
   2.3702588585516318e-01  -4.1285134717532901e-01   4.0870455363811885e+01  -2.9222739636463739e+01
   2.3719621579514852e-01  -4.1580208785722078e-01   4.9239173564536856e+01  -6.3094058240869852e+00
   2.3736792966942627e-01  -4.1875404007902900e-01   4.5007852519691617e+01   1.7738933338588431e+01
   2.3754111917279155e-01  -4.2170709135651502e-01   2.9295415811778376e+01   3.6483105772441412e+01
   2.3771590934206074e-01  -4.2466105702735607e-01   6.2838134829321985e+00   4.4902871048726162e+01
   2.3789245272497245e-01  -4.2761568988592996e-01  -1.7898783567756023e+01   4.0734725752701770e+01
   2.3807092174647276e-01  -4.3057069356201760e-01  -3.6812288122413491e+01   2.5074619730900299e+01
   2.3825149966180056e-01  -4.3352573889765567e-01  -4.5421608850319075e+01   2.0859901105522489e+00
   2.3843437057451994e-01  -4.3648048239550857e-01  -4.1439782548383562e+01  -2.2109097580252634e+01
   2.3861970906070984e-01  -4.3943458568412869e-01  -2.5940044482627417e+01  -4.1061288899346295e+01
   2.3880766997392688e-01  -4.4238773487804106e-01  -3.0731504146849420e+00  -4.9714423051884808e+01
   2.3899837900691948e-01  -4.4533965870815795e-01   2.1036444428735109e+01  -4.5757277146503007e+01
   2.3919192455481175e-01  -4.4829014436116793e-01   3.9923362366382584e+01  -3.0245418049183105e+01
   2.3938835136190972e-01  -4.5123905009192727e-01   4.8508874516204166e+01  -7.3251046812997274e+00
   2.3958765634348997e-01  -4.5418631385368446e-01   4.4461954452017459e+01   1.6869890468464668e+01
   2.3978978685969110e-01  -4.5713195741691509e-01   2.8828375424831322e+01   3.5856172357692898e+01
   2.3999464158709230e-01  -4.6007608570580788e-01   5.7567969123028115e+00   4.4536291818010532e+01
   2.4020207399194352e-01  -4.6301888135711217e-01  -1.8607592680149075e+01   4.0566708376055246e+01
   2.4041189826521495e-01  -4.6596059478319768e-01  -3.7767169487839482e+01   2.4989730114916497e+01
   2.4062389744171853e-01  -4.6890153028364429e-01  -4.6613133622838426e+01   1.9578449312931452e+00
   2.4083783330143183e-01  -4.7184202898208699e-01  -4.2795927878974659e+01  -2.2377027693025390e+01
   2.4105345754789612e-01  -4.7478244955369103e-01  -2.7355922835434086e+01  -4.1511542791036412e+01
   2.4127052368229926e-01  -4.7772314784226050e-01  -4.4446242848745863e+00  -5.0333286960672659e+01
   2.4148879894708250e-01  -4.8066445653654810e-01   1.9788216975912704e+01  -4.6489304575681260e+01
   2.4170807570250755e-01  -4.8360666607834690e-01   3.8841803619764363e+01  -3.1013914293516340e+01
   2.4192818162445154e-01  -4.8655000790984482e-01   4.7603144925444681e+01  -8.0489269864290893e+00
   2.4214898817072533e-01  -4.8949464103804524e-01   4.3711813675131161e+01   1.6266582771942709e+01
   2.4237041685335245e-01  -4.9244064270685883e-01   2.8186890397087769e+01   3.5437811724860161e+01
   2.4259244297074908e-01  -4.9538800373350728e-01   5.1510690195863704e+00   4.4347388047930501e+01
   2.4281509659020131e-01  -4.9833662879843277e-01  -1.9271776753482975e+01   4.0618134136188289e+01
   2.4303846072001409e-01  -5.0128634169242703e-01  -3.8589901411413827e+01   2.5244002135575709e+01
   2.4326266676384786e-01  -5.0423689523767612e-01  -4.7672622708326372e+01   2.3234183431547502e+00
   2.4348788749857661e-01  -5.0718798532761977e-01  -4.4115862802524418e+01  -2.2032431957324469e+01
   2.4371432795309714e-01  -5.1013926828969425e-01  -2.8882609938055150e+01  -4.1325822362763020e+01
   2.4394221468119939e-01  -5.1309038057953316e-01  -6.0488139451129541e+00  -5.0401841018655958e+01
   2.4417178401033451e-01  -5.1604095967635077e-01   1.8278329701496826e+01  -4.6822412794267855e+01
   2.4440326990474898e-01  -5.1899066497559598e-01   3.7583907539918286e+01  -3.1520012600915610e+01
   2.4463689210277478e-01  -5.2193919747088813e-01   4.6680817377019231e+01  -8.5558767999452208e+00
   2.4487284517271019e-01  -5.2488631708340738e-01   4.3096322383046100e+01   1.5955775318509376e+01
   2.4511128908050564e-01  -5.2783185662958698e-01   2.7739222189304503e+01   3.5474288696713288e+01
   2.4535234177815038e-01  -5.3077573160977598e-01   4.6666601995165076e+00   4.4778581982283470e+01
   2.4559607420896684e-01  -5.3371794524049498e-01  -1.9991343929181269e+01   4.1366854587504307e+01
   2.4584250799120086e-01  -5.3665858842719549e-01  -3.9665964966347147e+01   2.6133864233613316e+01
   2.4609161589197878e-01  -5.3959783466719446e-01  -4.9107043095754015e+01   3.1408649686998400e+00
   2.4634332504824330e-01  -5.4253593016667645e-01  -4.5792930109185932e+01  -2.1464137567336500e+01
   2.4659752273848573e-01  -5.4547317973419884e-01  -3.0612571659751083e+01  -4.1089200616617021e+01
   2.4685406436754867e-01  -5.4840992925969190e-01  -7.6339332154360546e+00  -5.0464600848245119e+01
   2.4711278320450469e-01  -5.5134654578802322e-01   1.6981444529414453e+01  -4.7057624383078156e+01
   2.4737350131750735e-01  -5.5428339633799606e-01   3.6627448025433836e+01  -3.1754745282307635e+01
   2.4763604108497322e-01  -5.5722082669270101e-01   4.6023162978810561e+01  -8.6269353786099447e+00
   2.4790023663310626e-01  -5.6015914139087852e-01   4.2627891169508480e+01   1.6159113031275730e+01
   2.4816594455720728e-01  -5.6309858608094643e-01   2.7321721239744374e+01   3.5991208443419616e+01
   2.4843305332795174e-01  -5.6603933326338773e-01   4.1699865375351637e+00   4.5580311069106671e+01
   2.4870149086124674e-01  -5.6898147225107454e-01  -2.0663903608100973e+01   4.2373971361432368e+01
   2.4897122983695708e-01  -5.7192500393207624e-01  -4.0565096008052322e+01   2.7237457360469588e+01
   2.4924229048147006e-01  -5.7486984063990532e-01  -5.0232892193826814e+01   4.2222790738411016e+00
   2.4951474067435261e-01  -5.7781581113814784e-01  -4.7094680017910221e+01  -2.0514486315375901e+01
   2.4978869339180068e-01  -5.8076267042758423e-01  -3.1992558283629332e+01  -4.0351177045432706e+01
   2.5006430165047983e-01  -5.8371011380160853e-01  -8.9609747842592355e+00  -4.9966081724207385e+01
   2.5034175125602248e-01  -5.8665779432677023e-01   1.5845150680693857e+01  -4.6756864076354489e+01
   2.5062125178284239e-01  -5.8960534272415155e-01   3.5787543373902942e+01  -3.1537965533333310e+01
   2.5090302630908767e-01  -5.9255238848611891e-01   4.5513001944837157e+01  -8.3300052058220579e+00
   2.5118730049695753e-01  -5.9549858099010400e-01   4.2383770023310518e+01   1.6704767760309881e+01
   2.5147429164059149e-01  -5.9844360937100982e-01   2.7188699554218285e+01   3.6900544882464189e+01
   2.5176419829958435e-01  -6.0138721998672118e-01   3.9432946943888703e+00   4.6865850929909612e+01
   2.5205719109629549e-01  -6.0432923045296938e-01  -2.1172123614353712e+01   4.3928175585527221e+01
   2.5235340518203730e-01  -6.0726953942621265e-01  -4.1457055095337445e+01   2.8858179085275001e+01
   2.5265293477531720e-01  -6.1020813156450349e-01  -5.1481752084321180e+01   5.6760592066052071e+00
   2.5295583005070599e-01  -6.1314507738176782e-01  -4.8545743959907263e+01  -1.9413103044519037e+01
   2.5326209651700105e-01  -6.1608052801373314e-01  -3.3411040645590823e+01  -3.9674251358353999e+01
   2.5357169687642073e-01  -6.1901470521607915e-01  -1.0109382178321642e+01  -4.9646190992260294e+01
   2.5388455521131181e-01  -6.2194788719924810e-01   1.5129040123257194e+01  -4.6610156261054414e+01
   2.5420056320979051e-01  -6.2488039115299343e-01   3.5540834528116520e+01  -3.1326628666841078e+01
   2.5451958802481928e-01  -6.2781255351213217e-01   4.5642490132275810e+01  -7.8395734812586255e+00
   2.5484148126930739e-01  -6.3074470915131431e-01   4.2703687309825312e+01   1.7601701841055142e+01
   2.5516608858820078e-01  -6.3367717076248897e-01   2.7483799016717274e+01   3.8214620356336781e+01
   2.5549325922082150e-01  -6.3661020966002346e-01   4.0327775231682486e+00   4.8500401401545474e+01
   2.5582285497436930e-01  -6.3954403917530189e-01  -2.1390406777464182e+01   4.5718115494119303e+01
   2.5615475807197907e-01  -6.4247880164977211e-01  -4.1991398324860093e+01   3.0620410683836955e+01
   2.5648887741336723e-01  -6.4541455982159202e-01  -5.2257424410867245e+01   7.2543956292291218e+00
   2.5682515288830454e-01  -6.4835129313872653e-01  -4.9431524496654887e+01  -1.8118094946970896e+01
   2.5716355750674913e-01  -6.5128889923596944e-01  -3.4250786493735205e+01  -3.8691541639316327e+01
   2.5750409724691881e-01  -6.5422720050234040e-01  -1.0752520218278692e+01  -4.8932940833331010e+01
   2.5784680866559079e-01  -6.5716595535713929e-01   1.4799339995988067e+01  -4.6059447319797684e+01
   2.5819175445480846e-01  -6.6010487356595804e-01   3.5581808374086776e+01  -3.0784488885847491e+01
   2.5853901725747314e-01  -6.6304363467951388e-01   4.6031363999519968e+01  -7.1337427543874350e+00
   2.5888869216319627e-01  -6.6598190848319072e-01   4.3330356798559997e+01   1.8621181996283308e+01
   2.5924087838868032e-01  -6.6891937621575370e-01   2.8165656222617368e+01   3.9629711197640887e+01
   2.5959567069863310e-01  -6.7185575125989749e-01   4.5558243610735483e+00   5.0288409295896976e+01
   2.5995315114063861e-01  -6.7479079802894737e-01  -2.1210529930182279e+01   4.7740906169878961e+01
   2.6031338164930035e-01  -6.7772434787243085e-01  -4.2246227463490214e+01   3.2650713424125641e+01
   2.6067639802233894e-01  -6.8065631099296031e-01  -5.2903956198634162e+01   9.0372692042833123e+00
   2.6104220568718278e-01  -6.8358668359847263e-01  -5.0291460447517636e+01  -1.6785919824923880e+01
   2.6141077756599590e-01  -6.8651554979383311e-01  -3.5056356433281572e+01  -3.7891876906354618e+01
   2.6178205421651740e-01  -6.8944307802801519e-01  -1.1226302928963662e+01  -4.8592620570072533e+01
   2.6215594628349820e-01  -6.9236951223901122e-01   1.4857588438609898e+01  -4.5967444108257766e+01
   2.6253233914941493e-01  -6.9529515815918508e-01   3.6232103768667372e+01  -3.0654991949954017e+01
   2.6291109953245867e-01  -6.9822036553968325e-01   4.7176183429456295e+01  -6.6930588134680349e+00
   2.6329208365309009e-01  -7.0114550730612524e-01   4.4747481845724657e+01   1.9554293837220925e+01
   2.6367514648555468e-01  -7.0407095685357091e-01   2.9577160734664986e+01   4.1096465596391340e+01
   2.6406015153421547e-01  -7.0699706481464597e-01   5.7077836163817421e+00   5.2187361382165733e+01
   2.6444698053132393e-01  -7.0992413668264553e-01  -2.0483350651625820e+01   4.9865499446670533e+01
   2.6483554244574592e-01  -7.1285241263780352e-01  -4.1987087097966857e+01   3.4749885397569145e+01
   2.6522578122216905e-01  -7.1578205081115098e-01  -5.3035281834968437e+01   1.0878550458058838e+01
   2.6561768173580935e-01  -7.1871311503234014e-01  -5.0642681456113763e+01  -1.5366500567216084e+01
   2.6601127354523724e-01  -7.2164556785603917e-01  -3.5406456987203043e+01  -3.6960125036214976e+01
   2.6640663215002197e-01  -7.2457926936030748e-01  -1.1350998206570411e+01  -4.8106785153280128e+01
   2.6680387760340368e-01  -7.2751398187699234e-01   1.5140002346331768e+01  -4.5786774977928630e+01
   2.6720317048474052e-01  -7.3044938046813668e-01   3.7020092869150915e+01  -3.0565233970694784e+01
   2.6760470539298026e-01  -7.3338506862383146e-01   4.8455127004667879e+01  -6.4490799168086648e+00
   2.6800870227160534e-01  -7.3632059834588337e-01   4.6379784919520638e+01   2.0171153532416163e+01
   2.6841539600845099e-01  -7.3925549351671815e-01   3.1322303358691990e+01   4.2215815295415084e+01
   2.6882502486247412e-01  -7.4218927524993861e-01   7.2766013095494344e+00   5.3799563239538088e+01
   2.6923781834728416e-01  -7.4512148779040166e-01  -1.9348059440285983e+01   5.1804799596069806e+01
   2.6965398524311035e-01  -7.4805172348578775e-01  -4.1425530752933739e+01   3.6725702932804232e+01
   2.7007370241211653e-01  -7.5097964539158724e-01  -5.3011459064101274e+01   1.2554073623349359e+01
   2.7049710505593294e-01  -7.5390500619580414e-01  -5.0937676306394778e+01  -1.4268991875815987e+01
   2.7092427898078320e-01  -7.5682766235154530e-01  -3.5674479182604792e+01  -3.6562535771628092e+01
   2.7135525532855581e-01  -7.5974758257406638e-01  -1.1224569135394312e+01  -4.8324057558878984e+01
   2.7179000809760467e-01  -7.6266485017831864e-01   1.5930396013434303e+01  -4.6344152891114426e+01
   2.7222845462257728e-01  -7.6557965908535375e-01   3.8554915143973204e+01  -3.1081575785572607e+01
   2.7267045901703801e-01  -7.6849230369065635e-01   5.0597208886109414e+01  -6.5580471716500846e+00
   2.7311583841563519e-01  -7.7140316314329505e-01   4.8818774576966895e+01   2.0705261591965002e+01
   2.7356437169380404e-01  -7.7431268091080807e-01   3.3674895472002731e+01   4.3428339774707254e+01
   2.7401581020175697e-01  -7.7722134078164906e-01   9.2051146543191482e+00   5.5523824346353237e+01
   2.7446988993417465e-01  -7.8012964066831858e-01  -1.8040388421047155e+01   5.3733892905128997e+01
   2.7492634447440140e-01  -7.8303806570707668e-01  -4.0751597792546491e+01   3.8510627696024294e+01
   2.7538491800704396e-01  -7.8594706219627175e-01  -5.2816254968695276e+01   1.3901773757978601e+01
   2.7584537768849199e-01  -7.8885701387134366e-01  -5.0958105407405505e+01  -1.3527800099884136e+01
   2.7630752470142289e-01  -7.9176822188284346e-01  -3.5616380826416737e+01  -3.6449100594265644e+01
   2.7677120339484967e-01  -7.9468088963121530e-01  -1.0831903030087018e+01  -4.8726338688464125e+01
   2.7723630802145866e-01  -7.9759511333094302e-01   1.6828195927648746e+01  -4.7055379186426634e+01
   2.7770278672249593e-01  -8.0051087884293282e-01   4.0018856526558565e+01  -3.1847169649983258e+01
   2.7817064256930035e-01  -8.0342806494712005e-01   5.2572485964514165e+01  -7.1224393324537401e+00
   2.7863993164043127e-01  -8.0634645284865947e-01   5.1142075106773135e+01   2.0553141313454532e+01
   2.7911075828429838e-01  -8.0926574134295381e-01   3.6096783996501699e+01   4.3810567322884822e+01
   2.7958326787914423e-01  -8.1218556672900277e-01   1.1432726499804959e+01   5.6435045250912644e+01
   2.8005763754564644e-01  -8.1510552627709076e-01  -1.6278750598906598e+01   5.5021923207522775e+01
   2.8053406538373149e-01  -8.1802520384286381e-01  -3.9629497742624963e+01   3.9892234440551320e+01
   2.8101275888750499e-01  -8.2094419608829150e-01  -5.2342184130909168e+01   1.5022817989428548e+01
   2.8149392323556682e-01  -8.2386213772934735e-01  -5.0946986592903578e+01  -1.2995294272704120e+01
   2.8197775015570037e-01  -8.2677872428332089e-01  -3.5720773000168613e+01  -3.6699696217783995e+01
   2.8246440802284772e-01  -8.2969373093300958e-01  -1.0634050363091704e+01  -4.9742250368501843e+01
   2.8295403376969031e-01  -8.3260702635266171e-01   1.7687766000199723e+01  -4.8590529740549485e+01
   2.8344672707472657e-01  -8.3551858063850115e-01   4.1719463488016771e+01  -3.3488572671114234e+01
   2.8394254715024070e-01  -8.3842846683769012e-01   5.5043918744544690e+01  -8.4137878137831787e+00
   2.8444151229049242e-01  -8.4133685595324736e-01   5.4076568878459618e+01   1.9966655131523996e+01
   2.8494360216850823e-01  -8.4424400569613200e-01   3.9041149431523280e+01   4.4067508032008305e+01
   2.8544876269840369e-01  -8.4715024363597280e-01   1.3928910483759640e+01   5.7413990921413571e+01
   2.8595691311955795e-01  -8.5005594574619348e-01  -1.4554190632516972e+01   5.6382792499066269e+01
   2.8646795481902887e-01  -8.5296151162652145e-01  -3.8774258562416144e+01   4.1185112954513770e+01
   2.8698178129790097e-01  -8.5586733789868719e-01  -5.2212217774518102e+01   1.5823746688155849e+01
   2.8749828861277682e-01  -8.5877379139604160e-01  -5.1213623298733552e+01  -1.2967562938136046e+01
   2.8801738559004908e-01  -8.6168118379666592e-01  -3.5974468401147604e+01  -3.7519566340849046e+01
   2.8853900312035097e-01  -8.6458974927974075e-01  -1.0497430716058133e+01  -5.1276676427026075e+01
   2.8906310189336265e-01  -8.6749962661966196e-01   1.8470152720857730e+01  -5.0550900275321467e+01
   2.8958967802614738e-01  -8.7041084688061687e-01   4.3232434379402164e+01  -3.5511586280373578e+01
   2.9011876616604998e-01  -8.7332332755015529e-01   5.7195721644471902e+01  -1.0147279614439144e+01
   2.9065043980451083e-01  -8.7623687357237268e-01   5.6627532087919889e+01   1.8789600141934582e+01
   2.9118480871168956e-01  -8.7915118533151004e-01   4.1656704054425013e+01   4.3574523827495561e+01
   2.9172201358317978e-01  -8.8206587321922403e-01   1.6249095540943578e+01   5.7563900541731286e+01
   2.9226221816839432e-01  -8.8498047801819579e-01  -1.2835694117486032e+01   5.6965730685244239e+01
   2.9280559931446254e-01  -8.8789449597513470e-01  -3.7832381464832714e+01   4.1858556516282491e+01
   2.9335233549954254e-01  -8.9080740713950846e-01  -5.2031866856272920e+01   1.6186692206632799e+01
   2.9390259453649842e-01  -8.9371870532864972e-01  -5.1572134242542312e+01  -1.3271402772719794e+01
   2.9445652119491811e-01  -8.9662792795924073e-01  -3.6482016517544096e+01  -3.8693840499424397e+01
   2.9501422551185003e-01  -8.9953468396750791e-01  -1.0695784585361482e+01  -5.3294824457425861e+01
   2.9557577253740047e-01  -9.0243867812832723e-01   1.8973201932938103e+01  -5.3142096143459980e+01
   2.9614117419120600e-01  -9.0533973027259351e-01   4.4634967807149984e+01  -3.8225604580146943e+01
   2.9671038379330988e-01  -9.0823778818288781e-01   5.9426779814064425e+01  -1.2485101607084751e+01
   2.9728329368424788e-01  -9.1113293330396672e-01   5.9357501830377075e+01   1.7220272805033172e+01
   2.9785973617254863e-01  -9.1402537881689783e-01   4.4394782746594409e+01   4.2933265207108477e+01
   2.9843948785350904e-01  -9.1691546006993419e-01   1.8495953898370736e+01   5.7727284100389419e+01
   2.9902227714240848e-01  -9.1980361780973086e-01  -1.1434011338676594e+01   5.7571152689651427e+01
   2.9960779467011389e-01  -9.2269037508670171e-01  -3.7383541499467384e+01   4.2424622089755225e+01
   3.0019570601109508e-01  -9.2557630909253552e-01  -5.2381681368385259e+01   1.6264344484521256e+01
   3.0078566606403651e-01  -9.2846201950306584e-01  -5.2372681160993842e+01  -1.3971304054768064e+01
   3.0137733429293129e-01  -9.3134809512624250e-01  -3.7311007895463831e+01  -4.0236725019259488e+01
   3.0197038996898939e-01  -9.3423508077867379e-01  -1.1180340730729633e+01  -5.5533905028047194e+01
   3.0256454653568110e-01  -9.3712344632633582e-01   1.9068652327622004e+01  -5.5787415918547154e+01
   3.0315956425260643e-01  -9.4001355972375944e-01   4.5375222158633278e+01  -4.0936235347909189e+01
   3.0375526035752737e-01  -9.4290566567564515e-01   6.0720981903063326e+01  -1.4951461615176306e+01
   3.0435151611571182e-01  -9.4579987123662823e-01   6.1002024886230139e+01   1.5221906143573056e+01
   3.0494828029482063e-01  -9.4869613927557939e-01   4.6122862522461105e+01   4.1513981203248349e+01
   3.0554556880264855e-01  -9.5159429028236509e-01   2.0023919333849221e+01   5.6876306687875932e+01
   3.0614346044290541e-01  -9.5449401251283994e-01  -1.0361978562511124e+01   5.7156094598104957e+01
   3.0674208896845540e-01  -9.5739487997998229e-01  -3.6946369092814116e+01   4.2203417684557458e+01
   3.0734163182902424e-01  -9.6029637733391116e-01  -5.2629883495200772e+01   1.5919673028598334e+01
   3.0794229620854946e-01  -9.6319793025857348e-01  -5.3189670070883416e+01  -1.4766172573231030e+01
   3.0854430311424680e-01  -9.6609893967308125e-01  -3.8411421841833125e+01  -4.1726067257738038e+01
   3.0914787040495195e-01  -9.6899881778170849e-01  -1.2164541904017900e+01  -5.7786940439765026e+01
   3.0975319572245574e-01  -9.7189702388390453e-01   1.8605192739074234e+01  -5.8643297165348784e+01
   3.1036044031127225e-01  -9.7479309784332158e-01   4.5706526346180361e+01  -4.4020598262947040e+01
   3.1096971467755352e-01  -9.7768668922508950e-01   6.1878413427345500e+01  -1.7774592891011242e+01
   3.1158106694788140e-01  -9.8057758033821962e-01   6.2734990414030065e+01   1.3109828807481819e+01
   3.1219447464794858e-01  -9.8346570175334880e-01   4.7958506832660966e+01   4.0364273849131244e+01
   3.1280984043706711e-01  -9.8635113928676987e-01   2.1413017680910613e+01   5.6641806784798497e+01
   3.1342699211714564e-01  -9.8923413192630527e-01  -9.8629597536249367e+00   5.7493020948886262e+01
   3.1404568699631347e-01  -9.9211506069565769e-01  -3.7524898335845990e+01   4.2578999779736364e+01
   3.1466562044123930e-01  -9.9499442898140333e-01  -5.4155720566793825e+01   1.5786893414000392e+01
   3.1528643821247787e-01  -9.9787283535021865e-01  -5.5263750831689180e+01  -1.5792058143475986e+01
   3.1590775195770782e-01  -1.0007509403336159e+00  -4.0503210933324297e+01  -4.3753404251931215e+01
   3.1652915705139500e-01  -1.0036294290267418e+00  -1.3782994989171865e+01  -6.0632384709865136e+01
   3.1715025182725404e-01  -1.0065089716141857e+00   1.7769806536761422e+01  -6.1911119965674906e+01
   3.1777065716055131e-01  -1.0093901840827382e+00   4.5714214682060650e+01  -4.7237605445975881e+01
   3.1839003532644622e-01  -1.0122735913986887e+00   6.2554873757799058e+01  -2.0527480661917551e+01
   3.1900810709058142e-01  -1.0151595953131896e+00   6.3749124318120437e+01   1.1078090788738853e+01
   3.1962466607784529e-01  -1.0180484487186194e+00   4.8924049304325457e+01   3.9117226680240030e+01
   3.2023958961005583e-01  -1.0209402381243122e+00   2.1980104633336445e+01   5.6063865332461631e+01
   3.2085284539543096e-01  -1.0238348753709379e+00  -9.9434058032618928e+00   5.7334133150484369e+01
   3.2146449368149393e-01  -1.0267320991841800e+00  -3.8363581443768233e+01   4.2510451597515839e+01
   3.2207468473566497e-01  -1.0296314866095713e+00  -5.5706536470229082e+01   1.5460750451279450e+01
   3.2268365177991037e-01  -1.0325324738033184e+00  -5.7322070691698279e+01  -1.6677733469520273e+01
   3.2329169976243116e-01  -1.0354343851115133e+00  -4.2729044546054659e+01  -4.5382642212702969e+01
   3.2389919058572209e-01  -1.0383364688838352e+00  -1.5761747477796188e+01  -6.3004105458842773e+01
   3.2450652561262261e-01  -1.0412379380664776e+00   1.6425631342241243e+01  -6.4802510364409414e+01
   3.2511412642837068e-01  -1.0441380133264795e+00   4.5240670549775942e+01  -5.0227878807673342e+01
   3.2572241493783038e-01  -1.0470359662939650e+00   6.2930509259367732e+01  -2.3097066142516514e+01
   3.2633179391681266e-01  -1.0499311604805333e+00   6.4656584742454314e+01   9.3887081300016497e+00
   3.2694262911206656e-01  -1.0528230875440912e+00   4.9813167287252135e+01   3.8538092079215602e+01
   3.2755523389713270e-01  -1.0557113968174539e+00   2.2228994516788415e+01   5.6482259575865953e+01
   3.2816985734551213e-01  -1.0585959163867322e+00  -1.0816795768536846e+01   5.8293168835724671e+01
   3.2878667638660503e-01  -1.0614766644754960e+00  -4.0516700032895287e+01   4.3336245374819896e+01
   3.2940579247474439e-01  -1.0643538504355077e+00  -5.8890226350464566e+01   1.5482594391011435e+01
   3.3002723294080349e-01  -1.0672278652331801e+00  -6.0942174425314938e+01  -1.7891968486465306e+01
   3.3065095692431551e-01  -1.0700992619192002e+00  -4.6036767720883816e+01  -4.7865427869546934e+01
   3.3127686551757024e-01  -1.0729687271420305e+00  -1.8105607837902124e+01  -6.6365338062930221e+01
   3.3190481550724610e-01  -1.0758370452808093e+00   1.5379105808668990e+01  -6.8355485350116723e+01
   3.3253463588827126e-01  -1.0787050571991834e+00   4.5397935482537349e+01  -5.3217262337276907e+01
   3.3316614616120460e-01  -1.0815736159332747e+00   6.3809572003871729e+01  -2.4944572287541650e+01
   3.3379917531828518e-01  -1.0844435418055569e+00   6.5552421565952486e+01   8.9074252148546496e+00
   3.3443358038082527e-01  -1.0873155794905569e+00   5.0024985837101219e+01   3.9240257501290735e+01
   3.3506926337462462e-01  -1.0901903594452327e+00   2.1269420145112200e+01   5.7854289674504614e+01
   3.3570618571936056e-01  -1.0930683658624682e+00  -1.3093730280757953e+01   5.9657710050336640e+01
   3.3634437915751231e-01  -1.0959499129244854e+00  -4.3895240075088758e+01   4.4048382534801270e+01
   3.3698395254971780e-01  -1.0988351306460802e+00  -6.2868887224248240e+01   1.5097284228490850e+01
   3.3762509410480912e-01  -1.1017239610335425e+00  -6.4870933006963966e+01  -1.9517336107872588e+01
   3.3826806888008981e-01  -1.1046161646770518e+00  -4.9275636796550287e+01  -5.0543939928029687e+01
   3.3891321166486194e-01  -1.1075113372781960e+00  -2.0173120698398584e+01  -6.9622360361764123e+01
   3.3956091563142943e-01  -1.1104089350265949e+00   1.4688629721814589e+01  -7.1526998274800945e+01
   3.4021161738657685e-01  -1.1133083072159360e+00   4.5945124311238587e+01  -5.5592107836494606e+01
   3.4086577926794720e-01  -1.1162087340617524e+00   6.5106743106119879e+01  -2.5934185182914391e+01
   3.4152386989102773e-01  -1.1191094673773563e+00   6.6843097565972840e+01   9.6000547993668270e+00
   3.4218634405371712e-01  -1.1220097715998667e+00   5.0449969812828122e+01   4.1495817303404230e+01
   3.4285362314039203e-01  -1.1249089626462050e+00   2.0095970956180132e+01   6.1106487958405218e+01
   3.4352607713355704e-01  -1.1278064422212408e+00  -1.6236067342319018e+01   6.2992547217952016e+01
   3.4420400924039130e-01  -1.1307017254896177e+00  -4.8850406694426212e+01   4.6431601506829303e+01
   3.4488764397947180e-01  -1.1335944604428638e+00  -6.8934074663014016e+01   1.5677986819885726e+01
   3.4557711935932917e-01  -1.1364844378198979e+00  -7.0953315405113457e+01  -2.1120431950883859e+01
   3.4627248352793322e-01  -1.1393715910405791e+00  -5.4196728639943736e+01  -5.4077719361960916e+01
   3.4697369599605521e-01  -1.1422559862528143e+00  -2.3030527065566357e+01  -7.4228840548233677e+01
   3.4768063325446491e-01  -1.1451378032344106e+00   1.4224203916072927e+01  -7.5974535640870371e+01
   3.4839309833258170e-01  -1.1480173084922634e+00   4.7505425001037068e+01  -5.8640760595671182e+01
   3.4911083360142042e-01  -1.1508948224254776e+00   6.7723823435231679e+01  -2.6714673874121267e+01
   3.4983353592194422e-01  -1.1537706828320864e+00   6.9239659012179501e+01   1.1322231232222444e+01
   3.5056087309428663e-01  -1.1566452073137354e+00   5.1423710759660622e+01   4.5258227148196205e+01
   3.5129250048338923e-01  -1.1595186572492899e+00   1.8869430142533407e+01   6.5903462973538993e+01
   3.5202807668834085e-01  -1.1623912059568755e+00  -1.9809681206862574e+01   6.7584012890873794e+01
   3.5276727718743939e-01  -1.1652629134438139e+00  -5.4277823804068419e+01   4.9699773671171691e+01
   3.5350980502581741e-01  -1.1681337097656475e+00  -7.5252328505100394e+01   1.6921300083824217e+01
   3.5425539780988730e-01  -1.1710033884987374e+00  -7.7010101458319014e+01  -2.2031705195786742e+01
   3.5500383052147538e-01  -1.1738716112045982e+00  -5.8951029085107379e+01  -5.6706256445111329e+01
   3.5575491394952957e-01  -1.1767379230643398e+00  -2.5796772849435104e+01  -7.7709749396392795e+01
   3.5650848884129493e-01  -1.1796017791297282e+00   1.3633436599987952e+01  -7.9237489129631214e+01
   3.5726441617901389e-01  -1.1824625799178370e+00   4.8751105815623681e+01  -6.0659521927793818e+01
   3.5802256427315082e-01  -1.1853197144137195e+00   7.0018876639648582e+01  -2.6738591074973140e+01
   3.5878279361033555e-01  -1.1881726079823238e+00   7.1517442146330367e+01   1.3590085462090247e+01
   3.5954494058697084e-01  -1.1910207722646353e+00   5.2573846849752911e+01   4.9567468516877582e+01
   3.6030880138408644e-01  -1.1938638538736892e+00   1.8006201151415372e+01   7.1476187287628676e+01
   3.6107411728563682e-01  -1.1967016786349352e+00  -2.3099886031937174e+01   7.3265482059829750e+01
   3.6184056270580467e-01  -1.1995342882423274e+00  -5.9778636483962870e+01   5.4229350326143901e+01
   3.6260773707064192e-01  -1.2023619665254908e+00  -8.2113709810863028e+01   1.9271277134756602e+01
   3.6337516150036181e-01  -1.2051852530308309e+00  -8.3930000451138611e+01  -2.2340743241388015e+01
   3.6414228097067119e-01  -1.2080049422862384e+00  -6.4515108360864531e+01  -5.9419101710594617e+01
   3.6490847230889162e-01  -1.2108220679103281e+00  -2.8886032894573205e+01  -8.1858777065974280e+01
   3.6567305802149030e-01  -1.2136378715997116e+00   1.3495961849211747e+01  -8.3388748351719414e+01
   3.6643532557479308e-01  -1.2164537579326604e+00   5.1235624791238898e+01  -6.3317897892157930e+01
   3.6719455138265250e-01  -1.2192712368117642e+00   7.4070035264790377e+01  -2.6784523448960453e+01
   3.6795002841648544e-01  -1.2220918561791836e+00   7.5659348555827805e+01   1.6576216707222954e+01
   3.6870109606611728e-01  -1.2249171283253548e+00   5.5337214140598995e+01   5.5197915363220062e+01
   3.6944717066374189e-01  -1.2277484536310725e+00   1.8336346270817160e+01   7.8691034716010932e+01
   3.7018777495375654e-01  -1.2305870458977268e+00  -2.5579508746050813e+01   8.0651515931081761e+01
   3.7092256475947832e-01  -1.2334338635057682e+00  -6.4711510017311028e+01   6.0408734084873551e+01
   3.7165135116946713e-01  -1.2362895504846723e+00  -8.8551742857507278e+01   2.3240488998808889e+01
   3.7237411674117282e-01  -1.2391543911796525e+00  -9.0601624179103126e+01  -2.1002879027526586e+01
   3.7309102449146797e-01  -1.2420282815762480e+00  -7.0131613471016180e+01  -6.0498073097311959e+01
   3.7380241880008774e-01  -1.2449107195221305e+00  -3.2415912870462591e+01  -8.4582991318662962e+01
   3.7450881777529876e-01  -1.2478008151069542e+00   1.2621019911569960e+01  -8.6599489014004419e+01
   3.7521089709902811e-01  -1.2506973213768271e+00   5.2994853308683702e+01  -6.5697803581304669e+01
   3.7590946585554691e-01  -1.2535986844287068e+00   7.7817071676262870e+01  -2.7125575101189717e+01
   3.7660543532594820e-01  -1.2565031108151163e+00   8.0196703545946008e+01   1.9085821931540995e+01
   3.7729978217195775e-01  -1.2594086491550491e+00   5.9128352029112179e+01   6.0712972984932314e+01
   3.7799350781008123e-01  -1.2623132819545277e+00   1.9858466699946749e+01   8.6552587407337924e+01
   3.7868759606648622e-01  -1.2652150229452863e+00  -2.7394515642130528e+01   8.9425016980652742e+01
   3.7938297138430799e-01  -1.2681120147983398e+00  -7.0066761477137590e+01   6.8175185469190154e+01
   3.8008045991375322e-01  -1.2710026218940993e+00  -9.6563302527255729e+01   2.8116477265330687e+01
   3.8078075574348735e-01  -1.2738855129508535e+00  -9.9398806186462394e+01  -2.0245144016557500e+01
   3.8148439432854292e-01  -1.2767597287314494e+00  -7.7318968014987021e+01  -6.3918711577591878e+01
   3.8219173484207714e-01  -1.2796247307494253e+00  -3.5797579504600456e+01  -9.0884513014798998e+01
   3.8290295273977715e-01  -1.2824804278499047e+00   1.4279868837810170e+01  -9.3386127718405930e+01
   3.8361804329741761e-01  -1.2853271787013034e+00   5.9447122985553591e+01  -7.0153654137472770e+01
   3.8433683629064302e-01  -1.2881657695419073e+00   8.7274597859178499e+01  -2.6912558389531647e+01
   3.8505902136274101e-01  -1.2909973679116074e+00   8.9799741436991070e+01   2.5015889539640629e+01
   3.8578418300499540e-01  -1.2938234544872673e+00   6.5815068193578881e+01   7.1691009985735008e+01
   3.8651184349048162e-01  -1.2966457364521216e+00   2.1348332745976919e+01   1.0032252999611356e+02
   3.8724151159013331e-01  -1.2994660469882433e+00  -3.1842192804110567e+01   1.0280634352458652e+02
   3.8797273449122871e-01  -1.3022862364160699e+00  -7.9382244237732465e+01   7.8040200304291105e+01
   3.8870515005995881e-01  -1.3051080611555124e+00  -1.0817339748138406e+02   3.2355409478815950e+01
   3.8943853646212928e-01  -1.3079330770029600e+00  -1.1000041799380006e+02  -2.2084853965134190e+01
   3.9017285619221664e-01  -1.3107625431775656e+00  -8.3858553796911394e+01  -7.0508628983375104e+01
   3.9090829176533359e-01  -1.3135973431781132e+00  -3.6348422329899392e+01  -9.9517908071089892e+01
   3.9164527069428079e-01  -1.3164379277179252e+00   1.9990848917461982e+01  -1.0075600950757595e+02
   3.9238447789077602e-01  -1.3192842838996337e+00   6.9982106433006948e+01  -7.3263688922306173e+01
   3.9312685427338612e-01  -1.3221359334035045e+00   9.9874951664559774e+01  -2.3874389557085898e+01
   3.9387358110405440e-01  -1.3249919608587759e+00   1.0109564908866926e+02   3.4482995262038237e+01
   3.9462605037351034e-01  -1.3278510718279672e+00   7.2676141805394508e+01   8.6152690410685551e+01
   3.9538582237168979e-01  -1.3307116780501655e+00   2.1691165635593865e+01   1.1692496426763940e+02
   3.9615457236859203e-01  -1.3335720058577072e+00  -3.8455815155854694e+01   1.1792005948830803e+02
   3.9693402904946162e-01  -1.3364302220984758e+00  -9.1495696566785767e+01   8.8141159543554124e+01
   3.9772590795378721e-01  -1.3392845705561536e+00  -1.2263209426299997e+02   3.4975676052730051e+01
   3.9853184362274929e-01  -1.3421335108459962e+00  -1.2262053303905209e+02  -2.7557401890432928e+01
   3.9935332443348670e-01  -1.3449758511427885e+00  -9.0479141014759804e+01  -8.2424021275532937e+01
   4.0019163416852238e-01  -1.3478108659205659e+00  -3.4041029982479024e+01  -1.1414786818497166e+02
   4.0104780422238584e-01  -1.3506383901788488e+00   3.1893176880172181e+01  -1.1312983066061862e+02
   4.0192257998348002e-01  -1.3534588824018592e+00   8.9398466297128621e+01  -7.8513939257544791e+01
   4.0281640435744070e-01  -1.3562734497251729e+00   1.2228686159469794e+02  -1.8741001141174515e+01
   4.0372942063979406e-01  -1.3590838304231760e+00   1.2067547481859661e+02   5.0466171229547136e+01
   4.0466149603224738e-01  -1.3618923308128461e+00   8.3967222840837238e+01   1.1023091076260683e+02
   4.0561226606929496e-01  -1.3647017159062647e+00   2.1339554385644540e+01   1.4368843427364186e+02
   4.0658119912807728e-01  -1.3675150555318376e+00  -5.0493212735640114e+01   1.4077098879097161e+02
   4.0756767908790476e-01  -1.3703355300664981e+00  -1.1170978093128858e+02   1.0124686210102666e+02
   4.0857110314222983e-01  -1.3731662022571680e+00  -1.4482623132399499e+02   3.5097816695898821e+01
   4.0959099080064515e-01  -1.3760097637381854e+00  -1.3965310930270883e+02  -3.9951981928674449e+01
   4.1062709930410135e-01  -1.3788682666579386e+00  -9.6362022096723635e+01  -1.0314246306643739e+02
   4.1167954005948909e-01  -1.3817428522103896e+00  -2.5757073265039104e+01  -1.3636585810261951e+02
   4.1274889031829237e-01  -1.3846334887414380e+00   5.3395036571602773e+01  -1.2928512162667559e+02
   4.1383629420590129e-01  -1.3875387324046120e+00   1.1931638006042482e+02  -8.2458592326127771e+01
   4.1494354736894878e-01  -1.3904555230400144e+00   1.5315743543791257e+02  -7.5619138459680588e+00
   4.1607315995008587e-01  -1.3933790270381745e+00   1.4433787157441222e+02   7.5439726351977015e+01
   4.1722839331159750e-01  -1.3963025374493878e+00   9.3820396872275410e+01   1.4350596066767434e+02
   4.1841326688637481e-01  -1.3992174395614232e+00   1.4350680325766140e+01   1.7680547709303156e+02
   4.1963253269973078e-01  -1.4021132476735514e+00  -7.2541021601163294e+01   1.6441848360925576e+02
   4.2089161642998951e-01  -1.4049777159460393e+00  -1.4213588336452702e+02   1.0787774029075894e+02
   4.2219652530254215e-01  -1.4077970231243437e+00  -1.7335185850072898e+02   2.1446283188545898e+01
   4.2355372457764001e-01  -1.4105560277628124e+00  -1.5500184717593129e+02  -7.1176584445358344e+01
   4.2496998582980289e-01  -1.4132385874476951e+00  -8.9688901453855451e+01  -1.4308661218771852e+02
   4.2645221155938784e-01  -1.4158279325883603e+00   5.9808105353377305e+00  -1.7183452563353390e+02
   4.2800724186070277e-01  -1.4183070827471331e+00   1.0529200206006577e+02  -1.4643366337544737e+02
   4.2964164983832998e-01  -1.4206592913372362e+00   1.7870464235722591e+02  -7.1566043047179178e+01
   4.3136153316538295e-01  -1.4228685029410657e+00   2.0269782539154744e+02   3.2613356569035702e+01
   4.3317230957702219e-01  -1.4249198065687021e+00   1.6759128588288522e+02   1.3553955018191070e+02
   4.3507852416602866e-01  -1.4267998679419911e+00   8.1697706796739496e+01   2.0513386692656621e+02
   4.3708367608537924e-01  -1.4284973243737007e+00  -3.0024694691964108e+01   2.1805098828883669e+02
   4.3919007167201446e-01  -1.4300031270024363e+00  -1.3301582865088986e+02   1.6793496431049630e+02
   4.4139871010761428e-01  -1.4313108169977014e+00  -1.9401644075817973e+02   6.8563257002841254e+01
   4.4370920656209339e-01  -1.4324167247904811e+00  -1.9229746907321712e+02  -4.9757511028019280e+01
   4.4611975637206402e-01  -1.4333200843103007e+00  -1.2714196479122141e+02  -1.4978432497045958e+02
   4.4862714224885636e-01  -1.4340230574942503e+00  -1.8588044300619586e+01  -1.9975263023675484e+02
   4.5122678485564188e-01  -1.4345306678344916e+00   9.9103866722251865e+01  -1.8413575830472880e+02
   4.5391283541252953e-01  -1.4348506452952581e+00   1.8896662621331831e+02  -1.0877259295432542e+02
   4.5667830735528769e-01  -1.4349931884020322e+00   2.2360494712352303e+02   1.4433036028896680e+00
   4.5951524255864323e-01  -1.4349706525324695e+00   1.9384864436291397e+02   1.1125906647950377e+02
   4.6241490630492754e-01  -1.4347971762794167e+00   1.1096186408865522e+02   1.8680374408537352e+02
   4.6536800409048662e-01  -1.4344882600881290e+00   2.0895519648552288e+00   2.0621178988456663e+02
   4.6836491256237528e-01  -1.4340603130924776e+00  -9.9037139179802296e+01   1.6573515227617455e+02
   4.7139591639961781e-01  -1.4335301851170341e+00  -1.6276726660160358e+02   7.9791460465886914e+01
   4.7445144281545004e-01  -1.4329147011329684e+00  -1.7214353159704578e+02  -2.4506056192414153e+01
   4.7752228556269122e-01  -1.4322302150483290e+00  -1.2706593827622706e+02  -1.1616440522280560e+02
   4.8059981086134457e-01  -1.4314921986033324e+00  -4.3210793839809099e+01  -1.6956281942025410e+02
   4.8367613850866414e-01  -1.4307148793862248e+00   5.3486384874842855e+01  -1.7144459958976481e+02
   4.8674429253659923e-01  -1.4299109396714418e+00   1.3482343058882356e+02  -1.2389298076271757e+02
   4.8979831709781696e-01  -1.4290912850197763e+00   1.7837645981875210e+02  -4.2826166127815029e+01
   4.9283335472850531e-01  -1.4282648884998066e+00   1.7341190626857787e+02   4.7206968381083179e+01
   4.9584568568709003e-01  -1.4274387131333108e+00   1.2325025318958888e+02   1.2025611988214531e+02
   4.9883272863338335e-01  -1.4266177118828332e+00   4.3702174711324481e+01   1.5617617065829481e+02
   5.0179300442347963e-01  -1.4258049013341056e+00  -4.1779247040933122e+01   1.4592699983816249e+02
   5.0472606618686411e-01  -1.4250015023182399e+00  -1.0880598831723931e+02   9.3680491838321259e+01
   5.0763240006525523e-01  -1.4242071381928676e+00  -1.3880549495277882e+02   1.5307665395043806e+01
   5.1051330197871592e-01  -1.4234200794616414e+00  -1.2404797862517604e+02  -6.6263323383378847e+01
   5.1337073650618748e-01  -1.4226375219368992e+00  -6.9649798466473428e+01  -1.2754781999424821e+02
   5.1620718440046709e-01  -1.4218558847921292e+00   7.9707528224540543e+00  -1.5112020503061626e+02
   5.1902548539146554e-01  -1.4210711146300652e+00   8.5786942784935547e+01  -1.3055014616931584e+02
   5.2182868277024896e-01  -1.4202789820998438e+00   1.4075471486846484e+02  -7.2274333903442951e+01
   5.2461987580729286e-01  -1.4194753585938960e+00   1.5648912528143066e+02   6.1826272231939692e+00
   5.2740208537173461e-01  -1.4186564620770574e+00   1.2812370785737804e+02   8.1218648047961651e+01
   5.3017813722484519e-01  -1.4178190630583374e+00   6.3898487517720163e+01   1.3003193291665104e+02
   5.3295056640987637e-01  -1.4169606440033284e+00  -1.7078279492705335e+01   1.3740380514749376e+02
   5.3572154500699043e-01  -1.4160795079833428e+00  -9.0337889851519776e+01   1.0038023606035314e+02
   5.3849283432450068e-01  -1.4151748349403919e+00  -1.3327754620033500e+02   2.9405515746799683e+01
   5.4126576141452265e-01  -1.4142466864891921e+00  -1.3199359992775621e+02  -5.4517864743241972e+01
   5.4404121868802069e-01  -1.4132959625588080e+00  -8.5674820957881224e+01  -1.2588816108032464e+02
   5.4681968441151363e-01  -1.4123243152891434e+00  -7.1956433505814843e+00  -1.6224894005346826e+02
   5.4960126103781937e-01  -1.4113340273498558e+00   8.0344296723581877e+01  -1.5101479024409420e+02
   5.5238572768930616e-01  -1.4103278631707410e+00   1.5019672138076393e+02  -9.3554740446461324e+01
   5.5517260269609425e-01  -1.4093089024163661e+00   1.7979998365027711e+02  -5.2857110999095500e+00
   5.5796121190391257e-01  -1.4082803653817388e+00   1.5763314986334424e+02   8.8336072979493352e+01
   5.6075075850533940e-01  -1.4072454398343854e+00   8.7102899159377401e+01   1.5887393565053713e+02
   5.6354039040106041e-01  -1.4062071182096301e+00  -1.3717735737206610e+01   1.8310083663935947e+02
   5.6632926154126340e-01  -1.4051680530312818e+00  -1.1655495322674221e+02   1.5005847924896008e+02
   5.6911658429930778e-01  -1.4041304370494658e+00  -1.9051826438645452e+02   6.4982227822903297e+01
   5.7190167065148145e-01  -1.4030959129458755e+00  -2.1084904171302742e+02  -5.1126823821056114e+01
   5.7468396073417027e-01  -1.4020655156497224e+00  -1.6649737535778854e+02  -1.6638961260711775e+02
   5.7746303817765954e-01  -1.4010396484348626e+00  -6.4389746061029953e+01  -2.4633127691588714e+02
   5.8023863242812579e-01  -1.4000180921298537e+00   7.1004000454812896e+01  -2.6353600858062873e+02
   5.8301060902357360e-01  -1.3990000450619886e+00   2.0305404978177177e+02  -2.0614836512369297e+02
   5.8577894944718256e-01  -1.3979841898573389e+00   2.9226125207325140e+02  -8.2793583637701033e+01
   5.8854372271141897e-01  -1.3969687820011547e+00   3.0726908061893107e+02   7.7777010445850138e+01
   5.9130505120494781e-01  -1.3959517541783018e+00   2.3472211252267468e+02   2.3275387821846317e+02
   5.9406307354760968e-01  -1.3949308298942833e+00   8.5098485745850951e+01   3.3597082205007769e+02
   5.9681790724179606e-01  -1.3939036397353346e+00  -1.0756785386888046e+02   3.5075224546933794e+02
   5.9956961378625551e-01  -1.3928678338521190e+00  -2.9269114672050290e+02   2.6152554263368302e+02
   6.0231816864438259e-01  -1.3918211848173476e+00  -4.1565238899652741e+02   8.0768331662673333e+01
   6.0506343805497542e-01  -1.3907616758675028e+00  -4.3291249154461923e+02  -1.5121562688848832e+02
   6.0780516416737451e-01  -1.3896875706329999e+00  -3.2572647240646091e+02  -3.7444259101647350e+02
   6.1054295940747694e-01  -1.3885974617190986e+00  -1.0841949126115455e+02  -5.2389577372653582e+02
   6.1327631037201535e-01  -1.3874902968452751e+00   1.7170366449318777e+02  -5.4725472137099155e+02
   6.1600459094181625e-01  -1.3863653826045987e+00   4.4368434727841458e+02  -4.2106832831813176e+02
   6.1872708373551921e-01  -1.3852223671912478e+00   6.2984141030083970e+02  -1.6071254634284674e+02
   6.2144300852513579e-01  -1.3840612045935672e+00   6.6641966693957283e+02   1.7924343217924357e+02
   6.2415155583074278e-01  -1.3828821037029304e+00   5.2269916416913088e+02   5.1532042245641890e+02
   6.2685192362405984e-01  -1.3816854664985507e+00   2.1326539078142045e+02   7.5433882559586277e+02
   6.2954335491311220e-01  -1.3804718199044221e+00  -2.0049191266709406e+02   8.1731087594217036e+02
   6.3222517395822975e-01  -1.3792417460622159e+00  -6.2109161055243271e+02   6.6218884703893218e+02
   6.3489681898089734e-01  -1.3779958156255816e+00  -9.3629435396516385e+02   2.9944985222790115e+02
   6.3755786946183990e-01  -1.3767345282754935e+00  -1.0466277191420545e+03  -2.0418846121240404e+02
   6.4020806646634099e-01  -1.3754582640161954e+00  -8.9273768546641702e+02  -7.3605324020985336e+02
   6.4284732486105078e-01  -1.3741672479827478e+00  -4.7567741384090306e+02  -1.1606503895176443e+03
   6.4547573677074066e-01  -1.3728615305287999e+00   1.3565640759312495e+02  -1.3512324867947091e+03
   6.4809356613636726e-01  -1.3715409833284347e+00   8.1315329055736493e+02  -1.2229079808485380e+03
   6.5070123474720132e-01  -1.3702053111819248e+00   1.3938287007037836e+03  -7.5933944339271102e+02
   6.5329930060020303e-01  -1.3688540782241703e+00   1.7156946153981837e+03  -2.5804200078733007e+01
   6.5588842986231299e-01  -1.3674867463537279e+00   1.6577678172133685e+03   8.3609866989134025e+02
   6.5846936405268119e-01  -1.3661027229790592e+00   1.1750305356665192e+03   1.6329204073694348e+03
   6.6104288430429137e-01  -1.3647014146553345e+00   3.1936103391583634e+02   2.1593380258248171e+03
   6.6360977469582605e-01  -1.3632822828862041e+00  -7.6017962290542300e+02   2.2458492299590125e+03
   6.6617078665990159e-01  -1.3618448983023319e+00  -1.8401138777008746e+03   1.8037163846023450e+03
   6.6872660637417347e-01  -1.3603889896005075e+00  -2.6655528974020631e+03   8.5622730465278607e+02
   6.7127782683551074e-01  -1.3589144840179463e+00  -3.0055454781459621e+03  -4.5255222563136209e+02
   6.7382492601821575e-01  -1.3574215366978424e+00  -2.7091859705890060e+03  -1.8759420248572094e+03
   6.7636825214421192e-01  -1.3559105470354018e+00  -1.7496215617300975e+03  -3.1082685754791346e+03
   6.7890801666903433e-01  -1.3543821609315672e+00  -2.4474758739974104e+02  -3.8464663908270163e+03
   6.8144429513764004e-01  -1.3528372587719970e+00   1.5522274383160466e+03  -3.8574435999284674e+03
   6.8397703561481360e-01  -1.3512769298373275e+00   3.2928926719153269e+03  -3.0367431054310323e+03
   6.8650607397200825e-01  -1.3497024346839883e+00   4.5981795933632657e+03  -1.4449276649346368e+03
   6.8903115493961808e-01  -1.3481151577636596e+00   5.1353346722508149e+03   6.8790072515190332e+02
   6.9155195753131149e-01  -1.3465165531318743e+00   4.6919121568808469e+03   2.9927585192332995e+03
   6.9406812323122780e-01  -1.3449080864992198e+00   3.2311535691238983e+03   5.0236770959198602e+03
   6.9657928521622914e-01  -1.3432911770805811e+00   9.1618063276380269e+02   6.3402228999217614e+03
   6.9908509686901654e-01  -1.3416671426890907e+00  -1.9038276516257267e+03   6.5953310766197674e+03
   7.0158525792271864e-01  -1.3400371513049867e+00  -4.7450285308206421e+03   5.6114021106089849e+03
   7.0407953675674917e-01  -1.3384021819406489e+00  -7.0700662952558150e+03   3.4291825442042455e+03
   7.0656778762520034e-01  -1.3367629970478079e+00  -8.3851258972473825e+03   3.1854102855604134e+02
   7.0904996192607628e-01  -1.3351201280073222e+00  -8.3354606457235714e+03  -3.2529893268959509e+03
   7.1152611299224866e-01  -1.3334738744488168e+00  -6.7815329027471234e+03  -6.6903253323750505e+03
   7.1399639428059436e-01  -1.3318243173146369e+00  -3.8407366538598753e+03  -9.3687518872615492e+03
   7.1646105123107295e-01  -1.3301713447595991e+00   1.1467446704661351e+02  -1.0743251443452767e+04
   7.1892040743950136e-01  -1.3285146892132391e+00   4.5052760787508305e+03  -1.0450082849791615e+04
   7.2137484611526037e-01  -1.3268539732693683e+00   8.6314289455107137e+03  -8.3820407878309525e+03
   7.2382478805977091e-01  -1.3251887615469105e+00   1.1785809240638335e+04  -4.7228139530521858e+03
   7.2627066758894332e-01  -1.3235186153159058e+00   1.3372686675297218e+04   6.7336925563031997e+01
   7.2871290792313492e-01  -1.3218431465225617e+00   1.3013251715282877e+04   5.3138772246161270e+03
   7.3115189757701804e-01  -1.3201620678858264e+00   1.0618174995639652e+04   1.0228933084670665e+04
   7.3358796919989921e-01  -1.3184752359715233e+00   6.4140000862991919e+03   1.4034378785966279e+04
   7.3602138215057611e-01  -1.3167826845644157e+00   9.1798526113252797e+02   1.6086365039913919e+04
   7.3845230985065902e-01  -1.3150846462284134e+00  -5.1348851945643773e+03   1.5980147263903651e+04
   7.4088083266135440e-01  -1.3133815606370982e+00  -1.0900573289165908e+04   1.3617562068760928e+04
   7.4330693668933445e-01  -1.3116740690300868e+00  -1.5552094704567124e+04   9.2262131385944795e+03
   7.4573051856770178e-01  -1.3099629949607730e+00  -1.8402188452460694e+04   3.3280011440618896e+03
   7.4815139589946411e-01  -1.3082493123008063e+00  -1.9002933004533348e+04  -3.3366555569016505e+03
   7.5056932271428212e-01  -1.3065341022106567e+00  -1.7207414723387970e+04  -9.9153975066315215e+03
   7.5298400899385742e-01  -1.3048185014312583e+00  -1.3185632830270759e+04  -1.5563442891502556e+04
   7.5539514308393962e-01  -1.3031036447627495e+00  -7.3947503249006068e+03  -1.9557279941497243e+04
   7.5780241564480810e-01  -1.3013906049440596e+00  -5.1102467419589470e+02  -2.1386142979370012e+04
   7.6020554370604354e-01  -1.2996803333126443e+00   6.6639695850841363e+03  -2.0809773839625024e+04
   7.6260429338973945e-01  -1.2979736045981141e+00   1.3307594130437968e+04  -1.7877199700182380e+04
   7.6499849994823321e-01  -1.2962709689895680e+00   1.8675784864215399e+04  -1.2907555787386085e+04
   7.6738808392248037e-01  -1.2945727142265413e+00   2.2185453702850988e+04  -6.4392612811221843e+03
   7.6977306245535082e-01  -1.2928788399207420e+00   2.3471047471010985e+04   8.4259530090618330e+02
   7.7215355507660455e-01  -1.2911890456511756e+00   2.2411300292423788e+04   8.1892630857190179e+03
   7.7452978359643809e-01  -1.2895027336266733e+00   1.9126644111865269e+04   1.4870668251036512e+04
   7.7690206608337808e-01  -1.2878190259196163e+00   1.3951321994337179e+04   2.0247830408008253e+04
   7.7927080524049819e-01  -1.2861367954868688e+00   7.3866197216621522e+03   2.3828809015007693e+04
   7.8163647181192253e-01  -1.2844547094525169e+00   4.2700268010043658e+01   2.5304663398321758e+04
   7.8399958393142744e-01  -1.2827712824727129e+00  -7.4235786089574449e+03   2.4564757945521040e+04
   7.8636068355096989e-01  -1.2810849374712301e+00  -1.4368480182322024e+04   2.1693043023431572e+04
   7.8872031124681174e-01  -1.2793940706539475e+00  -2.0213983887402410e+04   1.6948492187005508e+04
   7.9107898078599426e-01  -1.2776971175007596e+00  -2.4490000900102779e+04   1.0733645104119312e+04
   7.9343715484222532e-01  -1.2759926164047779e+00  -2.6864602834866855e+04   3.5553065034631918e+03
   7.9579522317809781e-01  -1.2742792667807423e+00  -2.7161861954335185e+04  -4.0189024922444096e+03
   7.9815348446487300e-01  -1.2725559787872447e+00  -2.5367692665936236e+04  -1.1405002159919048e+04
   8.0051213270085930e-01  -1.2708219122811406e+00  -2.1624520262724556e+04  -1.8045524107358673e+04
   8.0287124892727402e-01  -1.2690765032196212e+00  -1.6215831658392703e+04  -2.3448587984339287e+04
   8.0523079864175129e-01  -1.2673194764116389e+00  -9.5418581603732127e+03  -2.7221202406482047e+04
   8.0759063499180128e-01  -1.2655508442568684e+00  -2.0879353758540083e+03  -2.9094946495382028e+04
   8.0995050751150899e-01  -1.2637708918562223e+00   5.6124762204788312e+03  -2.8942387617756729e+04
   8.1231007586287463e-01  -1.2619801495916716e+00   1.3017605516407053e+04  -2.6782989681400966e+04
   8.1466892777512911e-01  -1.2601793549164753e+00   1.9617053409408880e+04  -2.2777940086981067e+04
   8.1702660015590156e-01  -1.2583694056349881e+00   2.4968145578268250e+04  -1.7214248279189418e+04
   8.1938260218911096e-01  -1.2565513073563861e+00   2.8725893369264882e+04  -1.0479522456785060e+04
   8.2173643914401007e-01  -1.2547261180584119e+00   3.0664061721666621e+04  -3.0298262953750573e+03
   8.2408763560222287e-01  -1.2528948927842478e+00   3.0685781125890990e+04   4.6462433202084721e+03
   8.2643575686486470e-01  -1.2510586314156864e+00   2.8823314664861497e+04   1.2063786584143561e+04
   8.2878042742576552e-01  -1.2492182322261871e+00   2.5227802974148417e+04   1.8774815593479427e+04
   8.3112134558150319e-01  -1.2473744535340188e+00   2.0150853713887740e+04   2.4395724093715806e+04
   8.3345829348299216e-01  -1.2455278852723728e+00   1.3920551894870710e+04   2.8627204125247306e+04
   8.3579114220282558e-01  -1.2436789317000247e+00   6.9147503267463781e+03   3.1265875984102619e+04
   8.3811985168157788e-01  -1.2418278058275585e+00  -4.6565083523943656e+02   3.2207934480460310e+04
   8.4044446570813225e-01  -1.2399745354672773e+00  -7.8212359300869657e+03   3.1445945810400957e+04
   8.4276510236712832e-01  -1.2381189801673982e+00  -1.4774952919394065e+04   2.9060441499053308e+04
   8.4508194063523134e-01  -1.2362608576987519e+00  -2.0988674647485735e+04   2.5208105772533967e+04
   8.4739520401330171e-01  -1.2343997782569767e+00  -2.6175481053731131e+04   2.0108171312867966e+04
   8.4970514223269844e-01  -1.2325352841519792e+00  -3.0108186529933464e+04   1.4028220509105609e+04
   8.5201201216297495e-01  -1.2306668924988629e+00  -3.2624838498782308e+04   7.2700712681815558e+03
   8.5431605907103847e-01  -1.2287941383126759e+00  -3.3631838072205479e+04   1.5595504290523547e+02
   8.5661749933808895e-01  -1.2269166154467051e+00  -3.3105055739861578e+04  -6.9851074527732135e+03
   8.5891650563391952e-01  -1.2250340129955541e+00  -3.1088957685302907e+04  -1.3830891866753025e+04
   8.6121319538541141e-01  -1.2231461450972410e+00  -2.7693460329953796e+04  -2.0079506581553826e+04
   8.6350762316766538e-01  -1.2212529724923298e+00  -2.3088108115930871e+04  -2.5462539702571288e+04
   8.6579977740467928e-01  -1.2193546147070786e+00  -1.7493281917439330e+04  -2.9757110500802173e+04
   8.6808958150638338e-01  -1.2174513522908641e+00  -1.1168478490300296e+04  -3.2795853057746564e+04
   8.7037689930533768e-01  -1.2155436191229314e+00  -4.3981704196489209e+03  -3.4473802216943957e+04
   8.7266154440480470e-01  -1.2136319853760826e+00   2.5237682520897492e+03  -3.4751350941494478e+04
   8.7494329282466399e-01  -1.2117171322528868e+00   9.3097391475719396e+03  -3.3652877411259818e+04
   8.7722189814521212e-01  -1.2097998200641797e+00   1.5692753710060575e+04  -3.1261206975970988e+04
   8.7949710821175808e-01  -1.2078808515754245e+00   2.1438137988108232e+04  -2.7708646920229487e+04
   8.8176868238218087e-01  -1.2059610327853916e+00   2.6351724330203313e+04  -2.3165777819602114e+04
   8.8403640827922647e-01  -1.2040411334123218e+00   3.0284201840146874e+04  -1.7829405172076607e+04
   8.8630011704968126e-01  -1.2021218493408981e+00   3.3131881474619688e+04  -1.1911027748315746e+04
   8.8855969623042297e-01  -1.2002037691330882e+00   3.4834619066913190e+04  -5.6268880253570533e+03
   8.9081509947046988e-01  -1.1982873464377870e+00   3.5371934570354482e+04   8.0978763726834757e+02
   8.9306635254892996e-01  -1.1963728797659856e+00   3.4758422056763193e+04   7.1942666685883933e+03
   8.9531355534991464e-01  -1.1944605006526621e+00   3.3039371530072254e+04   1.3333872622865863e+04
   8.9755687969355891e-01  -1.1925501707307697e+00   3.0287178459570212e+04   1.9050309101881816e+04
   8.9979656316333378e-01  -1.1906416877260244e+00   2.6598690829048621e+04   2.4181528724027317e+04
   9.0203289929995101e-01  -1.1887346998734540e+00   2.2093238830774982e+04   2.8583826474523583e+04
   9.0426622473790019e-01  -1.1868287277873197e+00   1.6910801270157488e+04   3.2134561150327379e+04
   9.0649690403067718e-01  -1.1849231924108048e+00   1.1209648334841793e+04   3.4735537023047007e+04
   9.0872531303537729e-01  -1.1830174473534270e+00   5.1628837044926340e+03   3.6316705368373383e+04
   9.1095182180009315e-01  -1.1811108137088311e+00  -1.0464354346035127e+03   3.6839565698764309e+04
   9.1317677791482843e-01  -1.1792026153442079e+00  -7.2315605773510742e+03   3.6299529819806972e+04
   9.1540049124802148e-01  -1.1772922126686520e+00  -1.3209281603698037e+04   3.4726588554616290e+04
   9.1762322089941717e-01  -1.1753790330183744e+00  -1.8807416813297237e+04   3.2183872863299504e+04
   9.1984516506165159e-01  -1.1734625960319438e+00  -2.3871720569242181e+04   2.8764065344627346e+04
   9.2206645430636835e-01  -1.1715425327133155e+00  -2.8271421224578982e+04   2.4584003469618721e+04
   9.2428714860653849e-01  -1.1696185972737201e+00  -3.1902832423115669e+04   1.9778126682367347e+04
   9.2650723818723335e-01  -1.1676906712814528e+00  -3.4690825504731270e+04   1.4491581848777185e+04
   9.2872664807521710e-01  -1.1657587601050785e+00  -3.6588321411274832e+04   8.8737825086664543e+03
   9.3094524600651885e-01  -1.1638229820835493e+00  -3.7574266757151192e+04   3.0730326330537705e+03
   9.3316285316249659e-01  -1.1618835512704273e+00  -3.7650732532527014e+04  -2.7674677251838457e+03
   9.3537925704978042e-01  -1.1599407549552647e+00  -3.6839786504899275e+04  -8.5122388962131063e+03
   9.3759422572630080e-01  -1.1579949274436081e+00  -3.5180656651138670e+04  -1.4035033479385307e+04
   9.3980752251056565e-01  -1.1560464217632056e+00  -3.2727473453690920e+04  -1.9219675490622023e+04
   9.4201892029753165e-01  -1.1540955810485607e+00  -2.9547622516876461e+04  -2.3960682419087985e+04
   9.4422821464212403e-01  -1.1521427113360505e+00  -2.5720523013338443e+04  -2.8164027701278530e+04
   9.4643523485771008e-01  -1.1501880573803063e+00  -2.1336520718713888e+04  -3.1748222737893077e+04
   9.4863985250612715e-01  -1.1482317828885413e+00  -1.6495567160760467e+04  -3.4645695314511460e+04
   9.5084198682001708e-01  -1.1462739562772362e+00  -1.1305439480703644e+04  -3.6804270494310142e+04
   9.5304160678727801e-01  -1.1443145427035437e+00  -5.8794060377211790e+03  -3.8188461780944825e+04
   9.5523872983000147e-01  -1.1423534027339981e+00  -3.3341470636081590e+02  -3.8780273596572893e+04
   9.5743341721428832e-01  -1.1403902976089348e+00   5.2169728040478094e+03  -3.8579295634883056e+04
   9.5962576652091047e-01  -1.1384249006670435e+00   1.0659593622641194e+04  -3.7602009278840778e+04
   9.6181590167858355e-01  -1.1364568141332752e+00   1.5888334946203000e+04  -3.5880386535639482e+04
   9.6400396120189391e-01  -1.1344855901663544e+00   2.0805194186883065e+04  -3.3459999440898355e+04
   9.6619008537667339e-01  -1.1325107548261477e+00   2.5321654782028421e+04  -3.0397936035037899e+04
   9.6837440319150681e-01  -1.1305318334694672e+00   2.9359440665560182e+04  -2.6760817116833936e+04
   9.7055701982211118e-01  -1.1285483760227464e+00   3.2850845037466817e+04  -2.2623126636883095e+04
   9.7273800543565869e-01  -1.1265599806139595e+00   3.5738900457887081e+04  -1.8065930724651149e+04
   9.7491738599757305e-01  -1.1245663141702895e+00   3.7977646153205744e+04  -1.3175905239713495e+04
   9.7709513663916858e-01  -1.1225671287938612e+00   3.9532656838008028e+04  -8.0444649855603420e+03
   9.7927117798861585e-01  -1.1205622730017009e+00   4.0381850930331449e+04  -2.7667278329357900e+03
   9.8144537568937995e-01  -1.1185516972405347e+00   4.0516437466776239e+04   2.5599260219835337e+03
   9.8361754314024985e-01  -1.1165354534420981e+00   3.9941737592218567e+04   7.8378308359293433e+03
   9.8578744730067702e-01  -1.1145136887483738e+00   3.8677566484595729e+04   1.2971518438590087e+04
   9.8795481722536016e-01  -1.1124866338868677e+00   3.6757902243730910e+04   1.7870510125888166e+04
   9.9011935483357749e-01  -1.1104545869926887e+00   3.4229691182794086e+04   2.2452092632315133e+04
   9.9228074729043769e-01  -1.1084178939382212e+00   3.1150812151936920e+04   2.6643703509802530e+04
   9.9443868028660465e-01  -1.1063769264274605e+00   2.7587400506585163e+04   3.0384593296099614e+04
   9.9659285145477294e-01  -1.1043320592295742e+00   2.3610868772513721e+04   3.3626555704031423e+04
   9.9874298315800258e-01  -1.1022836479587934e+00   1.9295021862613870e+04   3.6333691276887716e+04
   1.0008888339264803e+00  -1.1002320087545006e+00   1.4713636094090603e+04   3.8481351211468340e+04
   1.0030302079027200e+00  -1.0981774010803200e+00   9.9387623605604495e+03   4.0054553109414002e+04
   1.0051669617753387e+00  -1.0961200146533658e+00   5.0398526978290192e+03   4.1046236891074281e+04
   1.0072990088308960e+00  -1.0940599612476847e+00   8.3635005818810271e+01   4.1455722424689353e+04
   1.0094263199230857e+00  -1.0919972718061208e+00  -4.8654873233780281e+03   4.1287646016425184e+04
   1.0115489213384303e+00  -1.0899318989615174e+00  -9.7448240672647353e+03   4.0551513484596820e+04
   1.0136668897172043e+00  -1.0878637247314913e+00  -1.4492903233112114e+04   3.9261846739834145e+04
   1.0157803443568769e+00  -1.0857925728315847e+00  -1.9049360939967337e+04   3.7438755449625984e+04
   1.0178894373733487e+00  -1.0837182247683612e+00  -2.3355367221961471e+04   3.5108667207595936e+04
   1.0199943423140110e+00  -1.0816404386439842e+00  -2.7354592985992294e+04   3.2304918592820060e+04
   1.0220952418996707e+00  -1.0795589694403298e+00  -3.0994583599664751e+04   2.9067949902560762e+04
   1.0241923156149664e+00  -1.0774735894633443e+00  -3.4228303210085891e+04   2.5444945761713359e+04
   1.0262857278670543e+00  -1.0753841076218982e+00  -3.7015573327829166e+04   2.1488896309022319e+04
   1.0283756173903578e+00  -1.0732903862897047e+00  -3.9324156717999722e+04   1.7257185943620261e+04
   1.0304620884939568e+00  -1.0711923546491950e+00  -4.1130323517258788e+04   1.2809916236580752e+04
   1.0325452046327925e+00  -1.0690900176330922e+00  -4.2418856452011270e+04   8.2082132029099648e+03
   1.0346249846414672e+00  -1.0669834598495822e+00  -4.3182573798502388e+04   3.5127486123766307e+03
   1.0367014018084508e+00  -1.0648728441838951e+00  -4.3421540684291693e+04  -1.2173705297612280e+03
   1.0387743857987906e+00  -1.0627584050945347e+00  -4.3142179173103897e+04  -5.9252972845244649e+03
   1.0408438272648239e+00  -1.0606404369465352e+00  -4.2356468319439584e+04  -1.0556785430264967e+04
   1.0429095848269054e+00  -1.0585192780279131e+00  -4.1081356797388042e+04  -1.5060314690727944e+04
   1.0449714939689227e+00  -1.0563952911606791e+00  -3.9338415732460366e+04  -1.9387169799237334e+04
   1.0470293772842652e+00  -1.0542688420289357e+00  -3.7153667095257886e+04  -2.3491619331140693e+04
   1.0490830554331412e+00  -1.0521402764911421e+00  -3.4557459795622119e+04  -2.7331274261598024e+04
   1.0511323581358121e+00  -1.0500098982133008e+00  -3.1584247954543294e+04  -3.0867619745520940e+04
   1.0531771345302063e+00  -1.0478779479506843e+00  -2.8272156173449097e+04  -3.4066633209388572e+04
   1.0552172622660889e+00  -1.0457445857184198e+00  -2.4662283847533705e+04  -3.6899350757834618e+04
   1.0572526547883703e+00  -1.0436098769311888e+00  -2.0797783819192522e+04  -3.9342235841887006e+04
   1.0592832663744831e+00  -1.0414737833690340e+00  -1.6722825935433288e+04  -4.1377240533397540e+04
   1.0613090946279848e+00  -1.0393361595530102e+00  -1.2481602293096374e+04  -4.2991519810822669e+04
   1.0633301802844692e+00  -1.0371967548072734e+00  -8.1175356497432940e+03  -4.4176843948703623e+04
   1.0653466043473319e+00  -1.0350552209612345e+00  -3.6728139994194248e+03  -4.4928831021225429e+04
   1.0673584827302514e+00  -1.0329111253253662e+00   8.1169808403393552e+02  -4.5246170545457804e+04
   1.0693659587312228e+00  -1.0307639682757823e+00   5.2962094236497433e+03  -4.5130017341392821e+04
   1.0713691937907330e+00  -1.0286132045229122e+00   9.7415349440437767e+03  -4.4583698570473549e+04
   1.0733683570870785e+00  -1.0264582669335207e+00   1.4108589705821694e+04  -4.3612803959324141e+04
   1.0753636145888623e+00  -1.0242985916342950e+00   1.8358039025999668e+04  -4.2225636240364322e+04
   1.0773551182148848e+00  -1.0221336430573593e+00   2.2450269127180134e+04  -4.0433907411520522e+04
   1.0793429957431793e+00  -1.0199629375966037e+00   2.6345771769785224e+04  -3.8253499167916845e+04
   1.0813273420647305e+00  -1.0177860646276848e+00   3.0005940629949328e+04  -3.5705079622660109e+04
   1.0833082122962612e+00  -1.0156027037987843e+00   3.3394179398210610e+04  -3.2814390723966128e+04
   1.0852856171553964e+00  -1.0134126377139403e+00   3.6477145453694939e+04  -2.9612087087711781e+04
   1.0872595208671687e+00  -1.0112157593935331e+00   3.9225917115266559e+04  -2.6133101481836107e+04
   1.0892298417212756e+00  -1.0090120741915212e+00   4.1616885599855217e+04  -2.2415612079602772e+04
   1.0911964552434616e+00  -1.0068016961590300e+00   4.3632231034171033e+04  -1.8499767485820033e+04
   1.0931591997912293e+00  -1.0045848391510623e+00   4.5259929973239123e+04  -1.4426368420840319e+04
   1.0951178842426113e+00  -1.0023618032595352e+00   4.6493337453271539e+04  -1.0235700918959421e+04
   1.0970722973251847e+00  -1.0001329574053923e+00   4.7330466149099339e+04  -5.9666683350978601e+03
   1.0990222180379992e+00  -9.9789871912117456e-01   4.7773130577183787e+04  -1.6562926730605243e+03
   1.1009674265568727e+00  -9.9565953269209639e-01   4.7826127083909814e+04   2.6604294476771101e+03
   1.1029077149871847e+00  -9.9341584689146489e-01   4.7496583544586567e+04   6.9504030174458721e+03
   1.1048428973390934e+00  -9.9116809354179936e-01   4.6793549244824731e+04   1.1182172550110070e+04
   1.1067728181473491e+00  -9.8891666805762779e-01   4.5727823532850220e+04   1.5325656859807277e+04
   1.1086973592385150e+00  -9.8666191298483286e-01   4.4311960642869664e+04   1.9351987087132962e+04
   1.1106164442576332e+00  -9.8440410535379108e-01   4.2560351845629222e+04   2.3233502161838296e+04
   1.1125300406976784e+00  -9.8214344842149381e-01   4.0489281615067099e+04   2.6943896253786737e+04
   1.1144381593207704e+00  -9.7988006810647721e-01   3.8116879777099777e+04   3.0458462126950897e+04
   1.1163408510114909e+00  -9.7761401413569771e-01   3.5462937338217846e+04   3.3754345559854723e+04
   1.1182382012510188e+00  -9.7534526564177504e-01   3.2548605695278162e+04   3.6810725355546499e+04
   1.1201303225375203e+00  -9.7307374068862118e-01   2.9396042512319113e+04   3.9608859691055288e+04
   1.1220173451954067e+00  -9.7079930897868671e-01   2.6028090507682238e+04   4.2131984267581378e+04
   1.1238994071070791e+00  -9.6852180681882494e-01   2.2468071451821266e+04   4.4365097958908096e+04
   1.1257766429605147e+00  -9.6624105330392662e-01   1.8739747676829145e+04   4.6294713038509886e+04
   1.1276491736311178e+00  -9.6395686662454716e-01   1.4867455183985037e+04   4.7908667405696608e+04
   1.1295170963055678e+00  -9.6166907941901603e-01   1.0876359019006135e+04   4.9196088786487031e+04
   1.1313804759097150e+00  -9.5937755217055032e-01   6.7927378485420950e+03   5.0147566304079031e+04
   1.1332393383248165e+00  -9.5708218379017096e-01   2.6441834248276059e+03   5.0755530994430686e+04
   1.1350936657711921e+00  -9.5478291871768595e-01  -1.5403907528335303e+03   5.1014787713865662e+04
   1.1369433946122145e+00  -9.5247975010377461e-01  -5.7309993884149280e+03   5.0923092026414168e+04
   1.1387884156915207e+00  -9.5017271889188026e-01  -9.8971030716512232e+03   5.0481640920382437e+04
   1.1406285771710993e+00  -9.4786190888369859e-01  -1.4008337849099024e+04   4.9695353423053079e+04
   1.1424636896954552e+00  -9.4554743813032494e-01  -1.8035346257220514e+04   4.8572855599266208e+04
   1.1442935335759596e+00  -9.4322944722708890e-01  -2.1950569481762082e+04   4.7126145381516784e+04
   1.1461178675770711e+00  -9.4090808528953362e-01  -2.5728863148388562e+04   4.5369981255590013e+04
   1.1479364387987989e+00  -9.3858349453902123e-01  -2.9347834348321721e+04   4.3321097938165673e+04
   1.1497489930923270e+00  -9.3625579452012098e-01  -3.2787856328800357e+04   4.0997387774124087e+04
   1.1515552854213840e+00  -9.3392506700272715e-01  -3.6031785240830148e+04   3.8417190071053228e+04
   1.1533550895916689e+00  -9.3159134258811893e-01  -3.9064464209846454e+04   3.5598802215837408e+04
   1.1551482068136596e+00  -9.2925458994201315e-01  -4.1872139688224430e+04   3.2560273725493880e+04
   1.1569344726376602e+00  -9.2691470842493162e-01  -4.4441925285125224e+04   2.9319480681204397e+04
   1.1587137618993804e+00  -9.2457152469016368e-01  -4.6761428027650451e+04   2.5894418374976307e+04
   1.1604859914336805e+00  -9.2222479358416865e-01  -4.8818607660180089e+04   2.2303607991281686e+04
   1.1622511204463064e+00  -9.1987420342755177e-01  -5.0601882516214537e+04   1.8566497205350250e+04
   1.1640091485704787e+00  -9.1751938549203904e-01  -5.2100439596584503e+04   1.4703746863307148e+04
   1.1657601117692571e+00  -9.1515992723571760e-01  -5.3304664557316668e+04   1.0737331817963031e+04
   1.1675040763677529e+00  -9.1279538863031973e-01  -5.4206588188597321e+04   6.6904336726622832e+03
   1.1692411316043521e+00  -9.1042532072388793e-01  -5.4800252945351640e+04   2.5871540689522058e+03
   1.1709713811713689e+00  -9.0804928544114472e-01  -5.5081932728915854e+04  -1.5478832103208817e+03
   1.1726949342681428e+00  -9.0566687554051772e-01  -5.5050183010532754e+04  -5.6899537872451665e+03
   1.1744118967109889e+00  -9.0327773362603370e-01  -5.4705744531248689e+04  -9.8145953560050002e+03
   1.1761223626333832e+00  -9.0088156915535200e-01  -5.4051360032017757e+04  -1.3897855775968932e+04
   1.1778264072674105e+00  -8.9847817248962369e-01  -5.3091580482752608e+04  -1.7916411488194222e+04
   1.1795240812265444e+00  -8.9606742519049842e-01  -5.1832630932373191e+04  -2.1847583884738484e+04
   1.1812154066146461e+00  -8.9364930597520509e-01  -5.0282378759670413e+04  -2.5669314047494783e+04
   1.1829003751725593e+00  -8.9122389198020269e-01  -4.8450406767486144e+04  -2.9360169804155605e+04
   1.1845789485485949e+00  -8.8879135524363773e-01  -4.6348152036539279e+04  -3.2899449437523857e+04
   1.1862510606501493e+00  -8.8635195458165339e-01  -4.3989040761285367e+04  -3.6267416212593322e+04
   1.1879166219082089e+00  -8.8390602328824175e-01  -4.1388538569490091e+04  -3.9445655583950545e+04
   1.1895755251720432e+00  -8.8145395331825327e-01  -3.8564048596878762e+04  -4.2417504397364508e+04
   1.1912276528547272e+00  -8.7899617680518549e-01  -3.5534622826330582e+04  -4.5168470610645061e+04
   1.1928728848766599e+00  -8.7653314590864206e-01  -3.2320497291194832e+04  -4.7686551910780443e+04
   1.1945111069084684e+00  -8.7406531207285965e-01  -2.8942506692268311e+04  -4.9962375240072608e+04
   1.1961422183988828e+00  -8.7159310580281868e-01  -2.5421467036887367e+04  -5.1989113567402863e+04
   1.1977661398881907e+00  -8.6911691802698821e-01  -2.1777627414409417e+04  -5.3762182615175538e+04
   1.1993828191527707e+00  -8.6663708401830875e-01  -1.8030280853609591e+04  -5.5278767226050681e+04
   1.2009922357979352e+00  -8.6415387069349825e-01  -1.4197592113593488e+04  -5.6537262964331865e+04
   1.2025944040106968e+00  -8.6166746791421156e-01  -1.0296655348273534e+04  -5.7536735276459782e+04
   1.2041893732952520e+00  -8.5917798418364688e-01  -6.3437474813939152e+03  -5.8276492159561822e+04
   1.2057772271354097e+00  -8.5668544688217974e-01  -2.3547049639872953e+03  -5.8755839312725977e+04
   1.2073580796525134e+00  -8.5418980693014168e-01   1.6546693322934918e+03  -5.8974045807671995e+04
   1.2089320704474227e+00  -8.5169094751951746e-01   5.6682618850992485e+03  -5.8930503335323410e+04
   1.2104993579234786e+00  -8.4918869633324046e-01   9.6694390019993098e+03  -5.8625023574624342e+04
   1.2120601114780314e+00  -8.4668284048349507e-01   1.3641008736008145e+04  -5.8058194444593202e+04
   1.2136145030174472e+00  -8.4417314325934045e-01   1.7565349946767019e+04  -5.7231711905996621e+04
   1.2151626982908936e+00  -8.4165936168679067e-01   2.1424667420424092e+04  -5.6148619255099868e+04
   1.2167048485490946e+00  -8.3914126387560106e-01   2.5201307952311905e+04  -5.4813415966583154e+04
   1.2182410830153247e+00  -8.3661864515750062e-01   2.8878066282446423e+04  -5.3232034834920625e+04
   1.2197715026081331e+00  -8.3409134210802560e-01   3.2438422330647583e+04  -5.1411719832939714e+04
   1.2212961752818001e+00  -8.3155924368276635e-01   3.5866678192021973e+04  -4.9360859221165127e+04
   1.2228151332554535e+00  -8.2902229888011847e-01   3.9147996987136336e+04  -4.7088833514499944e+04
   1.2243283722910634e+00  -8.2648052055548116e-01   4.2268376427566276e+04  -4.4605925137275684e+04
   1.2258358530604274e+00  -8.2393398524354777e-01   4.5214609319879273e+04  -4.1923310106395998e+04
   1.2273375045190873e+00  -8.2138282908214888e-01   4.7974285700442204e+04  -3.9053119570546478e+04
   1.2288332290879600e+00  -8.1882724015916331e-01   5.0535876371646409e+04  -3.6008530200117712e+04
   1.2303229093381012e+00  -8.1626744781006644e-01   5.2888909413542438e+04  -3.2803825576968215e+04
   1.2318064157868172e+00  -8.1370370956594673e-01   5.5024217947910642e+04  -2.9454371179024321e+04
   1.2332836153491524e+00  -8.1113629658056174e-01   5.6934208514432481e+04  -2.5976463520911013e+04
   1.2347543799514225e+00  -8.0856547844320126e-01   5.8613083260920757e+04  -2.2387044923207704e+04
   1.2362185948050795e+00  -8.0599150830770572e-01   6.0056950758706087e+04  -1.8703311084573401e+04
   1.2376761658601645e+00  -8.0341460923623642e-01   6.1263779589851678e+04  -1.4942269495345157e+04
   1.2391270260065843e+00  -8.0083496257179765e-01   6.2233181460932828e+04  -1.1120324574490156e+04
   1.2405711396657202e+00  -7.9825269902157625e-01   6.2966048199429082e+04  -7.2529652908618900e+03
   1.2420085055097225e+00  -7.9566789296233309e-01   6.3464100394348308e+04  -3.3546127791801737e+03
   1.2434391571559951e+00  -7.9308056027975604e-01   6.3729426436106034e+04   5.6134664404677858e+02
   1.2448631618031480e+00  -7.9049065983803302e-01   6.3764094118424910e+04   4.4823559726875756e+03
   1.2462806168952170e+00  -7.8789809845689662e-01   6.3569902338160449e+04   8.3963578897585521e+03
   1.2476916450161863e+00  -7.8530273906395265e-01   6.3148311131485752e+04   1.2291413928907294e+04
   1.2490963873200931e+00  -7.8270441150274128e-01   6.2500551408735701e+04   1.6155353464138689e+04
   1.2504949958871532e+00  -7.8010292532239167e-01   6.1627879758270858e+04   1.9975523907765521e+04
   1.2518876254586988e+00  -7.7749808376199636e-01   6.0531916700771697e+04   2.3738688714084830e+04
   1.2532744250393750e+00  -7.7488969807810959e-01   5.9214994740729388e+04   2.7431086088113778e+04
   1.2546555298623325e+00  -7.7227760135050871e-01   5.7680447341261613e+04   3.1038626680014069e+04
   1.2560310541913595e+00  -7.6966166093991617e-01   5.5932790120986385e+04   3.4547181237194432e+04
   1.2574010853845616e+00  -7.6704178885890473e-01   5.3977775171225599e+04   3.7942895204979199e+04
   1.2587656795702455e+00  -7.6441794944810570e-01   5.1822331106847909e+04   4.1212469505016983e+04
   1.2601248591911975e+00  -7.6179016391591692e-01   4.9474426987784522e+04   4.4343363736826323e+04
   1.2614786125644490e+00  -7.5915851149092550e-01   4.6942911380311532e+04   4.7323904768341417e+04
   1.2628268954859061e+00  -7.5652312714063596e-01   4.4237375639819977e+04   5.0143312582047525e+04
   1.2641696347899789e+00  -7.5388419601548762e-01   4.1368074137638090e+04   5.2791678257018670e+04
   1.2655067336603758e+00  -7.5124194497131425e-01   3.8345908792092669e+04   5.5259939861675579e+04
   1.2668380783860722e+00  -7.4859663169478496e-01   3.5182458397987146e+04   5.7539897910821353e+04
   1.2681635461722647e+00  -7.4594853209494094e-01   3.1890012863339365e+04   5.9624294346366623e+04
   1.2694830135543367e+00  -7.4329792672169193e-01   2.8481564606080348e+04   6.1506952933965622e+04
   1.2707963649273923e+00  -7.4064508702344944e-01   2.4970716645174249e+04   6.3182952280347279e+04
   1.2721035006965615e+00  -7.3799026225835396e-01   2.1371487502549186e+04   6.4648783070266472e+04
   1.2734043445743979e+00  -7.3533366782692366e-01   1.7698021558817905e+04   6.5902434773061119e+04
   1.2746988496002105e+00  -7.3267547570163183e-01   1.3964242073757639e+04   6.6943365938924471e+04
   1.2759870025289684e+00  -7.3001580749676687e-01   1.0183505057448992e+04   6.7772334854874585e+04
   1.2772688263304812e+00  -7.2735473055813771e-01   6.3683195533868875e+03   6.8391097797878756e+04
   1.2785443806474019e+00  -7.2469225726682585e-01   2.5301915045163360e+03   6.8802013276990765e+04
   1.2798137601769539e+00  -7.2202834755554601e-01  -1.3203742151819424e+03   6.9007614292432714e+04
   1.2810770910595277e+00  -7.1936291444206457e-01  -5.1737104950244939e+03   6.9010221231231655e+04
   1.2823345254706033e+00  -7.1669583220322430e-01  -9.0206933588047232e+03   6.8811662653822845e+04
   1.2835862347143130e+00  -7.1402694665623678e-01  -1.2852372904483902e+04   6.8413151153712126e+04
   1.2848324012016217e+00  -7.1135608689034024e-01  -1.6659601394809142e+04   6.7815331353205300e+04
   1.2860732097587260e+00  -7.0868307770893568e-01  -2.0432729291690572e+04   6.7018483656136799e+04
   1.2873088387484104e+00  -7.0600775200468868e-01  -2.4161424164420714e+04   6.6022838305906858e+04
   1.2885394514965678e+00  -7.0332996229989253e-01  -2.7834640372875911e+04   6.4828935993040999e+04
   1.2897651884976735e+00  -7.0064959074073363e-01  -3.1440735590450004e+04   6.3437967377185865e+04
   1.2909861608276756e+00  -6.9796655693347776e-01  -3.4967701079350758e+04   6.1852035039956310e+04
   1.2922024451232694e+00  -6.9528082314675510e-01  -3.8403452833088624e+04   6.0074304230529830e+04
   1.2934140803970375e+00  -6.9259239656871185e-01  -4.1736124509191155e+04   5.8109037254862495e+04
   1.2946210668535079e+00  -6.8990132849081653e-01  -4.4954311479024029e+04   5.5961533442889209e+04
   1.2958233667580306e+00  -6.8720771048042062e-01  -4.8047235377319885e+04   5.3638015270167431e+04
   1.2970209072947521e+00  -6.8451166779027295e-01  -5.1004824582286594e+04   5.1145507175484825e+04
   1.2982135852388477e+00  -6.8181335042383329e-01  -5.3817730612516956e+04   4.8491745613700186e+04
   1.2994012731675229e+00  -6.7911292242026078e-01  -5.6477317000132731e+04   4.5685140094607443e+04
   1.3005838268500405e+00  -6.7641055003347683e-01  -5.8975661010365991e+04   4.2734780780611720e+04
   1.3017610933938599e+00  -6.7370638954931328e-01  -6.1305599048962249e+04   3.9650466235418229e+04
   1.3029329196852542e+00  -6.7100057550919801e-01  -6.3460826648238712e+04   3.6442711620746304e+04
   1.3040991606507653e+00  -6.6829321008664033e-01  -6.5436039487570779e+04   3.3122697132958121e+04
   1.3052596868808219e+00  -6.6558435429543783e-01  -6.7227080353160403e+04   2.9702129293247632e+04
   1.3064143911980839e+00  -6.6287402159998010e-01  -6.8831044771740271e+04   2.6193010492162961e+04
   1.3075631938176406e+00  -6.6016217435482716e-01  -7.0246299130220577e+04   2.2607338741121679e+04
   1.3087060458306079e+00  -6.5744872333149684e-01  -7.1472379749071872e+04   1.8956782646088315e+04
   1.3098429308416077e+00  -6.5473353040517113e-01  -7.2509766235931456e+04   1.5252389762795656e+04
   1.3109738646986044e+00  -6.5201641428392809e-01  -7.3359551235555744e+04   1.1504385814387186e+04
   1.3120988933638988e+00  -6.4929715897943874e-01  -7.4023054386400443e+04   7.7221074991998630e+03
   1.3132180890819318e+00  -6.4657552455181411e-01  -7.4501444181709419e+04   3.9140859569613699e+03
   1.3143315450961457e+00  -6.4385125952231403e-01  -7.4795433697237357e+04   8.8267410512867002e+01
   1.3154393692484712e+00  -6.4112411424424820e-01  -7.4905103713678312e+04  -3.7476708572030839e+03
   1.3165416768562261e+00  -6.3839385446074592e-01  -7.4829882705880431e+04  -7.5859705366079406e+03
   1.3176385832988409e+00  -6.3566027426185034e-01  -7.4568682652657721e+04  -1.1418475883455752e+04
   1.3187301967590639e+00  -6.3292320768356880e-01  -7.4120159891496995e+04  -1.5236409956609758e+04
   1.3198166115493444e+00  -6.3018253826635851e-01  -7.3483047706148704e+04  -1.9030281558391602e+04
   1.3208979024151053e+00  -6.2743820600564548e-01  -7.2656497420115877e+04  -2.2789932422341473e+04
   1.3219741201448976e+00  -6.2469021127557955e-01  -7.1640368774188508e+04  -2.6504704880064248e+04
   1.3230452887367610e+00  -6.2193861548065965e-01  -7.0435427715353027e+04  -3.0163687181632693e+04
   1.3241114042752946e+00  -6.1918353837784090e-01  -6.9043434825768010e+04  -3.3755981955891933e+04
   1.3251724355705705e+00  -6.1642515220334182e-01  -6.7467134715472581e+04  -3.7270945549173128e+04
   1.3262283265042165e+00  -6.1366367292231383e-01  -6.5710178448284380e+04  -4.0698360948302026e+04
   1.3272789999259325e+00  -6.1089934908510024e-01  -6.3777022009373315e+04  -4.4028530164296695e+04
   1.3283243628513497e+00  -6.0813244891134188e-01  -6.1672841702162172e+04  -4.7252296851845815e+04
   1.3293643126349481e+00  -6.0536324632470206e-01  -5.9403493063974463e+04  -5.0361029483245671e+04
   1.3303987437340983e+00  -6.0259200672062230e-01  -5.6975518126465613e+04  -5.3346604278702231e+04
   1.3314275546456076e+00  -5.9981897326388844e-01  -5.4396183073295375e+04  -5.6201422879840204e+04
   1.3324506545864288e+00  -5.9704435448118187e-01  -5.1673511536525286e+04  -5.8918483893089273e+04
   1.3334679695058995e+00  -5.9426831383817602e-01  -4.8816273092174524e+04  -6.1491504692428098e+04
   1.3344794470571812e+00  -5.9149096187561079e-01  -4.5833893939715992e+04  -6.3915067007059508e+04
   1.3354850602180230e+00  -5.8871235133107025e-01  -4.2736275430670488e+04  -6.6184743515203125e+04
   1.3364848093320021e+00  -5.8593247550148619e-01  -3.9533531422169035e+04  -6.8297158376206906e+04
   1.3374787224361482e+00  -5.8315126991593225e-01  -3.6235680041974898e+04  -7.0249943603812993e+04
   1.3384668538440263e+00  -5.8036861719977462e-01  -3.2852342992656158e+04  -7.2041574079212398e+04
   1.3394492810586431e+00  -5.7758435483081394e-01  -2.9392510741567330e+04  -7.3671091507294390e+04
   1.3404261001911009e+00  -5.7479828532602173e-01  -2.5864423041047179e+04  -7.5137754915888800e+04
   1.3413974201526335e+00  -5.7201018826332684e-01  -2.2275593009981829e+04  -7.6440675738662889e+04
   1.3423633559641672e+00  -5.6921983344414095e-01  -1.8632974092891534e+04  -7.7578503444940754e+04
   1.3433240215845104e+00  -5.6642699444461508e-01  -1.4943239560927188e+04  -7.8549221424173797e+04
   1.3442795226920503e+00  -5.6363146178992241e-01  -1.1213120525225266e+04  -7.9350092991175974e+04
   1.3452299498636608e+00  -5.6083305501685776e-01  -7.4497364226703321e+03  -7.9977768818944824e+04
   1.3461753725774344e+00  -5.5803163296338609e-01  -3.6608542908591089e+03  -8.0428536078943522e+04
   1.3471158344240488e+00  -5.5522710173502510e-01   1.4497071216592676e+02  -8.0698663164645230e+04
   1.3480513498469389e+00  -5.5241941994013988e-01   3.9583950386229758e+03  -8.0784778036021627e+04
   1.3489819026479348e+00  -5.4960860095087971e-01   7.7694185132817656e+03  -8.0684216532718696e+04
   1.3499074463968561e+00  -5.4679471212357800e-01   1.1567613656124800e+04  -8.0395289147661882e+04
   1.3508279067766269e+00  -5.4397787109154183e-01   1.5342401481261695e+04  -7.9917437565982473e+04
   1.3517431857854372e+00  -5.4115823941352670e-01   1.9083319476138964e+04  -7.9251279676053542e+04
   1.3526531676107529e+00  -5.3833601401288578e-01   2.2780237824759755e+04  -7.8398566283232518e+04
   1.3535577258924558e+00  -5.3551141696646420e-01   2.6423500563091238e+04  -7.7362088619525457e+04
   1.3544567320095953e+00  -5.3268468429161209e-01   3.0003993120633586e+04  -7.6145578691296381e+04
   1.3553500639619154e+00  -5.2985605442915451e-01   3.3513159482923031e+04  -7.4753634574213196e+04
   1.3562376153770530e+00  -5.2702575712707611e-01   3.6943004803662843e+04  -7.3191683362290467e+04
   1.3571193041594027e+00  -5.2419400339395672e-01   4.0286119231366756e+04  -7.1465971808465503e+04
   1.3579950803081153e+00  -5.2136097711525120e-01   4.3535746120367090e+04  -6.9583555655115881e+04
   1.3588649324689712e+00  -5.1852682881411727e-01   4.6685896631421288e+04  -6.7552249478272410e+04
   1.3597288928459546e+00  -5.1569167189868470e-01   4.9731489239263741e+04  -6.5380502405791813e+04
   1.3605870401800932e+00  -5.1285558157783873e-01   5.2668474031921811e+04  -6.3077180983032180e+04
   1.3614395006009692e+00  -5.1001859645777059e-01   5.5493893666882737e+04  -6.0651264572701119e+04
   1.3622864462650703e+00  -5.0718072266178582e-01   5.8205838287263883e+04  -5.8111484495064695e+04
   1.3631280918089332e+00  -5.0434194015668132e-01   6.0803270030955820e+04  -5.5465958834800607e+04
   1.3639646887575898e+00  -5.0150221082992041e-01   6.3285719555676995e+04  -5.2721884391527608e+04
   1.3647965181342820e+00  -4.9866148775128749e-01   6.5652886077348870e+04  -4.9885343011221928e+04
   1.3656238816098449e+00  -4.9581972497739296e-01   6.7904196518477271e+04  -4.6961261778378765e+04
   1.3664470916048812e+00  -4.9297688722187333e-01   7.0038392657179531e+04  -4.3953539194495723e+04
   1.3672664608107159e+00  -4.9013295872054263e-01   7.2053214200047660e+04  -4.0865318563567722e+04
   1.3680822916234960e+00  -4.8728795066880132e-01   7.3945230529121822e+04  -3.7699362383062573e+04
   1.3688948659882034e+00  -4.8444190669535320e-01   7.5709847631966957e+04  -3.4458463657416512e+04
   1.3697044361258597e+00  -4.8159490595667087e-01   7.7341485125114836e+04  -3.1145825640277795e+04
   1.3705112165692168e+00  -4.7874706358337898e-01   7.8833888487830525e+04  -2.7765351495859923e+04
   1.3713153778624572e+00  -4.7589852837409879e-01   8.0180519897195933e+04  -2.4321807086244386e+04
   1.3721170421928595e+00  -4.7304947780442186e-01   8.1374962341011866e+04  -2.0820848439089161e+04
   1.3729162811217988e+00  -4.7020011058825256e-01   8.2411277241852978e+04  -1.7268933477312137e+04
   1.3737131154743716e+00  -4.6735063718556591e-01   8.3284274028059241e+04  -1.3673158712288639e+04
   1.3745075173373289e+00  -4.6450126878522147e-01   8.3989675491356014e+04  -1.0041070781314487e+04
   1.3752994140095864e+00  -4.6165220539565471e-01   8.4524189086613551e+04  -6.3804983245263538e+03
   1.3760886936542118e+00  -4.5880362374368094e-01   8.4885513962258250e+04  -2.6994334615754028e+03
   1.3768752123202763e+00  -4.5595566570803087e-01   8.5072322137120573e+04   9.9403070926824171e+02
   1.3776588019415874e+00  -4.5310842799777412e-01   8.5084247427923561e+04   4.6917228163414902e+03
   1.3784392788800497e+00  -4.5026195372716649e-01   8.4921900179270771e+04   8.3854079660390198e+03
   1.3792164525661472e+00  -4.4741622644087492e-01   8.4586904227242645e+04   1.2066830352085824e+04
   1.3799901337981344e+00  -4.4457116701241878e-01   8.4081932133104463e+04   1.5727810601962999e+04
   1.3807601422942237e+00  -4.4172663368149823e-01   8.3410702159691748e+04   1.9360405554920650e+04
   1.3815263131460473e+00  -4.3888242532165184e-01   8.2577899666431025e+04   2.2957114326467145e+04
   1.3822885018937845e+00  -4.3603828784836213e-01   8.1588997960938839e+04   2.6511093149982691e+04
   1.3830465880290532e+00  -4.3319392349982772e-01   8.0449975735836153e+04   3.0016329003025956e+04
   1.3838004768262808e+00  -4.3034900255832687e-01   7.9166954627152329e+04   3.3467722535577348e+04
   1.3845500995009719e+00  -4.2750317693898809e-01   7.7745804048211503e+04   3.6861044923810747e+04
   1.3852954117889293e+00  -4.2465609496297935e-01   7.6191774672904139e+04   4.0192757867980508e+04
   1.3860363911282825e+00  -4.2180741656002535e-01   7.4509222956088808e+04   4.3459715321234828e+04
   1.3867730327016803e+00  -4.1895682811498125e-01   7.2701475898440418e+04   4.6658792542270945e+04
   1.3875053446546679e+00  -4.1610405618672580e-01   7.0770860508788057e+04   4.9786506052492390e+04
   1.3882333428453548e+00  -4.1324887938416488e-01   6.8718891850982036e+04   5.2838692711364602e+04
   1.3889570454977125e+00  -4.1039113778051772e-01   6.6546583900255995e+04   5.5810306004565980e+04
   1.3896764681256384e+00  -4.0753073937782819e-01   6.4254825471583346e+04   5.8695364952828357e+04
   1.3903916190678736e+00  -4.0466766329138426e-01   6.1844754248101301e+04   6.1487061014211817e+04
   1.3911024959266645e+00  -4.0180195949953462e-01   5.9318067369525670e+04   6.4177997918824534e+04
   1.3918090831387668e+00  -3.9893374518831531e-01   5.6677225331353409e+04   6.6760515325989021e+04
   1.3925113508299269e+00  -3.9606319790195849e-01   5.3925532799384964e+04   6.9227035315536501e+04
   1.3932092550178896e+00  -3.9319054587958940e-01   5.1067108371657436e+04   7.1570373349367786e+04
   1.3939027391396033e+00  -3.9031605610574205e-01   4.8106778043594320e+04   7.3783971040175078e+04
   1.3945917367906782e+00  -3.8744002071961520e-01   4.5049938982656524e+04   7.5862032787714605e+04
   1.3952761754848331e+00  -3.8456274250884837e-01   4.1902438090997108e+04   7.7799574699048666e+04
   1.3959559811724318e+00  -3.8168452025375277e-01   3.8670495260089658e+04   7.9592415373714743e+04
   1.3966310832047533e+00  -3.7880563468542827e-01   3.5360678643252060e+04   8.1237148143882849e+04
   1.3973014193972089e+00  -3.7592633577659262e-01   3.1979915643033317e+04   8.2731130714676663e+04
   1.3979669408326132e+00  -3.7304683200012717e-01   2.8535506017636184e+04   8.4072512771042399e+04
   1.3986276160556148e+00  -3.7016728207243410e-01   2.5035097473707312e+04   8.5260299009614610e+04
   1.3992834343410214e+00  -3.6728778955375369e-01   2.1486591942300813e+04   8.6294422527156305e+04
   1.3999344077705409e+00  -3.6440840051409773e-01   1.7897969976050801e+04   8.7175787596275652e+04
   1.4005805719213329e+00  -3.6152910430090696e-01   1.4277046365666698e+04   8.7906237553956787e+04
   1.4012219850520766e+00  -3.5864983727285443e-01   1.0631194720098723e+04   8.8488414096082619e+04
   1.4018587257632902e+00  -3.5577048920313331e-01   6.9670953445374662e+03   8.8925496591517323e+04
   1.4024908892031545e+00  -3.5289091191412897e-01   3.2905642799831658e+03   8.9220838777716868e+04
   1.4031185819827419e+00  -3.5001092959134977e-01  -3.9348983326868046e+02   8.9377547754713261e+04
   1.4037419160497440e+00  -3.4713035014403892e-01  -4.0809580838367001e+03   8.9398069608334423e+04
   1.4043610018426933e+00  -3.4424897693707041e-01  -7.7682805977964472e+03   8.9283851970770571e+04
   1.4049759411035032e+00  -3.4136662021541297e-01  -1.1452091247153208e+04   8.9035144362471721e+04
   1.4055868197616506e+00  -3.3848310757823652e-01  -1.5128819381091875e+04   8.8650973991676743e+04
   1.4061937013157293e+00  -3.3559829293180077e-01  -1.8794320441097745e+04   8.8129302998379993e+04
   1.4067966211263103e+00  -3.3271206345393062e-01  -2.2443602048023360e+04   8.7467339707144158e+04
   1.4073955819980701e+00  -3.2982434423146961e-01  -2.6070692496821051e+04   8.6661949095877484e+04
   1.4079905513703084e+00  -3.2693510037771040e-01  -2.9668669058766358e+04   8.5710092307569110e+04
   1.4085814603560765e+00  -3.2404433659057347e-01  -3.3229831043724975e+04   8.4609225251655240e+04
   1.4091682047749121e+00  -3.2115209426505797e-01  -3.6745974741334001e+04   8.3357601300565919e+04
   1.4097506482174169e+00  -3.1825844641620510e-01  -4.0208710829139025e+04   8.1954449363042877e+04
   1.4103286270672499e+00  -3.1536349079323350e-01  -4.3609763210344077e+04   8.0400028941169061e+04
   1.4109019572933879e+00  -3.1246734166454304e-01  -4.6941201415067364e+04   7.8695590503655490e+04
   1.4114704427189544e+00  -3.0957012082147811e-01  -5.0195582750427420e+04   7.6843286008245617e+04
   1.4120338843784004e+00  -3.0667194838255535e-01  -5.3366008294506006e+04   7.4846076468891173e+04
   1.4125920904978240e+00  -3.0377293397785649e-01  -5.6446120809129417e+04   7.2707671436775869e+04
   1.4131448865783529e+00  -3.0087316885619370e-01  -5.9430085824558781e+04   7.0432512986263886e+04
   1.4136921250334726e+00  -2.9797271938831388e-01  -6.2312596119686212e+04   6.8025791566220680e+04
   1.4142336938302489e+00  -2.9507162234255763e-01  -6.5088924911124763e+04   6.5493460398908253e+04
   1.4147695236124951e+00  -2.9216988219135265e-01  -6.7755029043386196e+04   6.2842205750766094e+04
   1.4152995928407412e+00  -2.8926747057526681e-01  -7.0307677505053463e+04   6.0079335403891964e+04
   1.4158239305671487e+00  -2.8636432791430300e-01  -7.2744560740776855e+04   5.7212566224898721e+04
   1.4163426165700004e+00  -2.8346036702220428e-01  -7.5064328672224525e+04   5.4249718865891642e+04
   1.4168557786974727e+00  -2.8055547845692902e-01  -7.7266512992515898e+04   5.1198355984822141e+04
   1.4173635874080592e+00  -2.7764953723654928e-01  -7.9351311084118468e+04   4.8065422210956982e+04
   1.4178662476391344e+00  -2.7474241047079812e-01  -8.1319239517980386e+04   4.4856952971259743e+04
   1.4183639882782366e+00  -2.7183396540888372e-01  -8.3170697074850599e+04   4.1577912385988711e+04
   1.4188570496468993e+00  -2.6892407738671531e-01  -8.4905502597187733e+04   3.8232198801841419e+04
   1.4193456695269777e+00  -2.6601263717201989e-01  -8.6522485298104773e+04   3.4822824908554459e+04
   1.4198300683581611e+00  -2.6309955725261230e-01  -8.8019200733253354e+04   3.1352244856499990e+04
   1.4203104343069353e+00  -2.6018477668801554e-01  -8.9391825420553447e+04   2.7822771538915935e+04
   1.4207869089473373e+00  -2.5726826424269805e-01  -9.0635250944648476e+04   2.4237009795264174e+04
   1.4212595742993279e+00  -2.5435001963396980e-01  -9.1743361714333412e+04   2.0598229924695133e+04
   1.4217284419399812e+00  -2.5143007285165558e-01  -9.2709447312895441e+04   1.6910620761078888e+04
   1.4221934448361708e+00  -2.4850848163208816e-01  -9.3526678184055767e+04   1.3179389176119523e+04
   1.4226544324470223e+00  -2.4558532728777460e-01  -9.4188567337567467e+04   9.4107066352160709e+03
   1.4231111695134446e+00  -2.4266070919876132e-01  -9.4689351415643818e+04   5.6115350636551775e+03
   1.4235633387959463e+00  -2.3973473835568687e-01  -9.5024249553075613e+04   1.7893862609396799e+03
   1.4240105478469278e+00  -2.3680753040251407e-01  -9.5189590559533870e+04  -2.0479239484705563e+03
   1.4244523397173550e+00  -2.3387919865539608e-01  -9.5182830226408740e+04  -5.8924748902420079e+03
   1.4248882073083651e+00  -2.3094984757132858e-01  -9.5002502423611702e+04  -9.7363640329829705e+03
   1.4253176108946612e+00  -2.2801956710648522e-01  -9.4648154960271670e+04  -1.3571753185561302e+04
   1.4257399981771799e+00  -2.2508842834161075e-01  -9.4120312186037758e+04  -1.7390864184109363e+04
   1.4261548260756409e+00  -2.2215648066466737e-01  -9.3420484613901572e+04  -2.1185967412225888e+04
   1.4265615833549068e+00  -2.1922375069469163e-01  -9.2551217845403677e+04  -2.4949408687382496e+04
   1.4269598130987351e+00  -2.1629024301236119e-01  -9.1516147840567952e+04  -2.8673706734735391e+04
   1.4273491340055893e+00  -2.1335594263975138e-01  -9.0320014224852523e+04  -3.2351728343705105e+04
   1.4277292594867559e+00  -2.1042081909209076e-01  -8.8968583624663050e+04  -3.5976918778263600e+04
   1.4281000135985831e+00  -2.0748483171578164e-01  -8.7468450393917286e+04  -3.9543539395059772e+04
   1.4284613429372708e+00  -2.0454793593661352e-01  -8.5826709834024747e+04  -4.3046850553255026e+04
   1.4288133237638001e+00  -2.0161008997591587e-01  -8.4050531308905920e+04  -4.6483180101666636e+04
   1.4291561638036228e+00  -1.9867126155486212e-01  -8.2146687143347182e+04  -4.9849836168354712e+04
   1.4294901983739610e+00  -1.9573143410089155e-01  -8.0121110713062211e+04  -5.3144853772704504e+04
   1.4298158807232118e+00  -1.9279061199599803e-01  -7.7978558483950750e+04  -5.6366600463306371e+04
   1.4301337667125817e+00  -1.8984882446310913e-01  -7.5722435573034629e+04  -5.9513298378938416e+04
   1.4304444942194980e+00  -1.8690612777068671e-01  -7.3354815945811337e+04  -6.2582541167870804e+04
   1.4307487578851004e+00  -1.8396260554197028e-01  -7.0876652815673413e+04  -6.5570888876763274e+04
   1.4310472800532092e+00  -1.8101836707745111e-01  -6.8288140544055175e+04  -6.8473611298744334e+04
   1.4313407789458159e+00  -1.7807354372961801e-01  -6.5589163554493702e+04  -7.1284622868310253e+04
   1.4316299352805384e+00  -1.7512828349955023e-01  -6.2779756244417149e+04  -7.3996616319917695e+04
   1.4319153586510758e+00  -1.7218274414723625e-01  -5.9860502527829376e+04  -7.6601365800255851e+04
   1.4321975550556811e+00  -1.6923708521365061e-01  -5.6832823050735817e+04  -7.9090141275951959e+04
   1.4324768969671893e+00  -1.6629145943561965e-01  -5.3699126822703540e+04  -8.1454160811582318e+04
   1.4327535972885950e+00  -1.6334600408866587e-01  -5.0462835139576935e+04  -8.3685009132227104e+04
   1.4330276884313491e+00  -1.6040083281439219e-01  -4.7128310834717762e+04  -8.5774967881705597e+04
   1.4332990075916410e+00  -1.5745602847555676e-01  -4.3700739527125377e+04  -8.7717230762455889e+04
   1.4335671890885373e+00  -1.5451163753394012e-01  -4.0186008505178928e+04  -8.9506007307659384e+04
   1.4338316643737523e+00  -1.5156766636570304e-01  -3.6590614388104514e+04  -9.1136543811614072e+04
   1.4340916700357782e+00  -1.4862407982049353e-01  -3.2921608330267860e+04  -9.2605103307281577e+04
   1.4343462638115712e+00  -1.4568080220020760e-01  -2.9186564217186380e+04  -9.3908944796387281e+04
   1.4345943482994072e+00  -1.4273772068861235e-01  -2.5393538776073365e+04  -9.5046327083987591e+04
   1.4348347017494762e+00  -1.3979469111259071e-01  -2.1550988098089114e+04  -9.6016540003498187e+04
   1.4350660150074619e+00  -1.3685154576865441e-01  -1.7667614191854682e+04  -9.6819942698982632e+04
   1.4352869334133977e+00  -1.3390810291366606e-01  -1.3752135370163245e+04  -9.7457972355871010e+04
   1.4354961022253585e+00  -1.3096417740488087e-01  -9.8129997266372247e+03  -9.7933082839258394e+04
   1.4356922139555235e+00  -1.2801959188884146e-01  -5.8580841169746691e+03  -9.8248582159519225e+04
   1.4358740558834315e+00  -1.2507418788714714e-01  -1.8944351304227478e+03  -9.8408358359055652e+04
   1.4360405559542044e+00  -1.2212783611354397e-01   2.0718909342190177e+03  -9.8416510249204497e+04
   1.4361908252820803e+00  -1.1918044538281571e-01   6.0358460590419763e+03  -9.8276924460098729e+04
   1.4363241955626149e+00  -1.1623196953694136e-01   9.9932489148069071e+03  -9.7992857841074612e+04
   1.4364402498488134e+00  -1.1328241191492325e-01   1.3940497291344338e+04  -9.7566588885402991e+04
   1.4365388453624339e+00  -1.1033182702439119e-01   1.7874177588044637e+04  -9.6999192754573203e+04
   1.4366201272844035e+00  -1.0738031922845681e-01   2.1790635203402944e+04  -9.6290473522227956e+04
   1.4366845327879925e+00  -1.0442803843166006e-01   2.5685577002275411e+04  -9.5439059411609240e+04
   1.4367327849330527e+00  -1.0147517292456873e-01   2.9553769516072949e+04  -9.4442639142681204e+04
   1.4367658764158195e+00  -9.8521939717431103e-02   3.3388876107662116e+04  -9.3298295689960883e+04
   1.4367850435517402e+00  -9.5568572849200117e-02   3.7183448164492562e+04  -9.2002883089229887e+04
   1.4367917312435103e+00  -9.2615310289803979e-02   4.0929056319562522e+04  -9.0553394151390588e+04
   1.4367875500377478e+00  -8.9662380152600404e-02   4.4616524425466683e+04  -8.8947280141312163e+04
   1.4367742266873773e+00  -8.6709986994088578e-02   4.8236216953770301e+04  -8.7182703970108094e+04
   1.4367535498997450e+00  -8.3758298994885003e-02   5.1778331704049313e+04  -8.5258729440448238e+04
   1.4367273131516940e+00  -8.0807436787838402e-02   5.5233162960094858e+04  -8.3175464655110205e+04
   1.4366972565836105e+00  -7.7857464626652967e-02   5.8591320697276344e+04  -8.0934182878203210e+04
   1.4366650100389318e+00  -7.4908384474770023e-02   6.1843912458829924e+04  -7.8537437658988900e+04
   1.4366320392907774e+00  -7.1960133445188160e-02   6.4982708864553271e+04  -7.5989172774556471e+04
   1.4365995973937555e+00  -6.9012584845147315e-02   6.8000316741992632e+04  -7.3294807675958989e+04
   1.4365686829199522e+00  -6.6065552884663800e-02   7.0890374085916119e+04  -7.0461262649344062e+04
   1.4365400065904814e+00  -6.3118800905405753e-02   7.3647761468668206e+04  -6.7496881745723367e+04
   1.4365139675070753e+00  -6.0172052787630548e-02   7.6268801934498770e+04  -6.4411219945781791e+04
   1.4364906398341879e+00  -5.7225007009031596e-02   7.8751403292879171e+04  -6.1214683044427205e+04
   1.4364697703947669e+00  -5.4277352670923942e-02   8.1095090291936664e+04  -5.7918039905613870e+04
   1.4364507872376997e+00  -5.1328786683450395e-02   8.3300882775974911e+04  -5.4531858836254018e+04
   1.4364328188281170e+00  -4.8379031219858121e-02   8.5370998901788713e+04  -5.1065944236429044e+04
   1.4364147231193789e+00  -4.5427850515530541e-02   8.7308394732321263e+04  -4.7528859336630725e+04
   1.4363951254034928e+00  -4.2475066102952284e-02   8.9116185408568548e+04  -4.3927612469310916e+04
   1.4363724635192210e+00  -3.9520569638989055e-02   9.0797020410936864e+04  -4.0267559132092276e+04
   1.4363450387368051e+00  -3.6564332592846513e-02   9.2352499379595945e+04  -3.6552535279198746e+04
   1.4363110704452684e+00  -3.3606412216295005e-02   9.3782711859419607e+04  -3.2785196733345823e+04
   1.4362687526499214e+00  -3.0646953404321688e-02   9.5085965065685610e+04  -2.8967504314527701e+04
   1.4362163102482750e+00  -2.7686186264483249e-02   9.6258731613783370e+04  -2.5101271365523982e+04
   1.4361520530928626e+00  -2.4724419435703481e-02   9.7295811804527068e+04  -2.1188684846092332e+04
   1.4360744259671103e+00  -2.1762029420099093e-02   9.8190670302468192e+04  -1.7232723631734829e+04
   1.4359820527897633e+00  -1.8799446402556395e-02   9.8935882358066170e+04  -1.3237424802497460e+04
   1.4358737736156870e+00  -1.5837137220682966e-02   9.9523615315637275e+04  -9.2079839436045095e+03
   1.4357486733052256e+00  -1.2875586302087337e-02   9.9946078854683146e+04  -5.1507103479999423e+03
   1.4356061010771162e+00  -9.9152754981519896e-03   1.0019589883321557e+05  -1.0728840545430851e+03
   1.4354456805268889e+00  -6.9566638072476299e-03   1.0026639936288945e+05   3.0174270511287559e+03
   1.4352673100677722e+00  -4.0001679920340224e-03   1.0015180722576863e+05   7.1115376753260334e+03
   1.4350711541191083e+00  -1.0461450542335667e-03   9.9847413038964354e+04   1.1200271274995735e+04
   1.4348576257125696e+00   1.9051225618854910e-03   9.9349729884830900e+04   1.5274038953462510e+04
   1.4346273614955907e+00   4.8534383043210396e-03   9.8656679109787772e+04   1.9322896241911923e+04
   1.4343811903718069e+00   7.7986988304150498e-03   9.7767808948033577e+04   2.3336621321350391e+04
   1.4341200972205255e+00   1.0740896956405533e-02   9.6684521079739105e+04   2.7304860508396639e+04
   1.4338451832738628e+00   1.3680120114085027e-02   9.5410253316558184e+04   3.1217371234326183e+04
   1.4335576247974824e+00   1.6616544419758374e-02   9.3950552673392420e+04   3.5064363055294161e+04
   1.4332586317174412e+00   1.9550424684988004e-02   9.2312977844776979e+04   3.8836901650528969e+04
   1.4329494077641125e+00   2.2482080904602797e-02   9.0506794646017996e+04   4.2527309898121610e+04
   1.4326311135692604e+00   2.5411881934126548e-02   8.8542466862552043e+04   4.6129483487354584e+04
   1.4323048339621212e+00   2.8340227206739108e-02   8.6430989275492859e+04   4.9639042247960424e+04
   1.4319715504748500e+00   3.1267527431882332e-02   8.4183147594502647e+04   5.3053262689979849e+04
   1.4316321197986555e+00   3.4194185258934369e-02   8.1808812294995994e+04   5.6370777254416738e+04
   1.4312872586426595e+00   3.7120576878092233e-02   7.9316373422296834e+04   5.9591071943885690e+04
   1.4309375351513867e+00   4.0047035467665491e-02   7.6712401158435488e+04   6.2713855617221867e+04
   1.4305833667473902e+00   4.2973837286198233e-02   7.4001577080163188e+04   6.5738401552268959e+04
   1.4302250239958132e+00   4.5901191055591997e-02   7.1186892101593097e+04   6.8662968379168000e+04
   1.4298626398490475e+00   4.8829231096320681e-02   6.8270060541914383e+04   7.1484392335929588e+04
   1.4294962234319180e+00   5.1758014468307266e-02   6.5252064781348308e+04   7.4197909019169267e+04
   1.4291256773784431e+00   5.4687522152606249e-02   6.2133729396474722e+04   7.6797218651626798e+04
   1.4287508176353183e+00   5.7617664091775454e-02   5.8916229609708775e+04   7.9274763842876258e+04
   1.4283713946069820e+00   6.0548287702646406e-02   5.5601464483860414e+04   8.1622153270763301e+04
   1.4279871145321807e+00   6.3479189295178609e-02   5.2192263412236382e+04   8.3830646005267510e+04
   1.4275976600492306e+00   6.6410127684903494e-02   4.8692435643133686e+04   8.5891613148571967e+04
   1.4272027090211643e+00   6.9340839181808847e-02   4.5106706335533592e+04   8.7796914286365805e+04
   1.4268019508451553e+00   7.2271053080705291e-02   4.1440600906472791e+04   8.9539159925454311e+04
   1.4263950996537651e+00   7.5200506769833697e-02   3.7700337851137076e+04   9.1111867596020325e+04
   1.4259819040183488e+00   7.8128959615570856e-02   3.3892770460353793e+04   9.2509548758842953e+04
   1.4255621529762545e+00   8.1056204868692278e-02   3.0025386118446619e+04   9.3727777112935422e+04
   1.4251356784124543e+00   8.3982078966293852e-02   2.6106338548200154e+04   9.4763283356231375e+04
   1.4247023540222650e+00   8.6906467765423753e-02   2.2144463806048170e+04   9.5614098301986000e+04
   1.4242620912554145e+00   8.9829309430221951e-02   1.8149223320312660e+04   9.6279733112666014e+04
   1.4238148327849149e+00   9.2750593893136002e-02   1.4130529919200608e+04   9.6761352920075107e+04
   1.4233605441508137e+00   9.5670359011169645e-02   1.0098442609370439e+04   9.7061878641710457e+04
   1.4228992042948003e+00   9.8588683728726659e-02   6.0627547571368013e+03   9.7185949373392985e+04
   1.4224307957251310e+00   1.0150567872874162e-01   2.0325371208497547e+03   9.7139696172618147e+04
   1.4219552950327212e+00   1.0442147519392002e-01  -1.9842787946183346e+03   9.6930313945921487e+04
   1.4214726644213644e+00   1.0733621240242500e-01  -5.9811877807443452e+03   9.6565462454566048e+04
   1.4209828448222446e+00   1.1025002494172305e-01  -9.9531974295564869e+03   9.6052568926930049e+04
   1.4204857510419324e+00   1.1316303033761491e-01  -1.3896679793326028e+04   9.5398132833900832e+04
   1.4199812692510281e+00   1.1607531786238259e-01  -1.7809000316592563e+04   9.4607140900070590e+04
   1.4194692569665133e+00   1.1898693920883512e-01  -2.1687981466516252e+04   9.3682684877772728e+04
   1.4189495455232644e+00   1.2189790160065790e-01  -2.5531292168237243e+04   9.2625839579696258e+04
   1.4184219448779372e+00   1.2480816376088130e-01  -2.9335868622553120e+04   9.1435812051891349e+04
   1.4178862504499794e+00   1.2771763498832278e-01  -3.3097464218954090e+04   9.0110324669322639e+04
   1.4173422515867851e+00   1.3062617740657470e-01  -3.6810398140488171e+04   8.8646156092035511e+04
   1.4167897411491550e+00   1.3353361126228502e-01  -4.0467530538467436e+04   8.7039742644334081e+04
   1.4162285256534635e+00   1.3643972296993287e-01  -4.4060446619514580e+04   8.5287743088705334e+04
   1.4156584353806301e+00   1.3934427543929581e-01  -4.7579793136494205e+04   8.3387490827269416e+04
   1.4150793338698175e+00   1.4224702008847498e-01  -5.1015687649153821e+04   8.1337293670802974e+04
   1.4144911262552795e+00   1.4514770984716299e-01  -5.4358118520932432e+04   7.9136582733732823e+04
   1.4138937659749955e+00   1.4804611239721940e-01  -5.7597271786203557e+04   7.6785947978485405e+04
   1.4132872594748256e+00   1.5094202288360387e-01  -6.0723754031547760e+04   7.4287118864834338e+04
   1.4126716686461809e+00   1.5383527535885178e-01  -6.3728718473157285e+04   7.1642949093138479e+04
   1.4120471108616455e+00   1.5672575229654900e-01  -6.6603933447381976e+04   6.8857445291946293e+04
   1.4114137566044040e+00   1.5961339161929075e-01  -6.9341848455720406e+04   6.5935846303451137e+04
   1.4107718248163164e+00   1.6249819082787578e-01  -7.1935708341175836e+04   6.2884723812270058e+04
   1.4101215762088493e+00   1.6538020798272715e-01  -7.4379741863059186e+04   5.9712047494133978e+04
   1.4094633048845930e+00   1.6825955946622667e-01  -7.6669414417017528e+04   5.6427148393633273e+04
   1.4087973286993518e+00   1.7113641463564702e-01  -7.8801697211844032e+04   5.3040527030122968e+04
   1.4081239788517204e+00   1.7401098765024134e-01  -8.0775278757650580e+04   4.9563485303145666e+04
   1.4074435892163311e+00   1.7688352691310019e-01  -8.2590637999536950e+04   4.6007605191898045e+04
   1.4067564859373691e+00   1.7975430269969520e-01  -8.4249915357217833e+04   4.2384140638169112e+04
   1.4060629777715887e+00   1.8262359364340766e-01  -8.5756554893324952e+04   3.8703419659334679e+04
   1.4053633476168255e+00   1.8549167280844223e-01  -8.7114739161693971e+04   3.4974363000939913e+04
   1.4046578455868175e+00   1.8835879409924267e-01  -8.8328685798934777e+04   3.1204210218927605e+04
   1.4039466839005932e+00   1.9122517973214845e-01  -8.9401910012742621e+04   2.7398507250211391e+04
   1.4032300337505301e+00   1.9409100943125696e-01  -9.0336570845000810e+04   2.3561359597791736e+04
   1.4025080242034937e+00   1.9695641191023949e-01  -9.1133008136266377e+04   1.9695903790837070e+04
   1.4017807430804643e+00   1.9982145907122320e-01  -9.1789543840607861e+04   1.5804908403430320e+04
   1.4010482396579982e+00   2.0268616319848312e-01  -9.2302572835779603e+04   1.1891393686484309e+04
   1.4003105289450282e+00   2.0555047725749001e-01  -9.2666916023498576e+04   7.9591605780564414e+03
   1.3995675972157395e+00   2.0841429823843050e-01  -9.2876363044555241e+04   4.0131444538496248e+03
   1.3988194084270629e+00   2.1127747331739524e-01  -9.2924303947030989e+04   5.9550557743179013e+01
   1.3980659111199194e+00   2.1413980845736477e-01  -9.2804343975167372e+04  -3.8942235136427648e+03
   1.3973070453978704e+00   2.1700107894322693e-01  -9.2510813752051632e+04  -7.8398291801638907e+03
   1.3965427495944303e+00   2.1986104124734168e-01  -9.2039123334100499e+04  -1.1768294471018722e+04
   1.3957729662796121e+00   2.2271944555973755e-01  -9.1385952866201143e+04  -1.5670353478558265e+04
   1.3949976473138674e+00   2.2557604829293576e-01  -9.0549313200964913e+04  -1.9536709291989737e+04
   1.3942167577297686e+00   2.2843062388649210e-01  -8.9528535465333422e+04  -2.3358195387893014e+04
   1.3934302783036165e+00   2.3128297528919362e-01  -8.8324253013804351e+04  -2.7125841026680569e+04
   1.3926382067656005e+00   2.3413294258383754e-01  -8.6938421644435191e+04  -3.0830881660813047e+04
   1.3918405576828108e+00   2.3698040933518386e-01  -8.5374390393455484e+04  -3.4464774783338173e+04
   1.3910373611291902e+00   2.3982530637892771e-01  -8.3636996793741113e+04  -3.8019278942928904e+04
   1.3902286603259135e+00   2.4266761292013583e-01  -8.1732629855828724e+04  -4.1486629467108221e+04
   1.3894145084906646e+00   2.4550735496469217e-01  -7.9669191304794687e+04  -4.4859805841337213e+04
   1.3885949651720659e+00   2.4834460125785193e-01  -7.7455896356359081e+04  -4.8132844571754256e+04
   1.3877700923643670e+00   2.5117945704140204e-01  -7.5102887471493435e+04  -5.1301120396754442e+04
   1.3869399506966411e+00   2.5401205605743665e-01  -7.2620679813593029e+04  -5.4361507823139647e+04
   1.3861045959711535e+00   2.5684255131598183e-01  -7.0019503558084092e+04  -5.7312348591498965e+04
   1.3852640762886563e+00   2.5967110520091491e-01  -6.7308643016193528e+04  -6.0153186373440010e+04
   1.3844184299473485e+00   2.6249787951104986e-01  -6.4495885804611149e+04  -6.2884279137095793e+04
   1.3835676842403581e+00   2.6532302602024399e-01  -6.1587183305358427e+04  -6.5505950523853884e+04
   1.3827118552084954e+00   2.6814667809325399e-01  -5.8586588114036946e+04  -6.8017881498318049e+04
   1.3818509483348524e+00   2.7096894381632236e-01  -5.5496483144044316e+04  -7.0418462859143445e+04
   1.3809849601004967e+00   2.7378990099815742e-01  -5.2318062009303045e+04  -7.2704323173756333e+04
   1.3801138802601365e+00   2.7660959427476545e-01  -4.9051973332147776e+04  -7.4870116153236770e+04
   1.3792376946471838e+00   2.7942803441806102e-01  -4.5699013304567517e+04  -7.6908603219447774e+04
   1.3783563882820695e+00   2.8224519981152640e-01  -4.2260747288623366e+04  -7.8811011702212083e+04
   1.3774699485382438e+00   2.8506103992469045e-01  -3.8739962836187697e+04  -8.0567598798799343e+04
   1.3765783681179768e+00   2.8787548049965894e-01  -3.5140898224440367e+04  -8.2168317802934747e+04
   1.3756816476049782e+00   2.9068843006431766e-01  -3.1469242067645740e+04  -8.3603473238619059e+04
   1.3747797973917271e+00   2.9349978731381776e-01  -2.7731948358065220e+04  -8.4864267409567925e+04
   1.3738728388242636e+00   2.9630944885860216e-01  -2.3936945294925437e+04  -8.5943177645347838e+04
   1.3729608044628383e+00   2.9911731682570425e-01  -2.0092827335383357e+04  -8.6834151325449013e+04
   1.3720437374197212e+00   3.0192330582067312e-01  -1.6208605809199038e+04  -8.7532651161222020e+04
   1.3711216898013492e+00   3.0472734880849073e-01  -1.2293559213119390e+04  -8.8035614051222161e+04
   1.3701947203465497e+00   3.0752940154976999e-01  -8.3571805856085066e+03  -8.8341394720116063e+04
   1.3692628914115823e+00   3.1032944532817880e-01  -4.4091796899569790e+03  -8.8449748816425548e+04
   1.3683262655022090e+00   3.1312748782007305e-01  -4.5947445585659358e+02  -8.8361875155902570e+04
   1.3673849015896897e+00   3.1592356208038164e-01   3.4818933938951909e+03  -8.8080494820356165e+04
   1.3664388514689896e+00   3.1871772374222046e-01   7.4049592320149986e+03  -8.7609909600226558e+04
   1.3654881564219525e+00   3.2151004664374611e-01   1.1300152549961691e+04  -8.6955965598783412e+04
   1.3645328444353821e+00   3.2430061719729386e-01   1.5158684285102645e+04  -8.6125855891555009e+04
   1.3635729281943354e+00   3.2708952789657408e-01   1.8972922573537766e+04  -8.5127727831663899e+04
   1.3626084040263438e+00   3.2987687041271380e-01   2.2736659535091901e+04  -8.3970107680323737e+04
   1.3616392519150720e+00   3.3266272875589470e-01   2.6445182159612414e+04  -8.2661205385226858e+04
   1.3606654366359101e+00   3.3544717297472776e-01   3.0095095150627098e+04  -8.1208201897580933e+04
   1.3596869099948348e+00   3.3823025383065475e-01   3.3683894538703222e+04  -7.9616639493403738e+04
   1.3587036140802566e+00   3.4101199882187494e-01   3.7209345923193949e+04  -7.7890027249164254e+04
   1.3577154853697981e+00   3.4379240984432724e-01   4.0668766960484645e+04  -7.6029739632548968e+04
   1.3567224594743239e+00   3.4657146267179112e-01   4.4058339435533715e+04  -7.4035234048286671e+04
   1.3557244762540099e+00   3.4934910831946914e-01   4.7372575454234844e+04  -7.1904554020942262e+04
   1.3547214850088045e+00   3.5212527623303896e-01   5.0604034878640465e+04  -6.9635031969951757e+04
   1.3537134494306415e+00   3.5489987912554111e-01   5.3743342930757666e+04  -6.7224070854689344e+04
   1.3527003520084520e+00   3.5767281917514171e-01   5.6779498455979388e+04  -6.4669874902111587e+04
   1.3516821975994286e+00   3.6044399520457837e-01   5.9700408130104217e+04  -6.1972018474914104e+04
   1.3506590159201894e+00   3.6321331039374322e-01   6.2493542383290012e+04  -5.9131783869840365e+04
   1.3496308627673428e+00   3.6598068003485773e-01   6.5146594340976560e+04  -5.6152253477333084e+04
   1.3485978198453614e+00   3.6874603882776780e-01   6.7648036575091974e+04  -5.3038195451283820e+04
   1.3475599931568414e+00   3.7150934723201079e-01   6.9987507882659134e+04  -4.9795821344674441e+04
   1.3465175099917321e+00   3.7427059644158200e-01   7.2156012986460686e+04  -4.6432509090402869e+04
   1.3454705146331174e+00   3.7702981162491017e-01   7.4145967817689132e+04  -4.2956572195854671e+04
   1.3444191629730937e+00   3.7978705317214073e-01   7.5951157860415376e+04  -3.9377120710535382e+04
   1.3433636162983527e+00   3.8254241580842790e-01   7.7566687079600364e+04  -3.5704012673187783e+04
   1.3423040345576482e+00   3.8529602555881459e-01   7.8988978319099449e+04  -3.1947851385007074e+04
   1.3412405694587706e+00   3.8804803467972632e-01   8.0215848335848103e+04  -2.8119957542475891e+04
   1.3401733577590345e+00   3.9079861479649403e-01   8.1246634294376170e+04  -2.4232244652600657e+04
   1.3391025151091100e+00   3.9354794859803333e-01   8.2082308765516893e+04  -2.0296951962012641e+04
   1.3380281307855730e+00   3.9629622053218266e-01   8.2725499949268546e+04  -1.6326233853556747e+04
   1.3369502636037163e+00   3.9904360701241309e-01   8.3180340257937598e+04  -1.2331655177303164e+04
   1.3358689392415171e+00   4.0179026668459078e-01   8.3452099167756387e+04  -8.3236833634222294e+03
   1.3347841491312578e+00   4.0453633130857014e-01   8.3546606750262872e+04  -4.3112878532876921e+03
   1.3336958509913972e+00   4.0728189778309165e-01   8.3469529661272696e+04  -3.0174900107590111e+02
   1.3326039709826452e+00   4.1002702178490386e-01   8.3225606736307469e+04   3.6992569096723059e+03
   1.3315084073835390e+00   4.1277171340747248e-01   8.2817974730759845e+04   7.6872844644076986e+03
   1.3304090355975677e+00   4.1551593507575391e-01   8.2247709591045175e+04   1.1658506532800779e+04
   1.3293057142304445e+00   4.1825960188759093e-01   8.1513674951538109e+04   1.5608963941518963e+04
   1.3281982919169402e+00   4.2100258439642962e-01   8.0612714813896309e+04   1.9533811413152464e+04
   1.3270866145351070e+00   4.2374471371222955e-01   7.9540162826782034e+04   2.3426697828175165e+04
   1.3259705324241589e+00   4.2648578866551534e-01   7.8290581069133681e+04   2.7279393199692808e+04
   1.3248499072220423e+00   4.2922558466126493e-01   7.6858599946274553e+04   3.1081724782427904e+04
   1.3237246179599724e+00   4.3196386375163998e-01   7.5239717097755216e+04   3.4821821574047732e+04
   1.3225945660926695e+00   4.3470038538517969e-01   7.3430930528005250e+04   3.8486604719183859e+04
   1.3214596792025000e+00   4.3743491724927686e-01   7.1431125050825838e+04   4.2062415493322915e+04
   1.3203199131898327e+00   4.4016724561500553e-01   6.9241190872370309e+04   4.5535653622169200e+04
   1.3191752528464662e+00   4.4289718461927124e-01   6.6863913522483810e+04   4.8893310954933077e+04
   1.3180257107992024e+00   4.4562458397740612e-01   6.4303719804421176e+04   5.2123325035361515e+04
   1.3168713249014219e+00   4.4834933470652810e-01   6.1566383559366121e+04   5.5214732710999459e+04
   1.3157121542366879e+00   4.5107137255128715e-01   5.8658783446227979e+04   5.8157659739448674e+04
   1.3145482739750778e+00   4.5379067893266350e-01   5.5588767061050174e+04   6.0943222426442626e+04
   1.3133797693857916e+00   4.5650727937994739e-01   5.2365124123413021e+04   6.3563430788876663e+04
   1.3122067293549953e+00   4.5922123954787636e-01   4.8997621811771918e+04   6.6011165900224732e+04
   1.3110292397833669e+00   4.6193265905701170e-01   4.5497023750930348e+04   6.8280263396644586e+04
   1.3098473772418642e+00   4.6464166351799102e-01   4.1875010073171718e+04   7.0365683191217729e+04
   1.3086612032468423e+00   4.6734839520223181e-01   3.8143941382759192e+04   7.2263699096393451e+04
   1.3074707594776158e+00   4.7005300289713420e-01   3.4316456806499664e+04   7.3972015703564510e+04
   1.3062760642033497e+00   4.7275563152847760e-01   3.0404951972322957e+04   7.5489722437178658e+04
   1.3050771101149798e+00   4.7545641214400064e-01   2.6421030389007468e+04   7.6817026367714061e+04
   1.3038738636756273e+00   4.7815545282939026e-01   2.2375047408229257e+04   7.7954758473029025e+04
   1.3026662660149286e+00   4.8085283107248855e-01   1.8275861498872822e+04   7.8903708456791937e+04
   1.3014542353033429e+00   4.8354858800658251e-01   1.4130872989793721e+04   7.9663895583988982e+04
   1.3002376704574881e+00   4.8624272485414344e-01   9.9463730991461434e+03   8.0233912926243953e+04
   1.2990164559514386e+00   4.8893520176460864e-01   5.7281594056434706e+03   8.0610481948405446e+04
   1.2977904674463114e+00   4.9162593910117103e-01   1.4823135078011060e+03   8.0788321978963475e+04
   1.2965595779046513e+00   4.9431482109000946e-01  -2.7840029809356147e+03   8.0760381435638250e+04
   1.2953236638300654e+00   4.9700170160914270e-01  -7.0618868627887632e+03   8.0518407076703501e+04
   1.2940826112673147e+00   4.9968641177100664e-01  -1.1340294207548834e+04   8.0053760061355308e+04
   1.2928363212141774e+00   5.0236876884991433e-01  -1.5605978090435621e+04   7.9358338747672067e+04
   1.2915847141326133e+00   5.0504858602878644e-01  -1.9843767367165969e+04   7.8425449950500217e+04
   1.2903277333011105e+00   5.0772568239329918e-01  -2.4037120070430217e+04   7.7250487415066746e+04
   1.2890653468191888e+00   5.1039989258840268e-01  -2.8168831211321783e+04   7.5831324417478900e+04
   1.2877975481548449e+00   5.1307107557292975e-01  -3.2221751104388019e+04   7.4168395205797919e+04
   1.2865243552116938e+00   5.1573912196130367e-01  -3.6179382331433633e+04   7.2264509468651886e+04
   1.2852458079793856e+00   5.1840395952411644e-01  -4.0026267382466409e+04   7.0124497665419301e+04
   1.2839619649137624e+00   5.2106555652677433e-01  -4.3748142123202313e+04   6.7754808708889672e+04
   1.2826728982671318e+00   5.2372392271119839e-01  -4.7331894668647583e+04   6.5163170166354772e+04
   1.2813786886498124e+00   5.2637910786244768e-01  -5.0765416600278179e+04   6.2358379217334521e+04
   1.2800794191481180e+00   5.2903119804215737e-01  -5.4037450781907748e+04   5.9350233887471019e+04
   1.2787751693487279e+00   5.3168030970580193e-01  -5.7137523386658249e+04   5.6149556898285831e+04
   1.2774660096236035e+00   5.3432658204309380e-01  -6.0056003106697732e+04   5.2768226077607447e+04
   1.2761519960128520e+00   5.3697016798338693e-01  -6.2784272597794145e+04   4.9219117646715349e+04
   1.2748331660064951e+00   5.3961122438477638e-01  -6.5314943990462081e+04   4.5515893760264793e+04
   1.2735095354719881e+00   5.4224990197233058e-01  -6.7642018342004958e+04   4.1672615997412046e+04
   1.2721810969058347e+00   5.4488633560486754e-01  -6.9760888354173454e+04   3.7703227254605168e+04
   1.2708478191087869e+00   5.4752063543018004e-01  -7.1668115566070453e+04   3.3620997890129751e+04
   1.2695096482996000e+00   5.5015287943678071e-01  -7.3360969405970827e+04   2.9438062296136253e+04
   1.2681665105970703e+00   5.5278310782914464e-01  -7.4836781507978041e+04   2.5165170012280763e+04
   1.2668183157191337e+00   5.5541131954782830e-01  -7.6092226840376170e+04   2.0811739869949040e+04
   1.2654649616759315e+00   5.5803747113186719e-01  -7.7122678332026291e+04   1.6386244302008876e+04
   1.2641063401751877e+00   5.6066147798571708e-01  -7.7921783246773281e+04   1.1896877809867725e+04
   1.2627423424162616e+00   5.6328321797454473e-01  -7.8481375852376441e+04   7.3523962339428326e+03
   1.2613728649265952e+00   5.6590253713789296e-01  -7.8791777921191024e+04   2.7629683324711136e+03
   1.2599978150919111e+00   5.6851925719036744e-01  -7.8842460304455613e+04  -1.8591298429553146e+03
   1.2586171160498407e+00   5.7113318437604410e-01  -7.8622962847916730e+04  -6.4991201801558072e+03
   1.2572307106544658e+00   5.7374411916655521e-01  -7.8123914615199887e+04  -1.1139709481695541e+04
   1.2558385642741774e+00   5.7635186624574997e-01  -7.7337975713826207e+04  -1.5761460333632085e+04
   1.2544406662543444e+00   5.7895624420904257e-01  -7.6260541624284873e+04  -2.0343467252607843e+04
   1.2530370299551139e+00   5.8155709442383019e-01  -7.4890106799266563e+04  -2.4864197786702680e+04
   1.2516276913588400e+00   5.8415428854760099e-01  -7.3228262576067413e+04  -2.9302331097365903e+04
   1.2502127063261126e+00   5.8674773427951910e-01  -7.1279385147604145e+04  -3.3637440633144615e+04
   1.2487921466590977e+00   5.8933737902475791e-01  -6.9050131684682521e+04  -3.7850418509162861e+04
   1.2473660952013932e+00   5.9192321127256586e-01  -6.6548890652519360e+04  -4.1923612609884054e+04
   1.2459346402604226e+00   5.9450525962194367e-01  -6.3785319817432399e+04  -4.5840722631478522e+04
   1.2444978696785354e+00   5.9708358952512186e-01  -6.0770057682658582e+04  -4.9586557432578826e+04
   1.2430558648998311e+00   5.9965829795083225e-01  -5.7514626288730346e+04  -5.3146778110549720e+04
   1.2416086953801193e+00   6.0222950628912475e-01  -5.4031476428344162e+04  -5.6507734637170899e+04
   1.2401564136675354e+00   6.0479735192014628e-01  -5.0334079770562821e+04  -5.9656455089612267e+04
   1.2386990514419858e+00   6.0736197894517252e-01  -4.6436959818169147e+04  -6.2580781684588801e+04
   1.2372366167455138e+00   6.0992352862492527e-01  -4.2355577639201903e+04  -6.5269586882691226e+04
   1.2357690925657931e+00   6.1248213008505381e-01  -3.8106041233462311e+04  -6.7712964332945936e+04
   1.2342964368556726e+00   6.1503789183101676e-01  -3.3704673207965025e+04  -6.9902285022924028e+04
   1.2328185839875232e+00   6.1759089456533489e-01  -2.9167530604498734e+04  -7.1830040332130258e+04
   1.2313354475570590e+00   6.2014118572243704e-01  -2.4510005903396410e+04  -7.3489452806285350e+04
   1.2298469243722678e+00   6.2268877603450601e-01  -1.9746638194133349e+04  -7.4873906240849188e+04
   1.2283528993938231e+00   6.2523363832188172e-01  -1.4891226701504071e+04  -7.5976310420173526e+04
   1.2268532513376815e+00   6.2777570857072518e-01  -9.9572728438294616e+03  -7.6788554603785640e+04
   1.2253478586121413e+00   6.3031488922629719e-01  -4.9586973535324214e+03  -7.7301205950112984e+04
   1.2238366052423044e+00   6.3285105450030965e-01   8.9294776748838316e+01  -7.7503571372942650e+04
   1.2223193864360709e+00   6.3538405737282366e-01   5.1693775702627017e+03  -7.7384170628503183e+04
   1.2207961134672674e+00   6.3791373786994421e-01   1.0261481584898205e+04  -7.6931580252692554e+04
   1.2192667175920506e+00   6.4043993212388473e-01   1.5342537893838908e+04  -7.6135522968842226e+04
   1.2177311527718864e+00   6.4296248167609393e-01   2.0386669006011369e+04  -7.4988016769686757e+04
   1.2161893970469246e+00   6.4548124246974092e-01   2.5365813453628565e+04  -7.3484378244829481e+04
   1.2146414524831333e+00   6.4799609299570837e-01   3.0250677488274847e+04  -7.1623902448938650e+04
   1.2130873437006098e+00   6.5050694110530549e-01   3.5011837956570678e+04  -6.9410111276673852e+04
   1.2115271150740230e+00   6.5301372908029320e-01   3.9620792939029634e+04  -6.6850557013116340e+04
   1.2099608267741553e+00   6.5551643665201753e-01   4.4050778444286225e+04  -6.3956263620559257e+04
   1.2083885498876490e+00   6.5801508178056789e-01   4.8277234392418453e+04  -6.0740960587458685e+04
   1.2068103609060052e+00   6.6050971913501777e-01   5.2277893592406814e+04  -5.7220294583175499e+04
   1.2052263359117648e+00   6.6300043634940808e-01   5.6032558694191597e+04  -5.3411185928924730e+04
   1.2036365448071862e+00   6.6548734825844924e-01   5.9522699718183416e+04  -4.9331437010271657e+04
   1.2020410459278754e+00   6.6797058943448029e-01   6.2731031376126331e+04  -4.4999616513641515e+04
   1.2004398813606385e+00   6.7045030544621731e-01   6.5641210018412443e+04  -4.0435161325258494e+04
   1.1988330732429373e+00   6.7292664333456720e-01   6.8237732458280530e+04  -3.5658579925158127e+04
   1.1972206212630097e+00   6.7539974184689944e-01   7.0506041987768753e+04  -3.0691622762864841e+04
   1.1956025015086371e+00   6.7786972198610507e-01   7.2432773624337322e+04  -2.5557309608083586e+04
   1.1939786667326282e+00   6.8033667841361478e-01   7.4006022616261776e+04  -2.0279762575837947e+04
   1.1923490480193890e+00   6.8280067219732288e-01   7.5215510861597824e+04  -1.4883868095055932e+04
   1.1907135577541206e+00   6.8526172531892515e-01   7.6052557601724518e+04  -9.3948593686601489e+03
   1.1890720937193242e+00   6.8771981725486953e-01   7.6509824765062032e+04  -3.8379527083075764e+03
   1.1874245440767970e+00   6.9017488382686676e-01   7.6580885324645802e+04   1.7618265549002219e+03
   1.1857707929412384e+00   6.9262681838843132e-01   7.6259733817678454e+04   7.3795323543338154e+03
   1.1841107262168542e+00   6.9507547528078495e-01   7.5540400586729927e+04   1.2989876889395457e+04
   1.1824442373531985e+00   6.9752067536231288e-01   7.4416831962980083e+04   1.8566564953378267e+04
   1.1807712326816213e+00   6.9996221329802122e-01   7.2883153620826357e+04   2.4081528787257492e+04
   1.1790916360188977e+00   7.0239986619594985e-01   7.0934352105248428e+04   2.9504259363293972e+04
   1.1774053922684431e+00   7.0483340310190612e-01   6.8567308525282002e+04   3.4801434670966126e+04
   1.1757124698091916e+00   7.0726259481653664e-01   6.5782023870140372e+04   3.9936999067250159e+04
   1.1740128615343988e+00   7.0968722348234958e-01   6.2582812415701301e+04   4.4872758036186438e+04
   1.1723065844829312e+00   7.1210709140377204e-01   5.8979227222910813e+04   4.9569440025786382e+04
   1.1705936780892305e+00   7.1452202860964853e-01   5.4986526123849828e+04   5.3988069080964815e+04
   1.1688742011602657e+00   7.1693189874211927e-01   5.0625579544718654e+04   5.8091416981586626e+04
   1.1671482277633862e+00   7.1933660295419533e-01   4.5922241059697488e+04   6.1845282275372192e+04
   1.1654158422736796e+00   7.2173608161481362e-01   4.0906317624331023e+04   6.5219382967663012e+04
   1.1636771338793066e+00   7.2413031374798253e-01   3.5610359092070132e+04   6.8187740487699790e+04
   1.1619321908754290e+00   7.2651931426440441e-01   3.0068514527081552e+04   7.0728551602693784e+04
   1.1601810950898011e+00   7.2890312917203770e-01   2.4315669353786896e+04   7.2823661116259551e+04
   1.1584239167750594e+00   7.3128182906902484e-01   1.8386992595920750e+04   7.4457831384148754e+04
   1.1566607102748663e+00   7.3365550132149315e-01   1.2317911190123479e+04   7.5618034492737541e+04
   1.1548915107246831e+00   7.3602424140421541e-01   6.1444190493564347e+03   7.6292963713297228e+04
   1.1531163319861637e+00   7.3838814392960739e-01  -9.6449148395447878e+01   7.6472883076245213e+04
   1.1513351659402633e+00   7.4074729390728911e-01  -6.3661765850871107e+03   7.6149830979882303e+04
   1.1495479831828117e+00   7.4310175876152051e-01  -1.2624524569957350e+04   7.5318094334759793e+04
   1.1477547350822332e+00   7.4545158158801972e-01  -1.8829591151781311e+04   7.3974800677430176e+04
   1.1459553570771952e+00   7.4779677605771022e-01  -2.4938169628358897e+04   7.2120454306558328e+04
   1.1441497730173271e+00   7.5013732327704785e-01  -3.0906317998507864e+04   6.9759272919759780e+04
   1.1423379002870389e+00   7.5247317079841081e-01  -3.6689989840629220e+04   6.6899253399871479e+04
   1.1405196554047150e+00   7.5480423384635986e-01  -4.2245563416785233e+04   6.3551988352483691e+04
   1.1386949597601081e+00   7.5713039869373411e-01  -4.7530143250114168e+04   5.9732341963881372e+04
   1.1368637451432624e+00   7.5945152799322024e-01  -5.2501587392290341e+04   5.5458149189081305e+04
   1.1350259587294613e+00   7.6176746775267878e-01  -5.7118312880303514e+04   5.0750108598550585e+04
   1.1331815672159227e+00   7.6407805554294017e-01  -6.1339023273085462e+04   4.5631991129766255e+04
   1.1313305598553136e+00   7.6638312945085418e-01  -6.5122558429756806e+04   4.0131194864046207e+04
   1.1294729501959040e+00   7.6868253724255009e-01  -6.8428067825522172e+04   3.4279562423814627e+04
   1.1276087764143925e+00   7.7097614518501623e-01  -7.1215649426779739e+04   2.8114274097868587e+04
   1.1257381002107287e+00   7.7326384598933573e-01  -7.3447487403522347e+04   2.1678566930253786e+04
   1.1238610043195141e+00   7.7554556538549002e-01  -7.5089390084423547e+04   1.5022029730721923e+04
   1.1219775887750372e+00   7.7782126691401587e-01  -7.6112509570926268e+04   8.2002920552363685e+03
   1.1200879661414085e+00   7.8009095461974853e-01  -7.6494950508885537e+04   1.2740484377268194e+03
   1.1181922559815376e+00   7.8235467345184595e-01  -7.6222971299754077e+04  -5.6924920909393832e+03
   1.1162905788848125e+00   7.8461250730547005e-01  -7.5291552020245130e+04  -1.2633505437931080e+04
   1.1143830504007115e+00   7.8686457477648031e-01  -7.3704234100469257e+04  -1.9483489150790167e+04
   1.1124697752324355e+00   7.8911102283355061e-01  -7.1472295324638399e+04  -2.6178912872152352e+04
   1.1105508420305774e+00   7.9135201873454208e-01  -6.8613469431454738e+04  -3.2659326106714103e+04
   1.1086263190925087e+00   7.9358774061885973e-01  -6.5150514807531421e+04  -3.8867796408284295e+04
   1.1066962512207339e+00   7.9581836728862787e-01  -6.1109957485562831e+04  -4.4750710144563309e+04
   1.1047606579258029e+00   7.9804406774426817e-01  -5.6521275327876589e+04  -5.0257116105891400e+04
   1.1028195330805270e+00   8.0026499106118287e-01  -5.1416669040192486e+04  -5.5337892477355730e+04
   1.1008728460468620e+00   8.0248125718232000e-01  -4.5831413521223272e+04  -5.9945046522674660e+04
   1.0989205442099412e+00   8.0469294915705691e-01  -3.9804638492110498e+04  -6.4031408729642979e+04
   1.0969625567704411e+00   8.0690010728210904e-01  -3.3380286142379962e+04  -6.7550873874972749e+04
   1.0949987995717598e+00   8.0910272549941431e-01  -2.6607958908258421e+04  -7.0459199777785019e+04
   1.0930291806768240e+00   8.1130075028428317e-01  -1.9543408706956066e+04  -7.2715237195021662e+04
   1.0910536063643395e+00   8.1349408212154817e-01  -1.2248517548231141e+04  -7.4282365726954071e+04
   1.0890719871887733e+00   8.1568257952527190e-01  -4.7907512226550334e+03  -7.5129874922348245e+04
   1.0870842437438037e+00   8.1786606541680540e-01   2.7578028264704508e+03  -7.5234064368073130e+04
   1.0850903117857613e+00   8.2004433554433054e-01   1.0321609939601287e+04  -7.4578930919005536e+04
   1.0830901464107894e+00   8.2221716851205906e-01   1.7822841315059075e+04  -7.3156438461147642e+04
   1.0810837250348988e+00   8.2438433689516155e-01   2.5182312726124917e+04  -7.0966489487516519e+04
   1.0790710489966493e+00   8.2654561885274747e-01   3.2320116456612759e+04  -6.8016801926066953e+04
   1.0770521436835760e+00   8.2870080961932902e-01   3.9155985870863784e+04  -6.4322912483758540e+04
   1.0750270571710649e+00   8.3084973225705450e-01   4.5609556003141246e+04  -5.9908471078396135e+04
   1.0729958574509377e+00   8.3299224708679853e-01   5.1600760442171806e+04  -5.4805872774145413e+04
   1.0709586284112509e+00   8.3512825928388257e-01   5.7050607284653859e+04  -4.9057127036065212e+04
   1.0689154648038264e+00   8.3725772422034417e-01   6.1882498265455193e+04  -4.2714732374907435e+04
   1.0668664664972933e+00   8.3938065025512665e-01   6.6024112786691141e+04  -3.5842249650766214e+04
   1.0648117323572608e+00   8.4149709880958234e-01   6.9409710384636084e+04  -2.8514277122248004e+04
   1.0627513541190106e+00   8.4360718171127502e-01   7.1982559158129254e+04  -2.0815628781141622e+04
   1.0606854106203518e+00   8.4571105593591667e-01   7.3697118135030745e+04  -1.2839682747584598e+04
   1.0586139627427140e+00   8.4780891601754549e-01   7.4520615954454304e+04  -4.6860560513322789e+03
   1.0565370493684048e+00   8.4990098452310359e-01   7.4433777956290942e+04   3.5420755936345995e+03
   1.0544546846033322e+00   8.5198750109222254e-01   7.3430634095178291e+04   1.1740605067758515e+04
   1.0523668564410258e+00   8.5406871062086265e-01   7.1517545152669845e+04   1.9806671068942538e+04
   1.0502735269595116e+00   8.5614485121384332e-01   6.8711761605928623e+04   2.7640099746056017e+04
   1.0481746340527447e+00   8.5821614254383427e-01   6.5039931177714476e+04   3.5144011451972015e+04
   1.0460700946079051e+00   8.6028277523221308e-01   6.0536969714337130e+04   4.2224708196889274e+04
   1.0439598089544888e+00   8.6234490181148460e-01   5.5245603804120707e+04   4.8791146971507093e+04
   1.0418436663357078e+00   8.6440262974262971e-01   4.9216707208488377e+04   5.4754420393097353e+04
   1.0397215510918085e+00   8.6645601684842444e-01   4.2510331475512510e+04   6.0027678721676275e+04
   1.0375933492022502e+00   8.6850506939153660e-01   3.5197128425241863e+04   6.4526831298658435e+04
   1.0354589548116599e+00   8.7054974288114373e-01   2.7359728592754866e+04   6.8172182355759112e+04
   1.0333182763647806e+00   8.7258994554176561e-01   1.9093609436232808e+04   7.0890929278600626e+04
   1.0311712419980079e+00   8.7462554423116579e-01   1.0507069564604437e+04   7.2620235851069170e+04
   1.0290178038785665e+00   8.7665637245845407e-01   1.7201019374983639e+03   7.3310442105620095e+04
   1.0268579412443042e+00   8.7868224003630246e-01  -7.1378125681398142e+03   7.2927924799127009e+04
   1.0246916619738788e+00   8.8070294380902248e-01  -1.5930746577264459e+04   7.1457191333268900e+04
   1.0225190026043420e+00   8.8271827883601750e-01  -2.4519796928063206e+04   6.8901958521646331e+04
   1.0203400268055762e+00   8.8472804938157523e-01  -3.2766522179617758e+04   6.5285192401681772e+04
   1.0181548224132524e+00   8.8673207906855556e-01  -4.0535946777637677e+04   6.0648306689112615e+04
   1.0159634972085454e+00   8.8873021959539111e-01  -4.7698895776659629e+04   5.5049875410422683e+04
   1.0137661737083843e+00   8.9072235749063833e-01  -5.4133643619261486e+04   4.8564266443132728e+04
   1.0115629832901936e+00   8.9270841848353721e-01  -5.9727072941822858e+04   4.1280533130064330e+04
   1.0093540600160316e+00   8.9468836919717820e-01  -6.4375683268934139e+04   3.3301731504221265e+04
   1.0071395345402914e+00   8.9666221601640006e-01  -6.7986822348057322e+04   2.4744610691132715e+04
   1.0049195284813468e+00   8.9863000113776037e-01  -7.0480424178822374e+04   1.5739418779068676e+04
   1.0026941496108139e+00   9.0059179596587891e-01  -7.1791352325945933e+04   6.4294373086343548e+03
   1.0004634881657712e+00   9.0254769217085462e-01  -7.1872218198036193e+04  -3.0301556217701564e+03
   9.9822761452220232e-01   9.0449779085733673e-01  -7.0696337979761316e+04  -1.2474384292266679e+04
   9.9598657838572047e-01   9.0644219041014629e-01  -6.8260369206162257e+04  -2.1731623804598894e+04
   9.9374040956328458e-01   9.0838097366781390e-01  -6.4586165860327099e+04  -3.0627644180457773e+04
   9.9148912028228897e-01   9.1031419512952294e-01  -5.9721512788098575e+04  -3.8990183889123342e+04
   9.8923270892703630e-01   9.1224186891940306e-01  -5.3739615079506737e+04  -4.6653562808358278e+04
   9.8697116497271631e-01   9.1416395821392915e-01  -4.6737468796943329e+04  -5.3462845539383350e+04
   9.8470447481917922e-01   9.1608036678370786e-01  -3.8833457955775440e+04  -5.9277194174772616e+04
   9.8243262816556753e-01   9.1799093321264913e-01  -3.0164648160587185e+04  -6.3972273104108048e+04
   9.8015562452616101e-01   9.1989542823959680e-01  -2.0884242293134615e+04  -6.7441828730466572e+04
   9.7787347947021130e-01   9.2179355552538178e-01  -1.1159524088687529e+04  -6.9598793188808806e+04
   9.7558623017528456e-01   9.2368495598889011e-01  -1.1703734480132243e+03  -7.0376388326962362e+04
   9.7329393991477431e-01   9.2556921568662354e-01   8.8918457188021075e+03  -6.9729692262934841e+04
   9.7099670115403081e-01   9.2744587703958770e-01   1.8825472009130495e+04  -6.7637968694057301e+04
   9.6869463700336700e-01   9.2931445304733562e-01   2.8420394067487738e+04  -6.4107781410445736e+04
   9.6638790086572968e-01   9.3117444397949400e-01   3.7461128629235667e+04  -5.9176589133572714e+04
   9.6407667421734944e-01   9.3302535590726576e-01   4.5731513690082160e+04  -5.2916223752255442e+04
   9.6176116256528166e-01   9.3486672033743012e-01   5.3021082546580627e+04  -4.5435480312633132e+04
   9.5944158973061378e-01   9.3669811414385751e-01   5.9132803766300567e+04  -3.6881046420181665e+04
   9.5711819070409621e-01   9.3851917895998316e-01   6.3891523580652662e+04  -2.7436186128885700e+04
   9.5479120340641288e-01   9.4032963920135570e-01   6.7152221871107598e+04  -1.7316933390421858e+04
   9.5246085975334283e-01   9.4212931793018673e-01   6.8807153786242357e+04  -6.7659645871279945e+03
   9.5012737647242607e-01   9.4391814985186884e-01   6.8791111978419722e+04   3.9552926999072988e+03
   9.4779094613988835e-01   9.4569619084294232e-01   6.7084371589812567e+04   1.4575493995461517e+04
   9.4545172890277940e-01   9.4746362354633362e-01   6.3713289199246872e+04   2.4822260951531556e+04
   9.4310984532170428e-01   9.4922075872628764e-01   5.8748912325727491e+04   3.4430350426924721e+04
   9.4076537071561561e-01   9.5096803224566662e-01   5.2304218818160109e+04   4.3148643772390627e+04
   9.3841833131468588e-01   9.5270599770420150e-01   4.4530680166463659e+04   5.0745867319487879e+04
   9.3606870243448315e-01   9.5443531495055678e-01   3.5614716478493610e+04   5.7015305504563315e+04
   9.3371640877955397e-01   9.5615673484561681e-01   2.5774326428247103e+04   6.1778993929498101e+04
   9.3136132687295869e-01   9.5787108080273198e-01   1.5255819487272671e+04   6.4891918232235825e+04
   9.2900328949646194e-01   9.5957922775600801e-01   4.3302566090585424e+03   6.6246585790673111e+04
   9.2664209192020686e-01   9.6128207930537890e-01  -6.7109838116230430e+03   6.5778026363710072e+04
   9.2427749960676597e-01   9.6298054385302390e-01  -1.7562094574307910e+04   6.3468902565781791e+04
   9.2190925699763293e-01   9.6467551057748213e-01  -2.7910558163239013e+04   5.9354079198909087e+04
   9.1953709693492747e-01   9.6636782608860794e-01  -3.7446711168984533e+04   5.3523809356631980e+04
   9.1716075024027099e-01   9.6805827256894628e-01  -4.5874746841696666e+04   4.6124707227118335e+04
   9.1477995496835451e-01   9.6974754813737940e-01  -5.2924369630190406e+04   3.7357901885249266e+04
   9.1239446487468723e-01   9.7143625007234458e-01  -5.8362084454859309e+04   2.7474156004942477e+04
   9.1000405668432716e-01   9.7312486140921695e-01  -6.2001085918638571e+04   1.6766195691026329e+04
   9.0760853581815670e-01   9.7481374128513254e-01  -6.3708920375436275e+04   5.5589168831652951e+03
   9.0520774032173201e-01   9.7650311925069455e-01  -6.3412478994495526e+04  -5.8015981251291178e+03
   9.0280154284362557e-01   9.7819309360835760e-01  -6.1100344980705355e+04  -1.6959275460323883e+04
   9.0038985062003607e-01   9.7988363367842413e-01  -5.6822939728198347e+04  -2.7558668893813920e+04
   8.9797260353373898e-01   9.8157458574205481e-01  -5.0691174153296051e+04  -3.7254594135424086e+04
   8.9554977042217587e-01   9.8326568227252698e-01  -4.2874335685799386e+04  -4.5720826314416248e+04
   8.9312134390541176e-01   9.8495655394653481e-01  -3.3597714313761542e+04  -5.2658312253286058e+04
   8.9068733408463407e-01   9.8664674383117357e-01  -2.3140050139738727e+04  -5.7803572123631908e+04
   8.8824776152116258e-01   9.8833572307270190e-01  -1.1830386771740301e+04  -6.0937924564653331e+04
   8.8580264994153257e-01   9.9002290737268661e-01  -4.3486772698415393e+01  -6.1897851893777377e+04
   8.8335201912394845e-01   9.9170767352670397e-01   1.1807254377615740e+04  -6.0586291652413129e+04
   8.8089587840504358e-01   9.9338937532033345e-01   2.3280380120376216e+04  -5.6984025245061224e+04
   8.7843422120436809e-01   9.9506735812535541e-01   3.3921020525856220e+04  -5.1159794418508282e+04
   8.7596702089976031e-01   9.9674097161369668e-01   4.3279563305761665e+04  -4.3277462714741268e+04
   8.7349422830371415e-01   9.9840958010400105e-01   5.0933539217978134e+04  -3.3598553377120646e+04
   8.7101577089356941e-01   1.0000725701720914e+00   5.6511212837240935e+04  -2.2478860880619377e+04
   8.6853155384269931e-01   1.0017293552866702e+00   5.9714887984368135e+04  -1.0358487656002404e+04
   8.6604146279171990e-01   1.0033793773705628e+00   6.0341786400071062e+04   2.2545341374663080e+03
   8.6354536819434324e-01   1.0050221053298583e+00   5.8300571673837454e+04   1.4806087342111668e+04
   8.6104313097792973e-01   1.0066570307329854e+00   5.3622111831887392e+04   2.6721732048049980e+04
   8.5853460917911395e-01   1.0082836609537305e+00   4.6463771113078714e+04   3.7434542955047786e+04
   8.5601966515498673e-01   1.0099015102112208e+00   3.7107219710091566e+04   4.6413230360913694e+04
   8.5349817293320218e-01   1.0115100890417157e+00   2.5950279306797875e+04   5.3189091692870308e+04
   8.5097002525235643e-01   1.0131088928173777e+00   1.3493564082357545e+04   5.7380828303031136e+04
   8.4843513985753416e-01   1.0146973899833143e+00   3.2260264312594444e+02   5.8716716366453700e+04
   8.4589346465424975e-01   1.0162750107135521e+00  -1.2914189124363766e+04   5.7053864925293812e+04
   8.4334498138494574e-01   1.0178411366880464e+00  -2.5531706466963064e+04   5.2394213980658307e+04
   8.4078970757212257e-01   1.0193950926660358e+00  -3.6838804013380868e+04   4.4896510902011411e+04
   8.3822769656670992e-01   1.0209361404765733e+00  -4.6173593091936571e+04   3.4882865309098881e+04
   8.3565903564396782e-01   1.0224634759666060e+00  -5.2943049415130517e+04   2.2837836335900003e+04
   8.3308384219627729e-01   1.0239762293430208e+00  -5.6665599987544578e+04   9.3976219396304386e+03
   8.3050225817673373e-01   1.0254734692209442e+00  -5.7014062013592600e+04  -4.6729489766179613e+03
   8.2791444304362505e-01   1.0269542105505602e+00  -5.3854984585149505e+04  -1.8517113923895893e+04
   8.2532056553860234e-01   1.0284174264431576e+00  -4.7279443623060513e+04  -3.1236564200307716e+04
   8.2272079469598924e-01   1.0298620637597073e+00  -3.7619996659401564e+04  -4.1953513166033597e+04
   8.2011529052407162e-01   1.0312870621670651e+00  -2.5449051855949841e+04  -4.9880231612356030e+04
   8.1750419481907965e-01   1.0326913762138648e+00  -1.1555412158787596e+04  -5.4389854033543896e+04
   8.1488762256818670e-01   1.0340739998358754e+00   3.1019115794749268e+03  -5.5080922636910524e+04
   8.1226565436972920e-01   1.0354339925743803e+00   1.7460682147855929e+04  -5.1827778504120128e+04
   8.0963833024892240e-01   1.0367705066862407e+00   3.0438366464414758e+04  -4.4809699744706028e+04
   8.0700564517858686e-01   1.0380828142449703e+00   4.1023674139182622e+04  -3.4513586146242662e+04
   8.0436754653091536e-01   1.0393703332823325e+00   4.8367705478362361e+04  -2.1707757955193123e+04
   8.0172393359283378e-01   1.0406326520024007e+00   5.1865172644674807e+04  -7.3876771828437513e+03
   7.9907465917925646e-01   1.0418695501164674e+00   5.1216831872017778e+04   7.3023585534560680e+03
   7.9641953328088688e-01   1.0430810163985633e+00   4.6466042199368494e+04   2.1164714382393493e+04
   7.9375832859132367e-01   1.0442672616469342e+00   3.8004971029327506e+04   3.3052304138435204e+04
   7.9109078767677499e-01   1.0454287263550646e+00   2.6549019979503242e+04   4.1971111350686318e+04
   7.8841663148468144e-01   1.0465660825436722e+00   1.3081144952236533e+04   4.7171697992423731e+04
   7.8573556883793705e-01   1.0476802293785570e+00  -1.2294543466805869e+03   4.8221091689551213e+04
   7.8304730653113130e-01   1.0487722823929237e+00  -1.5127535967038806e+04   4.5048192704552937e+04
   7.8035155963502789e-01   1.0498435563407946e+00  -2.7382553306456844e+04   3.7958055330333758e+04
   7.7764806162480971e-01   1.0508955419234216e+00  -3.6900613190310389e+04   2.7612858715379483e+04
   7.7493657397496851e-01   1.0519298768458354e+00  -4.2827985795223482e+04   1.4979946722661427e+04
   7.7221689490638745e-01   1.0529483118679066e+00  -4.4636711879593960e+04   1.2499150459000853e+03
   7.6948886702580910e-01   1.0539526727060979e+00  -4.2183648972087154e+04  -1.2269679814753565e+04
   7.6675238366061349e-01   1.0549448188105435e+00  -3.5735758065974704e+04  -2.4276886380098273e+04
   7.6400739375823701e-01   1.0559266001806342e+00  -2.5956671154146276e+04  -3.3603790112506715e+04
   7.6125390528562564e-01   1.0568998134845222e+00  -1.3852673933250742e+04  -3.9338599026103810e+04
   7.5849198712566612e-01   1.0578661588090299e+00  -6.8013631212755524e+02  -4.0928251164306952e+04
   7.5572176952125580e-01   1.0588271983826330e+00   1.2179124608319897e+04  -3.8248791334957656e+04
   7.5294344316084860e-01   1.0597843185833933e+00   2.3363535571192457e+04  -3.1632775276572913e+04
   7.5015725703013025e-01   1.0607386964654444e+00   3.1683557334694804e+04  -2.1846730340712929e+04
   7.4736351517220490e-01   1.0616912719132794e+00   3.6262013887475805e+04  -1.0017059836438566e+04
   7.4456257250358693e-01   1.0626427263657381e+00   3.6644816427656006e+04   2.4907897877622217e+03
   7.4175482982659025e-01   1.0635934688460229e+00   3.2865836811896632e+04   1.4228390968683550e+04
   7.3894072816263323e-01   1.0645436297968942e+00   2.5454174453258383e+04   2.3838184660804396e+04
   7.3612074250829240e-01   1.0654930629591133e+00   1.5378817870716673e+04   3.0223541609051696e+04
   7.3329537509005949e-01   1.0664413552553664e+00   3.9339764203136315e+03   3.2692016191958268e+04
   7.3046514816815999e-01   1.0673878443612008e+00  -7.4229528471665772e+03   3.1050588630262475e+04
   7.2763059641812255e-01   1.0683316433691927e+00  -1.7261023932187680e+04   2.5636872715444195e+04
   7.2479225890403731e-01   1.0692716716933239e+00  -2.4367657866804442e+04   1.7278391531677680e+04
   7.2195067065241070e-01   1.0702066911273120e+00  -2.7915301375096766e+04   7.1821403509876918e+03
   7.1910635384180654e-01   1.0711353457730171e+00  -2.7577184962627754e+04  -3.2326373303779210e+03
   7.1625980864197103e-01   1.0720562044013464e+00  -2.3572675499918543e+04  -1.2535922441622830e+04
   7.1341150376654927e-01   1.0729678037049550e+00  -1.6632549463318584e+04  -1.9493310937082955e+04
   7.1056186684441169e-01   1.0738686908549222e+00  -7.8867603740322620e+03  -2.3245483768545877e+04
   7.0771127476357032e-01   1.0747574637850079e+00   1.3099465567606792e+03  -2.3431583820060081e+04
   7.0486004419524551e-01   1.0756328076982800e+00   9.5881381230652605e+03  -2.0235212820304652e+04
   7.0200842255978047e-01   1.0764935264200481e+00   1.5775883305687217e+04  -1.4343921283963276e+04
   6.9915657974605505e-01   1.0773385674044922e+00   1.9077769224345411e+04  -6.8276075830046466e+03
   6.9630460093710345e-01   1.0781670394339746e+00   1.9190177223676990e+04   1.0444046832382135e+03
   6.9345248092210854e-01   1.0789782223219011e+00   1.6332815774501547e+04   8.0164659023689319e+03
   6.9060012028463347e-01   1.0797715682321631e+00   1.1191228034903195e+04   1.3052746839027057e+04
   6.8774732384549309e-01   1.0805466945496722e+00   4.7811652019668109e+03   1.5500178196181558e+04
   6.8489380170384406e-01   1.0813033685649647e+00  -1.7398417422856930e+03   1.5179775445797133e+04
   6.8203917316081952e-01   1.0820414845588047e+00  -7.2786462075916179e+03   1.2391390095854782e+04
   6.7918297372698833e-01   1.0827610341773630e+00  -1.0992378379661006e+04   7.8333606161133239e+03
   6.7632466531009672e-01   1.0834620712628515e+00  -1.2420585377521515e+04   2.4546214212911696e+03
   6.7346364955654225e-01   1.0841446725371171e+00  -1.1541215900006837e+04  -2.7307366804649905e+03
   6.7059928418393067e-01   1.0848088957171587e+00  -8.7433418669902403e+03  -6.8302040753227830e+03
   6.6773090199900298e-01   1.0854547367637373e+00  -4.7258059478258110e+03  -9.2257394925337430e+03
   6.6485783215239946e-01   1.0860820880218363e+00  -3.4490840665869638e+02  -9.6657052961595236e+03
   6.6197942304677992e-01   1.0866906990013732e+00   3.5569738811738725e+03  -8.2818629050276159e+03
   6.5909506619554803e-01   1.0872801414679396e+00   6.3078942869261509e+03  -5.5327419668035845e+03
   6.5620422023332259e-01   1.0878497803685305e+00   7.5188157594500863e+03  -2.0889798269725093e+03
   6.5330643421308943e-01   1.0883987519113112e+00   7.1332226707422269e+03   1.3133402014962403e+03
   6.5040136929414094e-01   1.0889259498586097e+00   5.4084944708198136e+03   4.0206280290216378e+03
   6.4748881793351110e-01   1.0894300207883101e+00   2.8374292993395243e+03   5.5819357486928502e+03
   6.4456871974363583e-01   1.0899093687421417e+00   2.9604254185785273e+01   5.8195646795533030e+03
   6.4164117327054515e-01   1.0903621693228145e+00  -2.4210008367963319e+03   4.8395865193470518e+03
   6.3870644307777114e-01   1.0907863929396260e+00  -4.0545912020071528e+03   2.9844050899189779e+03
   6.3576496168705543e-01   1.0911798365481420e+00  -4.6273010062790790e+03   7.4103383886611323e+02
   6.3281732612148744e-01   1.0915401628979717e+00  -4.1419189312578465e+03  -1.3730518223848992e+03
   6.2986428901171609e-01   1.0918649460069163e+00  -2.8247413012563347e+03  -2.9213022654631800e+03
   6.2690674445187244e-01   1.0921517213316658e+00  -1.0570692751291781e+03  -3.6335519149070665e+03
   6.2394570901817570e-01   1.0923980389152534e+00   7.2104916761381890e+02  -3.4491359753159236e+03
   6.2098229857899567e-01   1.0926015176673163e+00   2.1122593655660266e+03  -2.5111970338247688e+03
   6.1801770171945425e-01   1.0927598988804719e+00   2.8460323397988809e+03  -1.1166430059711900e+03
   6.1505315076636857e-01   1.0928710971072402e+00   2.8279950023176784e+03   3.6425596891456541e+02
   6.1208989152149029e-01   1.0929332466164812e+00   2.1456561048476829e+03   1.5785921419462138e+03
   6.0912915288543878e-01   1.0929447418130285e+00   1.0320769048303312e+03   2.2705342426059324e+03
   6.0617211757649847e-01   1.0929042702326459e+00  -2.0136571460859193e+02   2.3323574559505669e+03
   6.0321989511500795e-01   1.0928108370078833e+00  -1.2453552946211378e+03   1.8167571855337692e+03
   6.0027349815579911e-01   1.0926637800275301e+00  -1.8662420331903174e+03   9.1012467351478949e+02
   5.9733382311087413e-01   1.0924627753702474e+00  -1.9557078491754246e+03  -1.2416130084499046e+02
   5.9440163581818650e-01   1.0922078329670162e+00  -1.5461185300882883e+03  -1.0166221320611768e+03
   5.9147756278794039e-01   1.0918992828223331e+00  -7.9022574104029820e+02  -1.5584108096811638e+03
   5.8856208830578194e-01   1.0915377524850096e+00   8.7208798115624006e+01  -1.6477199683458393e+03
   5.8565555740430242e-01   1.0911241367914681e+00   8.5177407235666453e+02  -1.3058187906091189e+03
   5.8275818444350691e-01   1.0906595611935748e+00   1.3190943045413310e+03  -6.6098332326304831e+02
   5.7987006678059161e-01   1.0901453402173948e+00   1.3970180895834144e+03   9.3175028802984642e+01
   5.7699120277257887e-01   1.0895829327689035e+00   1.1010115104394854e+03   7.5244811746471635e+02
   5.7412151315419235e-01   1.0889738961004698e+00   5.4097816888965883e+02   1.1549144341554618e+03
   5.7126086467826998e-01   1.0883198402733518e+00  -1.1484310452761834e+02   1.2186721366821771e+03
   5.6840909480540325e-01   1.0876223848958031e+00  -6.8784838550300140e+02   9.5604813421653205e+02
   5.6556603618886536e-01   1.0868831197853865e+00  -1.0357174025314357e+03   4.6258857313696922e+02
   5.6273153972317858e-01   1.0861035710033811e+00  -1.0859683094493275e+03  -1.1429915046460853e+02
   5.5990549500915554e-01   1.0852851734469144e+00  -8.4894610896418419e+02  -6.1740912701931836e+02
   5.5708784723146354e-01   1.0844292508717339e+00  -4.0860610592326788e+02  -9.2093897857794832e+02
   5.5427860963990228e-01   1.0835370038686283e+00   1.0479196972359647e+02  -9.6042908430407454e+02
   5.5147787106320234e-01   1.0826095059442988e+00   5.5172696103032217e+02  -7.4471902998518499e+02
   5.4868579815254426e-01   1.0816477074792192e+00   8.2004841857097995e+02  -3.4826365350594062e+02
   5.4590263233763758e-01   1.0806524469669601e+00   8.5193120236081393e+02   1.1277800819238159e+02
   5.4312868176659690e-01   1.0796244685981469e+00   6.5500724879489405e+02   5.1343805008686468e+02
   5.4036430877712005e-01   1.0785644449525200e+00   2.9594932812552679e+02   7.5283175369951482e+02
   5.3760991369630362e-01   1.0774730033185429e+00  -1.2067872132408202e+02   7.7867370358330209e+02
   5.3486591597648159e-01   1.0763507539826183e+00  -4.8195407722920783e+02   5.9770758458856085e+02
   5.3213273383357040e-01   1.0751983187281740e+00  -6.9643179380447418e+02   2.7026385392324130e+02
   5.2941076365359208e-01   1.0740163577638435e+00  -7.1661456152623828e+02  -1.0869876432920979e+02
   5.2670036046654278e-01   1.0728055933618352e+00  -5.4870501541471629e+02  -4.3639701740277309e+02
   5.2400182075197310e-01   1.0715668286306590e+00  -2.4784818900977919e+02  -6.2950422710928547e+02
   5.2131536873848416e-01   1.0703009600653988e+00   9.9094084195631481e+01  -6.4481555902639934e+02
   5.1864114719417009e-01   1.0690089828052169e+00   3.9807741623299518e+02  -4.8829096420349509e+02
   5.1597921348448528e-01   1.0676919878697344e+00   5.7292956099236085e+02  -2.1074972021156515e+02
   5.1332954140865528e-01   1.0663511510293313e+00   5.8435490531475421e+02   1.0794059044884649e+02
   5.1069202902844268e-01   1.0649877133724674e+00   4.3824210475689938e+02   3.8142698668681845e+02
   5.0806651238867795e-01   1.0636029540483001e+00   1.8167353425402231e+02   5.3991426076622929e+02
   5.0545278471292887e-01   1.0621981560665368e+00  -1.1165613274979609e+02   5.4762465852150922e+02
   5.0285062035631367e-01   1.0607745664103989e+00  -3.6222090133194479e+02   4.1040085542641572e+02
   5.0025980252576319e-01   1.0593333520455173e+00  -5.0586893214483541e+02   1.7199379055601406e+02
   4.9768015355036366e-01   1.0578755536718172e+00  -5.0988514641364355e+02  -9.9384460422609962e+01
   4.9511156631249581e-01   1.0564020392540276e+00  -3.7999363866802656e+02  -3.3021161792267151e+02
   4.9255403534367193e-01   1.0549134594691396e+00  -1.5695504096233168e+02  -4.6121944588338670e+02
   4.9000768605337419e-01   1.0534102072195610e+00   9.5816767989171609e+01  -4.6226426755498443e+02
   4.8747280059737225e-01   1.0518923832762881e+00   3.0995309456540502e+02  -3.3888310174393115e+02
   4.8494983900293592e-01   1.0503597699385314e+00   4.3030284389694447e+02  -1.2924181397003881e+02
   4.8243945434740793e-01   1.0488118143307070e+00   4.2885753939370744e+02   1.0729085896406329e+02
   4.7994250102581998e-01   1.0472476226139700e+00   3.1101497690990379e+02   3.0662592904972684e+02
   4.7746003543150722e-01   1.0456659659806444e+00   1.1287167163877298e+02   4.1702819452330255e+02
   4.7499330869770728e-01   1.0440652988423578e+00  -1.0942379119365447e+02   4.1234014016111541e+02
   4.7254375149257877e-01   1.0424437891349179e+00  -2.9522991665098107e+02   2.9805209057049353e+02
   4.7011295120876972e-01   1.0407993601653398e+00  -3.9568704138842111e+02   1.0884808134092762e+02
   4.6770262222513848e-01   1.0391297429399966e+00  -3.8642983750896946e+02  -1.0151195526120523e+02
   4.6531457022654493e-01   1.0374325374586455e+00  -2.7346852854074029e+02  -2.7514162454125812e+02
   4.6295065183338913e-01   1.0357052810568848e+00  -9.0805932451646726e+01  -3.6575595867420657e+02
   4.6061273100323741e-01   1.0339455215475517e+00   1.0944500796031686e+02  -3.5096305108025842e+02
   4.5830263381281960e-01   1.0321508926649261e+00   2.7168341628561512e+02  -2.3785191134502043e+02
   4.5602210330320242e-01   1.0303191891660606e+00   3.5215630139719519e+02  -6.0431333358772449e+01
   4.5377275607098949e-01   1.0284484388991735e+00   3.3079672360720934e+02   1.3029948264968283e+02
   4.5155604221434481e-01   1.0265369692129260e+00   2.1632286418160689e+02   2.8083689131115125e+02
   4.4937321009845427e-01   1.0245834652516819e+00   4.3238277658878964e+01   3.5013705102468577e+02
   4.4722527719801536e-01   1.0225870179544199e+00  -1.3834486740084330e+02   3.2085360569785286e+02
   4.4511300801462511e-01   1.0205471599388118e+00  -2.7710449610534602e+02   2.0371706812765339e+02
   4.4303689976706673e-01   1.0184638878927514e+00  -3.3498620696869858e+02   3.3903896782647969e+01
   4.4099717622685652e-01   1.0163376705956177e+00  -2.9763366574248812e+02  -1.3944392661459599e+02
   4.3899378973517045e-01   1.0141694422305665e+00  -1.7786850185652398e+02  -2.6742808344333281e+02
   4.3702643110616862e-01   1.0119605812046961e+00  -1.1376282772779243e+01  -3.1518891206410348e+02
   4.3509454681070336e-01   1.0097128752432476e+00   1.5397373322040480e+02  -2.7135496491592312e+02
   4.3319736255733921e-01   1.0074284740439505e+00   2.7194880434014124e+02  -1.5057480934888710e+02
   4.3133391215644956e-01   1.0051098312464986e+00   3.1088423936969480e+02   1.1371650993929061e+01
   4.2950307037736518e-01   1.0027596378702792e+00   2.6209431210150598e+02   1.6824336518520826e+02
   4.2770358839483247e-01   1.0003807496841615e+00   1.4155872766886313e+02   2.7656985487550094e+02
   4.2593413037284339e-01   9.9797611118245255e-01  -1.5325921793307577e+01   3.0763675672008236e+02
   4.2419330975161762e-01   9.9554867894240562e-01  -1.6418612884724834e+02   2.5493774001348874e+02
   4.2247972388420801e-01   9.9310134712704456e-01  -2.6419686500166148e+02   1.3522023276405355e+02
   4.2079198580707283e-01   9.9063687777346265e-01  -2.8916034797972640e+02  -1.6890485405504553e+01
   4.1912875211567358e-01   9.8815783827701864e-01  -2.3417356376811978e+02  -1.5894666216802307e+02
   4.1748874614108972e-01   9.8566654815653931e-01  -1.1626092345708065e+02  -2.5248516640262542e+02
   4.1587077587495058e-01   9.8316503677905775e-01   3.0948320301077892e+01  -2.7332638818919315e+02
   4.1427374635455361e-01   9.8065501325309512e-01   1.6682849146934021e+02  -2.1765984288243536e+02
   4.1269666648493647e-01   9.7813784918750968e-01   2.5491667379415628e+02  -1.0245263022092246e+02
   4.1113865052713661e-01   9.7561457448096267e-01   2.7259271601816454e+02   3.9718473724982196e+01
   4.0959891471028614e-01   9.7308588577829458e-01   2.1676033302435980e+02   1.6984403157499281e+02
   4.0807676961967143e-01   9.7055216672715527e-01   1.0415406082975694e+02   2.5310409135447125e+02
   4.0657160916540719e-01   9.6801351871265517e-01  -3.3645284128993822e+01   2.6807876493637872e+02
   4.0508289704154721e-01   9.6546980035863195e-01  -1.5901739731875887e+02   2.1214934552651548e+02
   4.0361015164023328e-01   9.6292067377710200e-01  -2.3849937360295201e+02   1.0176005970903840e+02
   4.0215293038975997e-01   9.6036565533484286e-01  -2.5163660492114397e+02  -3.2403427451293688e+01
   4.0071081444134049e-01   9.5780416859518192e-01  -1.9616978969438304e+02  -1.5392346016019894e+02
   3.9928339454173184e-01   9.5523559708700900e-01  -8.8258146149660007e+01  -2.3050689145289164e+02
   3.9787025880424687e-01   9.5265933464976960e-01   4.2218895231818827e+01  -2.4253669318612540e+02
   3.9647098293742067e-01   9.5007483129625281e-01   1.5993076767941565e+02  -1.8806363313901045e+02
   3.9508512331803919e-01   9.4748163281345721e-01   2.3365685992459777e+02  -8.2973893759421813e+01
   3.9371221311334575e-01   9.4487941267114717e-01   2.4455674535008259e+02   4.3618261765593140e+01
   3.9235176147596484e-01   9.4226799521024662e-01   1.9096043194692780e+02   1.5742492032073551e+02
   3.9100325566388378e-01   9.3964736951926708e-01   8.8465386576407568e+01   2.2825857046707895e+02
   3.8966616578517638e-01   9.3701769385560552e-01  -3.4588174349542463e+01   2.3801548797870831e+02
   3.8833995174010655e-01   9.3437929090865535e-01  -1.4495255679151478e+02   1.8525786195348516e+02
   3.8702407183714449e-01   9.3173263461300082e-01  -2.1344799341998214e+02   8.5243917743437635e+01
   3.8571799249771954e-01   9.2907832958408121e-01  -2.2265296879972567e+02  -3.4497685116888476e+01
   3.8442119843854727e-01   9.2641708454970417e-01  -1.7128736106539804e+02  -1.4176314761444587e+02
   3.8313320272953433e-01   9.2374968137628888e-01  -7.4200350785337179e+01  -2.0833892605374095e+02
   3.8185355616702243e-01   9.2107694143006491e-01   4.1926362709800657e+01  -2.1740729918667836e+02
   3.8058185547229539e-01   9.1839969106639596e-01   1.4591466123955499e+02  -1.6775829537525419e+02
   3.7931774991831302e-01   9.1571872800497578e-01   2.1044833336619175e+02  -7.3771278114848073e+01
   3.7806094609701557e-01   9.1303479022927947e-01   2.1921996260749469e+02   3.8725858574302265e+01
   3.7681121065812268e-01   9.1034852885358286e-01   1.7101010886870824e+02   1.3952874706860896e+02
   3.7556837097093720e-01   9.0766048614218464e-01   7.9696129095615035e+01   2.0212848590461709e+02
   3.7433231377621701e-01   9.0497107955769018e-01  -2.9719323959835695e+01   2.1063717866289051e+02
   3.7310298199939690e-01   9.0228059237537517e-01  -1.2792915506921746e+02   1.6377168600988549e+02
   3.7188036998400720e-01   8.9958917104647163e-01  -1.8914026235602802e+02   7.4910567561541285e+01
   3.7066451747091617e-01   8.9689682914323299e-01  -1.9781567342634034e+02  -3.1712203832855778e+01
   3.6945550269242805e-01   8.9420345739011975e-01  -1.5258927160126399e+02  -1.2760302084463407e+02
   3.6825343496911139e-01   8.9150883899469358e-01  -6.6375101263545361e+01  -1.8760924770437484e+02
   3.6705844719193159e-01   8.8881266925218116e-01   3.7291834917020736e+01  -1.9650732123742353e+02
   3.6587068854462024e-01   8.8611457822024509e-01   1.3065723885416367e+02  -1.5285963901274081e+02
   3.6469031777429062e-01   8.8341415515211641e-01   1.8915981997131675e+02  -6.9166313900917203e+01
   3.6351749725616617e-01   8.8071097334066895e-01   1.9788127272991429e+02   3.1671455438715011e+01
   3.6235238802576153e-01   8.7800461406261820e-01   1.5534272821216555e+02   1.2258597872691085e+02
   3.6119514587408136e-01   8.7529468841677249e-01   7.3681580874590338e+01   1.7958507843025521e+02
   3.6004591852367840e-01   8.7258085601539359e-01  -2.4785159852648199e+01   1.8806693191344257e+02
   3.5890484383072857e-01   8.6986283970264888e-01  -1.1364596428354301e+02   1.4654557064258478e+02
   3.5777204889503872e-01   8.6714043572583466e-01  -1.6947288615304032e+02   6.6835859587935559e+01
   3.5664764990976844e-01   8.6441351905888952e-01  -1.7799652889033183e+02  -2.9298076541380354e+01
   3.5553175254819197e-01   8.6168204385816705e-01  -1.3774967856538279e+02  -1.1608580868493713e+02
   3.5442445266755779e-01   8.5894603930219193e-01  -6.0249779922822754e+01  -1.7066398381301531e+02
   3.5332583711028609e-01   8.5620560131540857e-01   3.3273603261658096e+01  -1.7910580201063021e+02
   3.5223598439954551e-01   8.5346088088802019e-01   1.1768046545648440e+02  -1.3997698391255852e+02
   3.5115496515771200e-01   8.5071206986898140e-01   1.7066719457822924e+02  -6.4512686492209184e+01
   3.5008284211949681e-01   8.4795938521935255e-01   1.7864924986936859e+02   2.6576376431604395e+01
   3.4901966966312853e-01   8.4520305276388041e-01   1.4023022294925522e+02   1.0876428419173058e+02
   3.4796549283888051e-01   8.4244329146841179e-01   6.6375053446741319e+01   1.6029208168608673e+02
   3.4692034593031956e-01   8.3968029920195042e-01  -2.2704771693165160e+01   1.6790798432111211e+02
   3.4588425063583900e-01   8.3691424081988419e-01  -1.0307336582576896e+02   1.3025443930339446e+02
   3.4485721400267183e-01   8.3414523923760675e-01  -1.5349457593039622e+02   5.8040029393661548e+01
   3.4383922627950414e-01   8.3137336996177946e-01  -1.6103734510097931e+02  -2.8998684007094674e+01
   3.4283025887479207e-01   8.2859865932234467e-01  -1.2438575849787178e+02  -1.0748825721918227e+02
   3.4183026261442079e-01   8.2582108641517804e-01  -5.4009239551956711e+01  -1.5669360740560595e+02
   3.4083916648414397e-01   8.2304058853687667e-01   3.0804935403001615e+01  -1.6399569861355326e+02
   3.3985687701980277e-01   8.2025706968230871e-01   1.0722068716330617e+02  -1.2812661925655959e+02
   3.3888327847326449e-01   8.1747041149447808e-01   1.5498756291740992e+02  -5.9334351447375234e+01
   3.3791823383667391e-01   8.1468048591462905e-01   1.6179458984308843e+02   2.3521426664494854e+01
   3.3696158675505372e-01   8.1188716868610655e-01   1.2642899233915620e+02   9.8123778205653792e+01
   3.3601316430103056e-01   8.0909035282300401e-01   5.8930514037077053e+01   1.4469646055624858e+02
   3.3507278052924910e-01   8.0628996116579055e-01  -2.2255057047684801e+01   1.5123409469715335e+02
   3.3414024067559667e-01   8.0348595720956206e-01  -9.5319116076490388e+01   1.1658175076627634e+02
   3.3321534582119378e-01   8.0067835350196959e-01  -1.4095209973605898e+02   5.0575699483712185e+01
   3.3229789780622071e-01   7.9786721706014274e-01  -1.4744856291070255e+02  -2.8746685144505012e+01
   3.3138770415639929e-01   7.9505267143977176e-01  -1.1370669114278300e+02  -1.0007814884663215e+02
   3.3048458277686099e-01   7.9223489529381208e-01  -4.9356622445082024e+01  -1.4456591311591075e+02
   3.2958836617488663e-01   7.8941411747107082e-01   2.7970286849233435e+01  -1.5079191503203759e+02
   3.2869890499426657e-01   7.8659060891352084e-01   9.7457922860060762e+01  -1.1769551343301583e+02
   3.2781607067862362e-01   7.8376467180358500e-01   1.4069237657010029e+02  -5.4694919537431204e+01
   3.2693975712689577e-01   7.8093662657774399e-01   1.4652175477302018e+02   2.0979065067288214e+01
   3.2606988125859254e-01   7.7810679755105239e-01   1.1390981794967892e+02   8.8983320508788864e+01
   3.2520638246606920e-01   7.7527549798142503e-01   5.2058369807750005e+01   1.3131611423378641e+02
   3.2434922099239721e-01   7.7244301543807781e-01  -2.2190524730824894e+01   1.3706536116707656e+02
   3.2349837533267733e-01   7.6960959832352926e-01  -8.8941054196398824e+01   1.0520336424096379e+02
   3.2265383881032877e-01   7.6677544433413647e-01  -1.3057268299832609e+02   4.4717083788485169e+01
   3.2181561552473914e-01   7.6394069153418453e-01  -1.3638827999727167e+02  -2.7920900324777211e+01
   3.2098371590005098e-01   7.6110541256963138e-01  -1.0535937424626371e+02  -9.3232039540729374e+01
   3.2015815208477655e-01   7.5826961236838641e-01  -4.6267594046160710e+01  -1.3394743460562296e+02
   3.1933893345727454e-01   7.5543322947508718e-01   2.4759859764166350e+01  -1.3956670264889974e+02
   3.1852606248263465e-01   7.5259614096092953e-01   8.8632778470883494e+01  -1.0905964758555916e+02
   3.1771953114280893e-01   7.4975817064557859e-01   1.2841110780818619e+02  -5.1017589794796585e+01
   3.1691931812549129e-01   7.4691910017981089e-01   1.3378202008539657e+02   1.8754023635713292e+01
   3.1612538691041320e-01   7.4407868237537145e-01   1.0371922057542012e+02   8.1530873494591745e+01
   3.1533768483741709e-01   7.4123665604168465e-01   4.6639418281925906e+01   1.2068825352655584e+02
   3.1455614318206215e-01   7.3839276150458155e-01  -2.1955733807578284e+01   1.2609914353652704e+02
   3.1378067820524236e-01   7.3554675594509955e-01  -8.3694552292924186e+01   9.6748659961915621e+01
   3.1301119308687936e-01   7.3269842770827720e-01  -1.2226238081858882e+02   4.0890087028685244e+01
   3.1224758060350943e-01   7.2984760879220389e-01  -1.2771961311982574e+02  -2.6269240979443698e+01
   3.1148972636852845e-01   7.2699418483253953e-01  -9.9067618181160952e+01  -8.6705171605264894e+01
   3.1073751242428482e-01   7.2413810204133566e-01  -4.4400756061391746e+01  -1.2441173541930493e+02
   3.0999082095880942e-01   7.2127937073279502e-01   2.1365196899769796e+01  -1.2963663468822992e+02
   3.0924953791753684e-01   7.1841806526264707e-01   8.0551499889766404e+01  -1.0139661367108820e+02
   3.0851355629191324e-01   7.1555432041094180e-01   1.1745723656766583e+02  -4.7625547858704081e+01
   3.0778277889137323e-01   7.1268832443863794e-01   1.2251119344472231e+02   1.7052393785953388e+01
   3.0705712044118960e-01   7.0982030923492023e-01   9.4738069107592779e+01   7.5299757910382652e+01
   3.0633650889376690e-01   7.0695053813419417e-01   4.1906186665431079e+01   1.1171144747390996e+02
   3.0562088589220715e-01   7.0407929210994158e-01  -2.1650817011727639e+01   1.1688510900051877e+02
   3.0491020637922339e-01   7.0120685514005288e-01  -7.8927952142794240e+01   8.9842884156786994e+01
   3.0420443739827008e-01   6.9833349957975965e-01  -1.1480143129770335e+02   3.8183878965467407e+01
   3.0350355618390568e-01   6.9545947237213723e-01  -1.2002287328113748e+02  -2.4042780244040618e+01
   3.0280754768171375e-01   6.9258498287240788e-01  -9.3602897482665028e+01  -8.0150112863318597e+01
   3.0211640167210779e-01   6.8971019296465852e-01  -4.2972659814958618e+01  -1.1527793037820557e+02
   3.0143010969495915e-01   6.8683521001357661e-01   1.8091587632092281e+01  -1.2031780229135634e+02
   3.0074866198195077e-01   6.8396008302748379e-01   7.3203142370388790e+01  -9.4264100648830080e+01
   3.0007204460043013e-01   6.8108480222208612e-01   1.0774841909806911e+02  -4.4386347495123921e+01
   2.9940023699657159e-01   6.7820930197740981e-01   1.1274902588733688e+02   1.5797548212848515e+01
   2.9873321009807774e-01   6.7533346698522778e-01   8.7183395451542154e+01   7.0184402646308911e+01
   2.9807092509918121e-01   6.7245714120154632e-01   3.8168736977690287e+01   1.0439461744882600e+02
   2.9741333300589495e-01   6.6958013905928948e-01  -2.1021689664011756e+01   1.0957537709658304e+02
   2.9676037497005830e-01   6.6670225826902874e-01  -7.4555855347347816e+01   8.4693096751576675e+01
   2.9611198338997674e-01   6.6382329344765112e-01  -1.0828131179911401e+02   3.6721881431607933e+01
   2.9546808370644628e-01   6.6094304977129914e-01  -1.1347068016400276e+02  -2.1299683180806539e+01
   2.9482859677881895e-01   6.5806135585183334e-01  -8.9083186413433992e+01  -7.3803681499095234e+01
   2.9419344168919837e-01   6.5517807508536119e-01  -4.1956472013949430e+01  -1.0686215904368390e+02
   2.9356253879610122e-01   6.5229311481378782e-01   1.5099829901878296e+01  -1.1187408719615462e+02
   2.9293581284359754e-01   6.4940643277059729e-01   6.6778235041491840e+01  -8.7794062976271036e+01
   2.9231319592892813e-01   6.4651804044235250e-01   9.9373170111909189e+01  -4.1325919459948729e+01
   2.9169463014103103e-01   6.4362800315841140e-01   1.0440836128531376e+02   1.4947224633782374e+01
   2.9108006970356654e-01   6.4073643691260329e-01   8.0832269226531977e+01   6.5975373282737252e+01
   2.9046948248760401e-01   6.3784350211096774e-01   3.5214252373189822e+01   9.8271161690959630e+01
   2.8986285079898227e-01   6.3494939461814515e-01  -2.0087446022641327e+01   1.0347802498723281e+02
   2.8926017139101018e-01   6.3205433463139138e-01  -7.0275396954763281e+01   8.0534144800961542e+01
   2.8866145470170373e-01   6.2915855403644616e-01  -1.0207287850010459e+02   3.5873628804827931e+01
   2.8806672336306116e-01   6.2626228298651543e-01  -1.0723533818127856e+02  -1.8365858787486925e+01
   2.8747601007498969e-01   6.2336573648951199e-01  -8.4686325929661933e+01  -6.7630450560521908e+01
   2.8688935497549950e-01   6.2046910178700054e-01  -4.0726431361063561e+01  -9.8843128530041042e+01
   2.8630680266931369e-01   6.1757252726127976e-01   1.2719015595313030e+01  -1.0386270721036303e+02
   2.8572839909714309e-01   6.1467611351751372e-01   6.1327406393352362e+01  -8.1595558878027944e+01
   2.8515418843636992e-01   6.1177990716114428e-01   9.2209552366688342e+01  -3.8213833588561862e+01
   2.8458421022020630e-01   6.0888389763431705e-01   9.7320785918167431e+01   1.4558401940485846e+01
   2.8401849684686087e-01   6.0598801729796536e-01   7.5551116443534994e+01   6.2616923643391885e+01
   2.8345707162384032e-01   6.0309214475872175e-01   3.2952215293311951e+01   9.3250622958823726e+01
   2.8289994745692787e-01   6.0019611125289130e-01  -1.8941415372092770e+01   9.8508235071026576e+01
   2.8234712625090658e-01   5.9729970972409574e-01  -6.6233216332607427e+01   7.7267558540933763e+01
   2.8179859904240723e-01   5.9440270607702728e-01  -9.6384342522778184e+01   3.5468880214764468e+01
   2.8125434683736089e-01   5.9150485196583868e-01  -1.0153755262392589e+02  -1.5532848192794052e+01
   2.8071434207945839e-01   5.8860589838921507e-01  -8.0564266606566306e+01  -6.2041606058215876e+01
   2.8017855063469937e-01   5.8570560931989635e-01  -3.9301369440106221e+01  -9.1688571577978706e+01
   2.7964693414320418e-01   5.8280377459685562e-01   1.1068862690811148e+01  -9.6712815692398564e+01
   2.7911945256514897e-01   5.7990022135334207e-01   5.7047169336541614e+01  -7.5984126756720713e+01
   2.7859606673455212e-01   5.7699482334073604e-01   8.6434201910847051e+01  -3.5240753432085505e+01
   2.7807674073355088e-01   5.7408750763159588e-01   9.1566756200099206e+01   1.4504474981389938e+01
   2.7756144391095122e-01   5.7117825833803626e-01   7.1314794860426346e+01   5.9947529837015381e+01
   2.7705015239150926e-01   5.6826711715479650e-01   3.1319271906739601e+01   8.9057879179293238e+01
   2.7654284995529571e-01   5.6535418071987142e-01  -1.7575350143059033e+01   9.4269373081345890e+01
   2.7603952820756583e-01   5.6243959496871543e-01  -6.2258644835958854e+01   7.4451336678075890e+01
   2.7554018600629643e-01   5.5952354683019945e-01  -9.0866183423790218e+01   3.5147275578238983e+01
   2.7504482816402476e-01   5.5660625376369544e-01  -9.5925513461245700e+01  -1.2965057499927015e+01
   2.7455346348976095e-01   5.5368795175817043e-01  -7.6302760441679240e+01  -5.6964797757256527e+01
   2.7406610228242995e-01   5.5076888249905520e-01  -3.7443938750556050e+01  -8.5147882063538830e+01
   2.7358275342664684e-01   5.4784928045206605e-01   1.0136463202310145e+01  -9.0130021427216263e+01
   2.7310342127207438e-01   5.4492936061272057e-01   5.3700743830210840e+01  -7.0771115119836125e+01
   2.7262810249718633e-01   5.4200930762616006e-01   8.1697873418934293e+01  -3.2420716096480113e+01
   2.7215678316557612e-01   5.3908926689682102e-01   8.6826129211259939e+01   1.4564937122603945e+01
   2.7168943617744484e-01   5.3616933818654078e-01   6.7937410210000877e+01   5.7624078719899515e+01
   2.7122601930070023e-01   5.3324957205004919e-01   3.0287386230672968e+01   8.5351970148777639e+01
   2.7076647393620668e-01   5.3032996928734688e-01  -1.5920266981429766e+01   9.0525596026526486e+01
   2.7031072473178874e-01   5.2741048341309771e-01  -5.8293292435136550e+01   7.1988936871652740e+01
   2.6985868011191860e-01   5.2449102596456765e-01  -8.5568428206905267e+01   3.4907185094507383e+01
   2.6941023373743311e-01   5.2157147430208184e-01  -9.0599475704482373e+01  -1.0663609700453911e+01
   2.6896526685518374e-01   5.1865168140949325e-01  -7.2223409152964834e+01  -5.2496200973627978e+01
   2.6852365144456081e-01   5.1573148708513727e-01  -3.5517479400515171e+01  -7.9465960786184795e+01
   2.6808525401944699e-01   5.1281072983308207e-01   9.6071229132160898e+00  -8.4502417425883067e+01
   2.6764993990336100e-01   5.0988925872489876e-01   5.1085988641396845e+01  -6.6435495866194458e+01
   2.6721757776480071e-01   5.0696694450584967e-01   7.7931535421907981e+01  -3.0254722061639818e+01
   2.6678804418101670e-01   5.0404368926613352e-01   8.3147514805554223e+01   1.4273343245109256e+01
   2.6636122799286921e-01   5.0111943408478044e-01   6.5555059613768449e+01   5.5246478059394946e+01
   2.6593703422144699e-01   4.9819416417586782e-01   3.0054338276459717e+01   8.1812460518702750e+01
   2.6551538733839664e-01   4.9526791121667130e-01  -1.3733263571394701e+01   8.7046425297484205e+01
   2.6509623371525282e-01   4.9234075270630234e-01  -5.4066174453501148e+01   6.9757536048667106e+01
   2.6467954312057990e-01   4.8941280838150431e-01  -8.0223715186828628e+01   3.4754672376832296e+01
   2.6426530918492774e-01   4.8648423389284623e-01  -8.5347380693367569e+01  -8.4850773483917568e+00
   2.6385354880951389e-01   4.8355521210943497e-01  -6.8230255142865957e+01  -4.8376546996259449e+01
   2.6344430055190055e-01   4.8062594256351049e-01  -3.3588959913383917e+01  -7.4324038740648675e+01
   2.6303762207740655e-01   4.7769662965960025e-01   9.2403888206548466e+00  -7.9528987153314333e+01
   2.6263358681533361e-01   4.7476747034946948e-01   4.8822130668680870e+01  -6.2764965310814226e+01
   2.6223228000134335e-01   4.7183864200947928e-01   7.4677589583444885e+01  -2.8657764542390058e+01
   2.6183379431906317e-01   4.6891029124888256e-01   8.0062419964216915e+01   1.3591319948771520e+01
   2.6143822537334011e-01   4.6598252432657566e-01   6.3729790902572773e+01   5.2687527933668342e+01
   2.6104566723346301e-01   4.6305539976271931e-01   3.0219214258464781e+01   7.8261636346984560e+01
   2.6065620827675895e-01   4.6012892360576779e-01  -1.1394571964753117e+01   8.3620156490782762e+01
   2.6026992754183648e-01   4.5720304766209013e-01  -4.9949083405309473e+01   6.7498100990442353e+01
   2.5988689176763186e-01   4.5427767082347087e-01  -7.5179044625908176e+01   3.4355564444668772e+01
   2.5950715325140500e-01   4.5135264344739640e-01  -8.0441493936932389e+01  -6.8507089196041111e+00
   2.5913074860847252e-01   4.4842777456663135e-01  -6.4457907145809543e+01  -4.5083718445984509e+01
   2.5875769846184971e-01   4.4550284153869818e-01  -3.1616247379231716e+01  -7.0179582537936440e+01
   2.5838800803436962e-01   4.4257760160211429e-01   9.2379637323699129e+00  -7.5547998649278910e+01
   2.5802166856259728e-01   4.3965180469312803e-01   4.7189539892990688e+01  -5.9902143944791639e+01
   2.5765865940416510e-01   4.3672520680080695e-01   7.2176337273299950e+01  -2.7563522453071414e+01
   2.5729895067087494e-01   4.3379758310422667e-01   7.7664123346090989e+01   1.2729874142058028e+01
   2.5694250619137193e-01   4.3086874014517684e-01   6.2362174915948557e+01   5.0184053157821026e+01
   2.5658928659107277e-01   4.2793852634283525e-01   3.0528886226311485e+01   7.4840552421268001e+01
   2.5623925227428429e-01   4.2500684025009072e-01  -9.2039943904600214e+00   8.0224172530339501e+01
   2.5589236610414623e-01   4.2207363607942655e-01  -4.6164138591578748e+01   6.5042697125036739e+01
   2.5554859559949766e-01   4.1913892618194465e-01  -7.0497831938555038e+01   3.3492518667608088e+01
   2.5520791450251740e-01   4.1620278033725883e-01  -7.5789427216084590e+01  -5.9007038958761280e+00
   2.5487030361482471e-01   4.1326532189452414e-01  -6.0744808723210348e+01  -4.2586101985824463e+01
   2.5453575084994445e-01   4.1032672098510492e-01  -2.9497608658263530e+01  -6.6813587502560992e+01
   2.5420425050352335e-01   4.0738718519501210e-01   9.5326340686893065e+00  -7.2224958306757003e+01
   2.5387580179607416e-01   4.0444694823030075e-01   4.5914999526597683e+01  -5.7521957377885975e+01
   2.5355040679303792e-01   4.0150625722286271e-01   7.0000045027130454e+01  -2.6774372935761900e+01
   2.5322806785043245e-01   3.9856535940077253e-01   7.5483609155562220e+01   1.1703349643333876e+01
   2.5290878476859724e-01   3.9562448888203722e-01   6.1060987013282848e+01   4.7597113588915200e+01
   2.5259255185932733e-01   3.9268385434139286e-01   3.0738109367355413e+01   7.1353966235609718e+01
   2.5227935514158556e-01   3.8974362824708170e-01  -7.2731697256769197e+00   7.6720239023844286e+01
   2.5196916987722895e-01   3.8680393827160986e-01  -4.2771442591637346e+01   6.2383246808888714e+01
   2.5166195864096003e-01   3.8386486135256215e-01  -6.6296029967195551e+01   3.2286058981574214e+01
   2.5135767008891907e-01   3.8092642072436711e-01  -7.1640915306581320e+01  -5.4591017787862723e+00
   2.5105623854973697e-01   3.7798858606826818e-01  -5.7484683417666105e+01  -4.0759867662135456e+01
   2.5075758451279478e-01   3.7505127674607169e-01  -2.7708643814546541e+01  -6.4244801529985537e+01
   2.5046161603386785e-01   3.7211436790395819e-01   9.6725599447670341e+00  -6.9753870883559486e+01
   2.5016823102146929e-01   3.6917769906630771e-01   4.4673581821492483e+01  -5.5956608565639257e+01
   2.4987732031152832e-01   3.6624108469578048e-01   6.8010815997004556e+01  -2.6673055228554908e+01
   2.4958877138688679e-01   3.6330432608329449e-01   7.3569432978362045e+01   1.0178991863648983e+01
   2.4930247255462232e-01   3.6036722385646197e-01   6.0009480265565529e+01   4.4720469424295153e+01
   2.4901831736108168e-01   3.5742959036197769e-01   3.1089465612296515e+01   6.7754726476271387e+01
   2.4873620900385049e-01   3.5449126118826729e-01  -5.3695767398000021e+00   7.3210924586596079e+01
   2.4845606449303731e-01   3.5155210514864521e-01  -3.9594004556983620e+01   5.9738200331552633e+01
   2.4817781832176558e-01   3.4861203213921577e-01  -6.2472200026144421e+01   3.1032488564126922e+01
   2.4790142542737795e-01   3.4567099841410809e-01  -6.7974622290690050e+01  -5.1817593481652056e+00
   2.4762686325939801e-01   3.4272900897583242e-01  -5.4736997139946773e+01  -3.9234391819421184e+01
   2.4735413281591337e-01   3.3978611695141858e-01  -2.6391661401041336e+01  -6.2095426109486453e+01
   2.4708325856415095e-01   3.3684242000531184e-01   9.4321602401157278e+00  -6.7772963297225175e+01
   2.4681428722058710e-01   3.3389805401712686e-01   4.3164176311052174e+01  -5.4887103103034690e+01
   2.4654728542755278e-01   3.3095318441583826e-01   6.5851435469438968e+01  -2.7007165426683894e+01
   2.4628233642346203e-01   3.2800799570210659e-01   7.1536135642063229e+01   8.3292534519935373e+00
   2.4601953585905534e-01   3.2506267979891296e-01   5.8822088631574069e+01   4.1646317347619181e+01
   2.4575898695924905e-01   3.2211742394113202e-01   3.1218487031799427e+01   6.4063108255367510e+01
   2.4550079526663673e-01   3.1917239884271453e-01  -3.8231939384730906e+00   6.9653548130212613e+01
   2.4524506322629117e-01   3.1622774786431740e-01  -3.6915643927561455e+01   5.7006553392239269e+01
   2.4499188488096360e-01   3.1328357784512401e-01  -5.9246082019090053e+01   2.9575804338298443e+01
   2.4474134094055566e-01   3.1033995216388865e-01  -6.4919828577556331e+01  -5.2675172865387854e+00
   2.4449349447014923e-01   3.0739688646153585e-01  -5.2514020190123944e+01  -3.8220105427932864e+01
   2.4424838740813049e-01   3.0445434729882404e-01  -2.5431664980246317e+01  -6.0535902698053377e+01
   2.4400603808190516e-01   3.0151225384693858e-01   9.0322059352531010e+00  -6.6353545621874190e+01
   2.4376643983593324e-01   2.9857048252684526e-01   4.1656740856733506e+01  -5.4242238439992292e+01
   2.4352956082835503e-01   2.9562887433550122e-01   6.3764083177100346e+01  -2.7557862218128097e+01
   2.4329534499164893e-01   2.9268724443417915e-01   6.9529518682450984e+01   6.4793122398249352e+00
   2.4306371409301256e-01   2.8974539343593625e-01   5.7517449385875651e+01   3.8732151525188222e+01
   2.4283457077483006e-01   2.8680311972381661e-01   3.1037793119784865e+01   6.0593855643452571e+01
   2.4260780240769531e-01   2.8386023206523436e-01  -2.7652176261962746e+00   6.6278849641678448e+01
   2.4238328555064378e-01   2.8091656176506896e-01  -3.4840828251889590e+01   5.4347171395206530e+01
   2.4216089078738323e-01   2.7797197362197612e-01  -5.6655385428260587e+01   2.8060755981654896e+01
   2.4194048769469351e-01   2.7502637501807642e-01  -6.2462298537495080e+01  -5.5155333187909292e+00
   2.4172194970019836e-01   2.7207972257793905e-01  -5.0814483577413256e+01  -3.7419901431810359e+01
   2.4150515860102165e-01   2.6913202597252034e-01  -2.4921790642752033e+01  -5.9191896954272337e+01
   2.4129000854130384e-01   2.6618334860943038e-01   8.2334967667748735e+00  -6.5121045909284135e+01
   2.4107640928329160e-01   2.6323380513288575e-01   3.9778894921722625e+01  -5.3748679358270209e+01
   2.4086428865132820e-01   2.6028355584446067e-01   6.1324117797100691e+01  -2.8228927979093356e+01
   2.4065359407773834e-01   2.5733279833812200e-01   6.7189714029413338e+01   4.5390835108697534e+00
   2.4044429323117919e-01   2.5438175680940900e-01   5.5900875169323157e+01   3.5768938899908619e+01
   2.4023637375848605e-01   2.5143066963913746e-01   3.0554533192499235e+01   5.7134671460980044e+01
   2.4002984221725485e-01   2.4847977595820511e-01  -2.0306365164264530e+00   6.2982087881600158e+01
   2.3982472231589480e-01   2.4552930196574785e-01  -3.3148354997124450e+01   5.1817373115010533e+01
   2.3962105260828032e-01   2.4257944779376459e-01  -5.4530456819723057e+01   2.6681791655153638e+01
   2.3941888381005125e-01   2.3963037568617698e-01  -6.0543905402127628e+01  -5.6811145046851754e+00
   2.3921827591209580e-01   2.3668220019013542e-01  -4.9676066339207239e+01  -3.6638554340746104e+01
   2.3901929526373361e-01   2.3373498094628065e-01  -2.4916819407444073e+01  -5.7975256035131999e+01
   2.3882201178423362e-01   2.3078871851874258e-01   7.0591875019355639e+00  -6.4078351838981447e+01
   2.3862649643789050e-01   2.2784335353330934e-01   3.7687444351706361e+01  -5.3419559438840750e+01
   2.3843281907684008e-01   2.2489876920330312e-01   5.8803745876903207e+01  -2.8942965993001316e+01
   2.3824104671956464e-01   2.2195479712812968e-01   6.4817539896720689e+01   2.7404261223695690e+00
   2.3805124229422858e-01   2.1901122606052312e-01   5.4189678081813383e+01   3.3131852053316081e+01
   2.3786346383751231e-01   2.1606781316611956e-01   2.9823404784704842e+01   5.4119185783349174e+01
   2.3767776410411348e-01   2.1312429715327932e-01  -1.7310795484097019e+00   6.0137768937832170e+01
   2.3749419051212747e-01   2.1018041254049719e-01  -3.2040974319118462e+01   4.9641596342646743e+01
   2.3731278532714195e-01   2.0723590425989410e-01  -5.3048801761332484e+01   2.5495434398940951e+01
   2.3713358597462680e-01   2.0429054177225017e-01  -5.9218891668922303e+01  -5.8115346457776011e+00
   2.3695662536688863e-01   2.0134413189332720e-01  -4.9000172468606259e+01  -3.5914693457205345e+01
   2.3678193213770174e-01   1.9839652960157081e-01  -2.5218603734973581e+01  -5.6813826482049123e+01
   2.3660953069407634e-01   1.9544764620974905e-01   5.6995297679595582e+00  -6.3003651197977319e+01
   2.3643944101923148e-01   1.9249745443134342e-01   3.5459723030717520e+01  -5.2927565950781592e+01
   2.3627167819183162e-01   1.8954599004801226e-01   5.6119551188587124e+01  -2.9371056395346947e+01
   2.3610625162152338e-01   1.8659335007723366e-01   6.2202772064802723e+01   1.3038428752199143e+00
   2.3594316403709312e-01   1.8363968753817939e-01   5.2144855456643434e+01   3.0872373540684539e+01
   2.3578241029831881e-01   1.8068520310751313e-01   2.8689020982825340e+01   5.1447444721945516e+01
   2.3562397613299518e-01   1.7773013413402286e-01  -1.8666342047371605e+00   5.7578282976416403e+01
   2.3546783692414677e-01   1.7477474163149845e-01  -3.1364283341533085e+01   4.7689584257755058e+01
   2.3531395668696176e-01   1.7181929598444645e-01  -5.1967892189403784e+01   2.4481863843672254e+01
   2.3516228737892239e-01   1.6886406217428926e-01  -5.8248409363482537e+01  -5.8082183843762314e+00
   2.3501276867917284e-01   1.6590928536055227e-01  -4.8618430628281416e+01  -3.5085326608527168e+01
   2.3486532835420523e-01   1.6295517763048084e-01  -2.5737604936006271e+01  -5.5560165693401693e+01
   2.3471988329727164e-01   1.6000190666288405e-01   4.2146842340319752e+00  -6.1823271536396788e+01
   2.3457634128999330e-01   1.5704958694154827e-01   3.3201114626035228e+01  -5.2276156255786702e+01
   2.3443460348868617e-01   1.5409827400680906e-01   5.3476450350799425e+01  -2.9541146832456242e+01
   2.3429456758774811e-01   1.5114796205916045e-01   5.9651045125141934e+01   2.5542863644503594e-01
   2.3415613156124851e-01   1.4819858503633010e-01   5.0118033374358106e+01   2.9131420130648621e+01
   2.3401919783507116e-01   1.4525002108611479e-01   2.7465929191374329e+01   4.9385347147326300e+01
   2.3388367769900653e-01   1.4230210016296238e-01  -2.2296155233057484e+00   5.5649304719627274e+01
   2.3374949573426687e-01   1.3935461429807802e-01  -3.1041489549882922e+01   4.6310691988630943e+01
   2.3361659400980364e-01   1.3640732994094407e-01  -5.1313810373084415e+01   2.3925795178009327e+01
   2.3348493579264484e-01   1.3346000165337865e-01  -5.7702825726282320e+01  -5.4808861454024873e+00
   2.3335450852461501e-01   1.3051238636228701e-01  -4.8591530678560261e+01  -3.4039499077920887e+01
   2.3322532584070124e-01   1.2756425734840143e-01  -2.6503349486205440e+01  -5.4142329512637637e+01
   2.3309742844242390e-01   1.2461541716707522e-01   2.5905669963851770e+00  -6.0471112245493252e+01
   2.3297088369141553e-01   1.2166570876253464e-01   3.0879949734878021e+01  -5.1403740406732020e+01
   2.3284578385154811e-01   1.1871502414485664e-01   5.0806127191473067e+01  -2.9428548075566415e+01
   2.3272224297919358e-01   1.1576331014316593e-01   5.7075001752386740e+01  -4.6110627250966474e-01
   2.3260039253670176e-01   1.1281057092046975e-01   4.8056455147029546e+01   2.7748481296845032e+01
   2.3248037587964016e-01   1.0985686712526448e-01   2.6200901009941031e+01   4.7688751333630861e+01
   2.3236234183936200e-01   1.0690231175138919e-01  -2.6326130253757865e+00   5.4086178618043689e+01
   2.3224643768460310e-01   1.0394706296910336e-01  -3.0752320309331786e+01   4.5299083782839531e+01
   2.3213280179511930e-01   1.0099131436590987e-01  -5.0689994381400496e+01   2.3738461991205071e+01
   2.3202155641334923e-01   9.8035283184959215e-02  -5.7188476934681475e+01  -4.7915271046166508e+00
   2.3191280085418375e-01   9.5079197263371606e-02  -4.8592313262294340e+01  -3.2653201190831432e+01
   2.3180660554648974e-01   9.2123281445764718e-02  -2.7274207159046497e+01  -5.2416643738036150e+01
   2.3170300725261184e-01   8.9167744275638006e-02   1.0123986916327086e+00  -5.8837875749443633e+01
   2.3160200576438372e-01   8.6212765747417083e-02   2.8678551685466370e+01  -5.0247853052565752e+01
   2.3150356230810251e-01   8.3258486836257431e-02   4.8328605919527284e+01  -2.8984528923344790e+01
   2.3140759980950470e-01   8.0305001415054936e-02   5.4730889212034093e+01  -7.5583978216062342e-01
   2.3131400507698660e-01   7.7352351024925589e-02   4.6205306574124656e+01   2.6893591754366007e+01
   2.3122263286194217e-01   7.4400522795226423e-02   2.5059538463795555e+01   4.6600781761537178e+01
   2.3113331165440579e-01   7.1449450621984462e-02  -3.0399500919109523e+00   5.3148005290001628e+01
   2.3104585097573221e-01   6.8499019520518289e-02  -3.0591282975160265e+01   4.4847752490351823e+01
   2.3096004984324617e-01   6.5549072880373704e-02  -5.0265587897369613e+01   2.3980838644602326e+01
   2.3087570600975013e-01   6.2599422179574690e-02  -5.6862479808176595e+01  -3.8265058385896746e+00
   2.3079262552784424e-01   5.9649858570645517e-02  -4.8690293686412247e+01  -3.1116689599831890e+01
   2.3071063215863641e-01   5.6700165641350782e-02  -2.8004258185080005e+01  -5.0598257653561461e+01
   2.3062957613887922e-01   5.3750132585117988e-02  -3.8908904026445734e-01  -5.7091266458990482e+01
   2.3054934184083442e-01   5.0799566993548838e-02   2.6744771179256237e+01  -4.8901037044189323e+01
   2.3046985390474786e-01   4.7848306507574948e-02   4.6145831133050464e+01  -2.8255872688215906e+01
   2.3039108149293375e-01   4.4896228633242843e-02   5.2655141032890207e+01  -6.9615054639703100e-01
   2.3031304040386147e-01   4.1943258138609565e-02   4.4573117794758865e+01   2.6417250036919906e+01
   2.3023579288999274e-01   3.8989371593239210e-02   2.4097859470541117e+01   4.5873150353622734e+01
   2.3015944513908279e-01   3.6034598782722228e-02  -3.2773204893073133e+00   5.2531458184323611e+01
   2.3008414249917414e-01   3.3079020917282181e-02  -3.0241576316824759e+01   4.4684161914000690e+01
   2.3001006264627510e-01   3.0122765744927987e-02  -4.9621811857104269e+01   2.4496256932433162e+01
   2.2993740700420950e-01   2.7165999864237931e-02  -5.6292977407768873e+01  -2.5864830284499223e+00
   2.2986639082236715e-01   2.4208918698963206e-02  -4.8535334338860892e+01  -2.9300765631942756e+01
   2.2979723239360841e-01   2.1251734736118258e-02  -2.8479938542035956e+01  -4.8507220473961397e+01
   2.2973014194700953e-01   1.8294664732940048e-02  -1.5273564123204173e+00  -5.5091766388393197e+01
   2.2966531077525959e-01   1.5337916659790628e-02   2.5102123908731649e+01  -4.7321246967439635e+01
   2.2960290115261803e-01   1.2381677162101002e-02   4.4298229215239417e+01  -2.7294385516055446e+01
   2.2954303756618955e-01   9.4261002938662176e-03   5.0955338777985666e+01  -3.7067392201618249e-01
   2.2948579972229022e-01   6.4712981997208036e-03   4.3327586429108933e+01   2.6267998954219497e+01
   2.2943121770370231e-01   3.5173343067637611e-03   2.3484703025793486e+01   4.5537619676665919e+01
   2.2937926954701127e-01   5.6421943789144720e-04  -3.2508522312621548e+00   5.2341188393185753e+01
   2.2932988138736493e-01  -2.3880889157219254e-03  -2.9733058626283235e+01   4.4922869583359123e+01
   2.2928293018726739e-01  -5.3396841138517283e-03  -4.8904425506158077e+01   2.5326927773026213e+01
   2.2923824893324779e-01  -8.2907048206905774e-03  -5.5679302316479102e+01  -1.1590349120006291e+00
   2.2919563405649254e-01  -1.1241326718580771e-02  -4.8295367356296815e+01  -2.7425302654222097e+01
   2.2915485471760752e-01  -1.4191751972368704e-02  -2.8773579825540928e+01  -4.6443637352097831e+01
   2.2911566349781953e-01  -1.7142197070185310e-02  -2.3663000961172278e+00  -5.3143071657495987e+01
   2.2907780796445970e-01  -2.0092879764838544e-02   2.3855645030550939e+01  -4.5756689978807813e+01
   2.2904104253155352e-01  -2.3044005895434913e-02   4.2896348866669058e+01  -2.6281420261602047e+01
   2.2900514001942129e-01  -2.5995756877994419e-02   4.9701061384366326e+01   6.8552661411936083e-02
   2.2896990233137685e-01  -2.8948278615929714e-02   4.2497126887639844e+01   2.6264659278270205e+01
   2.2893516971024186e-01  -3.1901672498639178e-02   2.3254102895288096e+01   4.5345038328503634e+01
   2.2890082811019960e-01  -3.4855989033754378e-02  -2.8556632656004046e+00   5.2270075244278239e+01
   2.2886681431665087e-01  -3.7811224503138112e-02  -2.8847668667743580e+01   4.5258032538785059e+01
   2.2883311856309199e-01  -4.0767320853605730e-02  -4.7792869570899981e+01   2.6247462058858993e+01
   2.2879978452341035e-01  -4.3724168841170009e-02  -5.4663085272117115e+01   3.6723735231444005e-01
   2.2876690669353644e-01  -4.6681614253761154e-02  -4.7663394428266955e+01  -2.5440561166028818e+01
   2.2873462531082511e-01  -4.9639466853361139e-02  -2.8699302583494667e+01  -4.4275315658314739e+01
   2.2870311908576363e-01  -5.2597511515286223e-02  -2.8576968547294244e+00  -5.1115282829500678e+01
   2.2867259613187235e-01  -5.5555520909654078e-02   2.2957148939651010e+01  -4.4149389811763555e+01
   2.2864328357009953e-01  -5.8513268975928408e-02   4.1867423750702727e+01  -2.5250854051075244e+01
   2.2861541634886173e-01  -6.1470544391462920e-02   4.8853959770571919e+01   5.3113212221276140e-01
   2.2858922585679081e-01  -6.4427163232330650e-02   4.2089363601708378e+01   2.6324308362787374e+01
   2.2856492891044999e-01  -6.7382980069669543e-02   2.3418158019866819e+01   4.5269209581206638e+01
   2.2854271767365314e-01  -7.0337896834822139e-02  -2.1426587207753802e+00   5.2348273892864405e+01
   2.2852275101016106e-01  -7.3291868916494723e-02  -2.7748249040192267e+01   4.5720665791300085e+01
   2.2850514769055141e-01  -7.6244908115353643e-02  -4.6556117943584994e+01   2.7207319905602834e+01
   2.2848998177156229e-01  -7.9197082266541943e-02  -5.3552740880262540e+01   1.7976527733231988e+00
   2.2847728034783030e-01  -8.2148511537468313e-02  -4.6888676308437660e+01  -2.3689171153574918e+01
   2.2846702374828121e-01  -8.5099361605436630e-02  -2.8365900554617205e+01  -4.2429500609889082e+01
   2.2845914811938717e-01  -8.8049834105385527e-02  -2.9482827569057504e+00  -4.9418124148706447e+01
   2.2845355021221742e-01  -9.1000154901333966e-02   2.2572122512919840e+01  -4.2801179618629561e+01
   2.2845009407636435e-01  -9.3950560866162616e-02   4.1394333911244914e+01  -2.4363419105716666e+01
   2.2844861926751017e-01  -9.6901285945384219e-02   4.8525281628808067e+01   9.5846718747714876e-01
   2.2844895010164276e-01  -9.9852547325906246e-02   4.2108203116245441e+01   2.6403509813837886e+01
   2.2845090544147598e-01  -1.0280453252777468e-01   2.3908933888705207e+01   4.5197374827531632e+01
   2.2845430848176765e-01  -1.0575738818539086e-01  -1.1669010202346468e+00   5.2360827728100261e+01
   2.2845899601056036e-01  -1.0871121118769639e-01  -2.6393157755019448e+01   4.6032730621426040e+01
   2.2846482666202725e-01  -1.1166604270987651e-01  -4.5023466460332450e+01   2.7956409870589059e+01
   2.2847168774096044e-01  -1.1462186550020829e-01  -5.2090471833501638e+01   3.0031017196043686e+00
   2.2847950028518399e-01  -1.1757860459467456e-01  -4.5724563104407956e+01  -2.2136611118028171e+01
   2.2848822213514139e-01  -1.2053613143011591e-01  -2.7642825803937868e+01  -4.0741618959655064e+01
   2.2849784889369443e-01  -1.2349427112585717e-01  -2.6811912078818523e+00  -4.7851497211473237e+01
   2.2850841277728598e-01  -1.2645281251588966e-01   2.2502476151212761e+01  -4.1583609126722806e+01
   2.2851997947542951e-01  -1.2941152034987610e-01   4.1206912059080466e+01  -2.3627263850168301e+01
   2.2853264324257527e-01  -1.3237014895127983e-01   4.8473375642149314e+01   1.2143317335447557e+00
   2.2854652053895927e-01  -1.3532845653263154e-01   4.2403934836778141e+01   2.6310449805774475e+01
   2.2856174261009859e-01  -1.3828621932660998e-01   2.4662144780343187e+01   4.4973883585116063e+01
   2.2857844744443534e-01  -1.4124324469988711e-01   2.3848011331923245e-02   5.2244570063139953e+01
   2.2859677157285557e-01  -1.4419938247421019e-01  -2.4901421735279470e+01   4.6210617451999894e+01
   2.2861684217149147e-01  -1.4715453378272494e-01  -4.3437078981558152e+01   2.8514769241996575e+01
   2.2863876990104370e-01  -1.5010865693310060e-01  -5.0622561790856082e+01   3.9114061760233167e+00
   2.2866264286385679e-01  -1.5306176992422313e-01  -4.4536561772087992e+01  -2.1007395282099075e+01
   2.2868852198760845e-01  -1.5601394945984037e-01  -2.6806733388292166e+01  -3.9575999426165033e+01
   2.2871643805623579e-01  -1.5896532650897385e-01  -2.1697471769087229e+00  -4.6837368938191851e+01
   2.2874639050999518e-01  -1.6191607866699731e-01   2.2800021998277067e+01  -4.0866057917359569e+01
   2.2877834803318972e-01  -1.6486641976091454e-01   4.1451900790746343e+01  -2.3278004926260746e+01
   2.2881225084616671e-01  -1.6781658730632781e-01   4.8837789786683807e+01   1.2084826824421298e+00
   2.2884801452351963e-01  -1.7076682855202735e-01   4.3031719269319417e+01   2.6041282431918468e+01
   2.2888553507835735e-01  -1.7371738593340169e-01   2.5637487159200873e+01   4.4590784825699693e+01
   2.2892469498752344e-01  -1.7666848279275327e-01   1.3505867188813219e+00   5.1922187579537294e+01
   2.2896536978818610e-01  -1.7962031021078281e-01  -2.3305270717553420e+01   4.6109206630455802e+01
   2.2900743485440167e-01  -1.8257301572965084e-01  -4.1726019884997001e+01   2.8739416173055332e+01
   2.2905077196390058e-01  -1.8552669463774873e-01  -4.8990373448586091e+01   4.4793883791803664e+00
   2.2909527528977758e-01  -1.8848138433602318e-01  -4.3167379655876630e+01  -2.0180224394964362e+01
   2.2914085649709054e-01  -1.9143706212418224e-01  -2.5821678831690335e+01  -3.8661298177061163e+01
   2.2918744868734686e-01  -1.9439364654301930e-01  -1.5854474668587493e+00  -4.6051679504300019e+01
   2.2923500901039368e-01  -1.9735100219833834e-01   2.3084924063919662e+01  -4.0408688624259995e+01
   2.2928351984834719e-01  -2.0030894778506864e-01   4.1633378858109729e+01  -2.3267944574224362e+01
   2.2933298856464004e-01  -2.0326726683934229e-01   4.9149861553766968e+01   7.7462579616843075e-01
   2.2938344589755530e-01  -2.0622572058299835e-01   4.3673426245395405e+01   2.5293413583859834e+01
   2.2943494315655669e-01  -2.0918406209894930e-01   2.6708101152697690e+01   4.3747300727406873e+01
   2.2948754844665681e-01  -2.1214205099470052e-01   2.8163954914736014e+00   5.1221166934538388e+01
   2.2954134219714506e-01  -2.1509946768003527e-01  -2.1600003605212237e+01   4.5732252968705595e+01
   2.2959641230336844e-01  -2.1805612640547975e-01  -4.0007484147400973e+01   2.8754826154739689e+01
   2.2965284920240164e-01  -2.2101188627966092e-01  -4.7481607976973095e+01   4.8241963897052953e+00
   2.2971074119490920e-01  -2.2396665960191597e-01  -4.2018668718781910e+01  -1.9674527158013959e+01
