  -3.1415927e+00             NaN             NaN
  -3.1385247e+00             NaN             NaN
  -3.1354567e+00             NaN             NaN
  -3.1323888e+00             NaN             NaN
  -3.1293208e+00             NaN             NaN
  -3.1262528e+00             NaN             NaN
  -3.1231849e+00             NaN             NaN
  -3.1201169e+00             NaN             NaN
  -3.1170490e+00  -3.9816271e-03   3.6324131e-03
  -3.1139810e+00  -5.3656627e-03   2.0567122e-03
  -3.1109130e+00  -6.5419933e-03   7.8354563e-05
  -3.1078451e+00  -7.1292848e-03  -2.5246340e-03
  -3.1047771e+00  -7.1689409e-03  -5.4906086e-03
  -3.1017092e+00  -7.0129279e-03  -1.0341731e-02
  -3.0986412e+00  -5.2599161e-03  -1.7808940e-02
  -3.0955732e+00  -5.4286202e-04  -3.7035168e-02
  -3.0925053e+00   1.9394338e-01  -6.5805818e-01
  -3.0894373e+00  -2.5210061e-02   4.0205322e-02
  -3.0863693e+00  -1.9431287e-02   1.7521531e-02
  -3.0833014e+00  -1.7188937e-02   8.5807606e-03
  -3.0802334e+00  -1.7520258e-02   3.2642008e-03
  -3.0771655e+00             NaN             NaN
  -3.0740975e+00             NaN             NaN
  -3.0710295e+00             NaN             NaN
  -3.0679616e+00             NaN             NaN
  -3.0648936e+00             NaN             NaN
  -3.0618257e+00             NaN             NaN
  -3.0587577e+00             NaN             NaN
  -3.0556897e+00             NaN             NaN
  -3.0526218e+00             NaN             NaN
  -3.0495538e+00             NaN             NaN
  -3.0464858e+00             NaN             NaN
  -3.0434179e+00             NaN             NaN
  -3.0403499e+00             NaN             NaN
  -3.0372820e+00  -1.4559169e-03  -5.6481174e-03
  -3.0342140e+00   6.1682283e-04  -5.8967125e-03
  -3.0311460e+00   2.6190913e-03  -5.6584205e-03
  -3.0280781e+00   5.4320568e-03  -5.0043439e-03
  -3.0250101e+00   8.0216782e-03  -3.2704466e-03
  -3.0219422e+00   1.1571465e-02  -5.6078536e-04
  -3.0188742e+00   1.7354059e-02   5.5985756e-03
  -3.0158062e+00   3.1695348e-02   2.2885079e-02
  -3.0127383e+00  -1.7087076e-01  -2.4373538e-01
  -3.0096703e+00  -1.1026011e-02  -3.5566393e-02
  -3.0066023e+00  -4.1347387e-04  -2.3275114e-02
  -3.0035344e+00   5.0741673e-03  -1.8072427e-02
  -3.0004664e+00   9.3990508e-03  -1.5586847e-02
  -2.9973985e+00             NaN             NaN
  -2.9943305e+00             NaN             NaN
  -2.9912625e+00             NaN             NaN
  -2.9881946e+00             NaN             NaN
  -2.9851266e+00             NaN             NaN
  -2.9820587e+00             NaN             NaN
  -2.9789907e+00             NaN             NaN
  -2.9759227e+00             NaN             NaN
  -2.9728548e+00             NaN             NaN
  -2.9697868e+00             NaN             NaN
  -2.9667188e+00             NaN             NaN
  -2.9636509e+00             NaN             NaN
  -2.9605829e+00             NaN             NaN
  -2.9575150e+00   4.7893980e-03   2.0313875e-03
  -2.9544470e+00   3.7889544e-03   3.9075344e-03
  -2.9513790e+00   2.3340026e-03   5.6629135e-03
  -2.9483111e+00   2.5988692e-04   7.5142574e-03
  -2.9452431e+00  -2.9713247e-03   9.0662688e-03
  -2.9421752e+00  -7.2914413e-03   1.0562690e-02
  -2.9391072e+00  -1.8862593e-02   1.3787377e-02
  -2.9360392e+00  -5.9151414e-02   2.0966136e-02
  -2.9329713e+00   1.1233301e-01  -8.3129624e-03
  -2.9299033e+00   3.3132191e-02   6.7651630e-03
  -2.9268353e+00   2.0051688e-02   9.8844802e-03
  -2.9237674e+00   1.3845729e-02   1.2152340e-02
  -2.9206994e+00             NaN             NaN
  -2.9176315e+00             NaN             NaN
  -2.9145635e+00             NaN             NaN
  -2.9114955e+00             NaN             NaN
  -2.9084276e+00             NaN             NaN
  -2.9053596e+00             NaN             NaN
  -2.9022917e+00             NaN             NaN
  -2.8992237e+00             NaN             NaN
  -2.8961557e+00             NaN             NaN
  -2.8930878e+00             NaN             NaN
  -2.8900198e+00             NaN             NaN
  -2.8869518e+00             NaN             NaN
  -2.8838839e+00             NaN             NaN
  -2.8808159e+00  -3.4841004e-03   4.3877098e-03
  -2.8777480e+00  -5.0143380e-03   3.0610910e-03
  -2.8746800e+00  -6.2752895e-03   1.2590802e-03
  -2.8716120e+00  -6.9025694e-03  -9.8983154e-04
  -2.8685441e+00  -7.2674653e-03  -3.5486641e-03
  -2.8654761e+00  -7.2839531e-03  -7.5966079e-03
  -2.8624082e+00  -6.1393029e-03  -1.2978299e-02
  -2.8593402e+00  -3.4066205e-03  -2.5219106e-02
  -2.8562722e+00   1.8762617e-02  -9.7089863e-02
  -2.8532043e+00  -2.5223975e-02   5.0924319e-02
  -2.8501363e+00  -1.8402703e-02   1.7915521e-02
  -2.8470683e+00  -1.5890655e-02   8.2636282e-03
  -2.8440004e+00  -1.5682984e-02   2.9483167e-03
  -2.8409324e+00             NaN             NaN
  -2.8378645e+00             NaN             NaN
  -2.8347965e+00             NaN             NaN
  -2.8317285e+00             NaN             NaN
  -2.8286606e+00             NaN             NaN
  -2.8255926e+00             NaN             NaN
  -2.8225246e+00             NaN             NaN
  -2.8194567e+00             NaN             NaN
  -2.8163887e+00             NaN             NaN
  -2.8133208e+00             NaN             NaN
  -2.8102528e+00             NaN             NaN
  -2.8071848e+00             NaN             NaN
  -2.8041169e+00             NaN             NaN
  -2.8010489e+00  -2.1069813e-03  -4.6127740e-03
  -2.7979810e+00  -2.0697184e-04  -5.1076623e-03
  -2.7949130e+00   1.9153851e-03  -5.2106825e-03
  -2.7918450e+00   4.1654161e-03  -4.4777176e-03
  -2.7887771e+00   6.5668093e-03  -3.1260893e-03
  -2.7857091e+00   9.7068247e-03  -8.4944109e-04
  -2.7826411e+00   1.3626003e-02   3.6861079e-03
  -2.7795732e+00   2.1560945e-02   1.3516757e-02
  -2.7765052e+00   7.0210559e-02   8.6008738e-02
  -2.7734373e+00  -2.5075284e-02  -5.9330647e-02
  -2.7703693e+00  -3.8689890e-03  -2.9572362e-02
  -2.7673013e+00   2.8294996e-03  -2.0893619e-02
  -2.7642334e+00   7.1089759e-03  -1.7593468e-02
  -2.7611654e+00             NaN             NaN
  -2.7580975e+00             NaN             NaN
  -2.7550295e+00             NaN             NaN
  -2.7519615e+00             NaN             NaN
  -2.7488936e+00             NaN             NaN
  -2.7458256e+00             NaN             NaN
  -2.7427576e+00             NaN             NaN
  -2.7396897e+00             NaN             NaN
  -2.7366217e+00             NaN             NaN
  -2.7335538e+00             NaN             NaN
  -2.7304858e+00             NaN             NaN
  -2.7274178e+00             NaN             NaN
  -2.7243499e+00             NaN             NaN
  -2.7212819e+00   5.0467915e-03   1.7992014e-03
  -2.7182140e+00   4.2332866e-03   3.5821988e-03
  -2.7151460e+00   3.1283538e-03   5.5546159e-03
  -2.7120780e+00   1.2924571e-03   7.0899021e-03
  -2.7090101e+00  -1.1149685e-03   8.4719782e-03
  -2.7059421e+00  -5.1997383e-03   1.0869746e-02
  -2.7028741e+00  -1.1834250e-02   1.2754899e-02
  -2.6998062e+00  -3.0328946e-02   1.8489556e-02
  -2.6967382e+00   1.9849618e+00  -4.8694942e-01
  -2.6936703e+00   3.8919511e-02   1.2211550e-03
  -2.6906023e+00   2.1765598e-02   7.1973377e-03
  -2.6875343e+00   1.4036140e-02   9.7122729e-03
  -2.6844664e+00             NaN             NaN
  -2.6813984e+00             NaN             NaN
  -2.6783305e+00             NaN             NaN
  -2.6752625e+00             NaN             NaN
  -2.6721945e+00             NaN             NaN
  -2.6691266e+00             NaN             NaN
  -2.6660586e+00             NaN             NaN
  -2.6629906e+00             NaN             NaN
  -2.6599227e+00             NaN             NaN
  -2.6568547e+00             NaN             NaN
  -2.6537868e+00             NaN             NaN
  -2.6507188e+00             NaN             NaN
  -2.6476508e+00             NaN             NaN
  -2.6445829e+00             NaN             NaN
  -2.6415149e+00  -4.1086469e-03   3.8681125e-03
  -2.6384470e+00  -5.1512828e-03   2.1168618e-03
  -2.6353790e+00  -5.8044375e-03   2.1726729e-04
  -2.6323110e+00  -6.5104112e-03  -2.3544427e-03
  -2.6292431e+00  -6.0201783e-03  -5.1482945e-03
  -2.6261751e+00  -5.3059617e-03  -9.9224711e-03
  -2.6231071e+00  -2.6302750e-03  -1.7551892e-02
  -2.6200392e+00   7.3188562e-03  -4.1452450e-02
  -2.6169712e+00  -6.4905944e-02   1.2117566e-01
  -2.6139033e+00  -2.2141822e-02   2.1492907e-02
  -2.6108353e+00  -1.7627592e-02   9.5675851e-03
  -2.6077673e+00  -1.6940922e-02   3.5833755e-03
  -2.6046994e+00  -1.6653389e-02  -9.0882949e-04
  -2.6016314e+00             NaN             NaN
  -2.5985635e+00             NaN             NaN
  -2.5954955e+00             NaN             NaN
  -2.5924275e+00             NaN             NaN
  -2.5893596e+00             NaN             NaN
  -2.5862916e+00             NaN             NaN
  -2.5832236e+00             NaN             NaN
  -2.5801557e+00             NaN             NaN
  -2.5770877e+00             NaN             NaN
  -2.5740198e+00             NaN             NaN
  -2.5709518e+00             NaN             NaN
  -2.5678838e+00             NaN             NaN
  -2.5648159e+00             NaN             NaN
  -2.5617479e+00  -4.5794031e-04  -4.8506595e-03
  -2.5586800e+00   1.5563686e-03  -4.9989634e-03
  -2.5556120e+00   3.5589997e-03  -4.4966968e-03
  -2.5525440e+00   5.9509154e-03  -3.7056547e-03
  -2.5494761e+00   8.6433716e-03  -1.8312756e-03
  -2.5464081e+00   1.1960279e-02   1.1422534e-03
  -2.5433401e+00   1.9214657e-02   8.2023416e-03
  -2.5402722e+00   3.8599218e-02   3.1578093e-02
  -2.5372042e+00  -8.6054855e-02  -1.2566975e-01
  -2.5341363e+00  -1.1562255e-02  -3.2799212e-02
  -2.5310683e+00  -1.8230338e-03  -2.1758139e-02
  -2.5280003e+00   3.5002381e-03  -1.8009426e-02
  -2.5249324e+00             NaN             NaN
  -2.5218644e+00             NaN             NaN
  -2.5187965e+00             NaN             NaN
  -2.5157285e+00             NaN             NaN
  -2.5126605e+00             NaN             NaN
  -2.5095926e+00             NaN             NaN
  -2.5065246e+00             NaN             NaN
  -2.5034566e+00             NaN             NaN
  -2.5003887e+00             NaN             NaN
  -2.4973207e+00             NaN             NaN
  -2.4942528e+00             NaN             NaN
  -2.4911848e+00             NaN             NaN
  -2.4881168e+00             NaN             NaN
  -2.4850489e+00   5.5970213e-03   6.9773835e-04
  -2.4819809e+00   5.1387343e-03   2.5296992e-03
  -2.4789130e+00   4.3475059e-03   4.5220124e-03
  -2.4758450e+00   2.8136272e-03   6.0093705e-03
  -2.4727770e+00   7.6500498e-04   7.9831970e-03
  -2.4697091e+00  -2.1985171e-03   9.6357946e-03
  -2.4666411e+00  -6.7854266e-03   1.1495674e-02
  -2.4635731e+00  -1.9222416e-02   1.6578155e-02
  -2.4605052e+00  -1.0024875e-01   4.1767266e-02
  -2.4574372e+00   4.9118365e-02  -5.0288500e-03
  -2.4543693e+00   2.2770350e-02   5.0984550e-03
  -2.4513013e+00   1.4596436e-02   8.1357935e-03
  -2.4482333e+00   1.0686804e-02   1.1121904e-02
  -2.4451654e+00             NaN             NaN
  -2.4420974e+00             NaN             NaN
  -2.4390295e+00             NaN             NaN
  -2.4359615e+00             NaN             NaN
  -2.4328935e+00             NaN             NaN
  -2.4298256e+00             NaN             NaN
  -2.4267576e+00             NaN             NaN
  -2.4236896e+00             NaN             NaN
  -2.4206217e+00             NaN             NaN
  -2.4175537e+00             NaN             NaN
  -2.4144858e+00             NaN             NaN
  -2.4114178e+00             NaN             NaN
  -2.4083498e+00             NaN             NaN
  -2.4052819e+00  -2.5607344e-03   4.3131928e-03
  -2.4022139e+00  -3.9642035e-03   3.0208016e-03
  -2.3991460e+00  -5.3257216e-03   1.3393697e-03
  -2.3960780e+00  -5.8473673e-03  -8.3626775e-04
  -2.3930100e+00  -6.1860247e-03  -3.4178741e-03
  -2.3899421e+00  -6.2927636e-03  -7.6423254e-03
  -2.3868741e+00  -5.0830482e-03  -1.3586967e-02
  -2.3838061e+00  -1.6783930e-03  -3.1108631e-02
  -2.3807382e+00   1.2116140e-01  -4.5985668e-01
  -2.3776702e+00  -2.0906940e-02   3.6348296e-02
  -2.3746023e+00  -1.7152366e-02   1.6573861e-02
  -2.3715343e+00  -1.5614722e-02   8.8879485e-03
  -2.3684663e+00  -1.6483024e-02   4.3597282e-03
  -2.3653984e+00  -1.6878896e-02   7.7594500e-05
  -2.3623304e+00             NaN             NaN
  -2.3592625e+00             NaN             NaN
  -2.3561945e+00             NaN             NaN
  -2.3531265e+00             NaN             NaN
  -2.3500586e+00             NaN             NaN
  -2.3469906e+00             NaN             NaN
  -2.3439226e+00             NaN             NaN
  -2.3408547e+00             NaN             NaN
  -2.3377867e+00             NaN             NaN
  -2.3347188e+00             NaN             NaN
  -2.3316508e+00             NaN             NaN
  -2.3285828e+00  -3.7296281e-03   8.2654699e-04
  -2.3255149e+00  -1.9649250e-03  -4.9201846e-03
  -2.3224469e+00  -1.9238074e-04  -5.6111050e-03
  -2.3193790e+00   1.9738074e-03  -6.1610293e-03
  -2.3163110e+00   4.2928488e-03  -5.8507579e-03
  -2.3132430e+00   7.2682015e-03  -5.3603817e-03
  -2.3101751e+00   1.1797987e-02  -3.9514306e-03
  -2.3071071e+00   1.9240930e-02  -8.6289678e-04
  -2.3040391e+00   4.8820618e-02   1.2455521e-02
  -2.3009712e+00  -1.0693128e-01  -6.1357304e-02
  -2.2979032e+00  -2.1334164e-02  -2.1563698e-02
  -2.2948353e+00  -8.9856536e-03  -1.6529235e-02
  -2.2917673e+00  -3.4227293e-03  -1.4712127e-02
  -2.2886993e+00   6.6030925e-03   7.7615606e-03
  -2.2856314e+00  -8.1415283e-03  -1.5970519e-03
  -2.2825634e+00             NaN             NaN
  -2.2794955e+00             NaN             NaN
  -2.2764275e+00             NaN             NaN
  -2.2733595e+00             NaN             NaN
  -2.2702916e+00             NaN             NaN
  -2.2672236e+00             NaN             NaN
  -2.2641556e+00             NaN             NaN
  -2.2610877e+00             NaN             NaN
  -2.2580197e+00             NaN             NaN
  -2.2549518e+00             NaN             NaN
  -2.2518838e+00             NaN             NaN
  -2.2488158e+00   4.7038379e-03  -2.6422096e-03
  -2.2457479e+00   5.2067095e-03  -9.8743906e-04
  -2.2426799e+00   5.4997112e-03   8.7547831e-04
  -2.2396120e+00   5.0443133e-03   2.6586655e-03
  -2.2365440e+00   4.5156767e-03   4.7249776e-03
  -2.2334760e+00   3.0920654e-03   7.1587242e-03
  -2.2304081e+00   9.6976573e-04   1.0005195e-02
  -2.2273401e+00  -4.1071266e-03   1.6203860e-02
  -2.2242721e+00  -1.9335771e-02   3.1659778e-02
  -2.2212042e+00   1.4229112e-01  -1.2325138e-01
  -2.2181362e+00   2.8598446e-02  -1.3123284e-02
  -2.2150683e+00   2.0392782e-02  -3.4673895e-03
  -2.2120003e+00   1.6889211e-02   1.8694072e-03
  -2.2089323e+00   1.5928813e-02   6.0057444e-03
  -2.2058644e+00             NaN             NaN
  -2.2027964e+00             NaN             NaN
  -2.1997284e+00             NaN             NaN
  -2.1966605e+00             NaN             NaN
  -2.1935925e+00             NaN             NaN
  -2.1905246e+00             NaN             NaN
  -2.1874566e+00             NaN             NaN
  -2.1843886e+00             NaN             NaN
  -2.1813207e+00             NaN             NaN
  -2.1782527e+00             NaN             NaN
  -2.1751848e+00             NaN             NaN
  -2.1721168e+00             NaN             NaN
  -2.1690488e+00             NaN             NaN
  -2.1659809e+00   1.0805463e-03   4.6469378e-03
  -2.1629129e+00  -7.1089249e-04   4.9613057e-03
  -2.1598449e+00  -2.5603223e-03   4.7721125e-03
  -2.1567770e+00  -5.0328201e-03   4.4819986e-03
  -2.1537090e+00  -7.5277444e-03   3.1852881e-03
  -2.1506411e+00  -1.1778291e-02   1.2758430e-03
  -2.1475731e+00  -1.9299876e-02  -3.8821379e-03
  -2.1445051e+00  -4.6779193e-02  -2.2826960e-02
  -2.1414372e+00   9.5857511e-02   8.4773447e-02
  -2.1383692e+00   1.9914407e-02   2.8234634e-02
  -2.1353013e+00   8.4065225e-03   2.1769574e-02
  -2.1322333e+00   2.8313510e-03   1.9598308e-02
  -2.1291653e+00             NaN             NaN
  -2.1260974e+00             NaN             NaN
  -2.1230294e+00             NaN             NaN
  -2.1199614e+00             NaN             NaN
  -2.1168935e+00             NaN             NaN
  -2.1138255e+00             NaN             NaN
  -2.1107576e+00             NaN             NaN
  -2.1076896e+00             NaN             NaN
  -2.1046216e+00             NaN             NaN
  -2.1015537e+00             NaN             NaN
  -2.0984857e+00             NaN             NaN
  -2.0954178e+00             NaN             NaN
  -2.0923498e+00  -2.5099624e-03   4.1589505e-03
  -2.0892818e+00  -3.8365671e-03   3.1471401e-03
  -2.0862139e+00  -4.8581860e-03   1.7130898e-03
  -2.0831459e+00  -5.5754124e-03   1.6611454e-04
  -2.0800779e+00  -6.3007915e-03  -1.8665928e-03
  -2.0770100e+00  -6.4587940e-03  -4.1079889e-03
  -2.0739420e+00  -6.8572673e-03  -7.7959758e-03
  -2.0708741e+00  -6.3653810e-03  -1.2561192e-02
  -2.0678061e+00  -5.4231052e-03  -2.5021411e-02
  -2.0647381e+00   1.3613923e-03  -7.2477579e-02
  -2.0616702e+00  -2.6482624e-02   1.0047160e-01
  -2.0586022e+00  -1.5805986e-02   3.0444690e-02
  -2.0555343e+00  -1.6169332e-02   1.8755970e-02
  -2.0524663e+00  -1.6686904e-02   1.2317318e-02
  -2.0493983e+00             NaN             NaN
  -2.0463304e+00             NaN             NaN
  -2.0432624e+00             NaN             NaN
  -2.0401944e+00             NaN             NaN
  -2.0371265e+00             NaN             NaN
  -2.0340585e+00             NaN             NaN
  -2.0309906e+00             NaN             NaN
  -2.0279226e+00             NaN             NaN
  -2.0248546e+00             NaN             NaN
  -2.0217867e+00             NaN             NaN
  -2.0187187e+00             NaN             NaN
  -2.0156508e+00             NaN             NaN
  -2.0125828e+00             NaN             NaN
  -2.0095148e+00             NaN             NaN
  -2.0064469e+00  -4.7080528e-03  -2.8464071e-03
  -2.0033789e+00  -4.1321293e-03  -4.4544872e-03
  -2.0003109e+00  -3.0172932e-03  -6.0334736e-03
  -1.9972430e+00  -1.6092975e-03  -8.0138584e-03
  -1.9941750e+00   7.3719598e-04  -1.0403726e-02
  -1.9911071e+00   5.0399668e-03  -1.4782179e-02
  -1.9880391e+00   1.6253124e-02  -2.4837930e-02
  -1.9849711e+00   2.5462372e-01  -2.3152262e-01
  -1.9819032e+00  -3.5414350e-02   1.9424857e-02
  -1.9788352e+00  -2.1160539e-02   5.4631372e-03
  -1.9757673e+00  -1.5743482e-02   3.1171459e-04
  -1.9726993e+00  -1.4147685e-02  -3.2176223e-03
  -1.9696313e+00  -1.2637004e-02  -6.1781742e-03
  -1.9665634e+00  -1.4661604e-02   1.2497496e-03
  -1.9634954e+00  -1.7556105e-02   1.1116298e-02
  -1.9604274e+00  -2.3799763e-02   3.1411671e-02
  -1.9573595e+00   2.0743989e+00  -3.5403451e+00
  -1.9542915e+00   2.0247712e-02  -2.6536119e-02
  -1.9512236e+00   1.1481955e-02  -7.4487266e-03
  -1.9481556e+00   7.5937838e-03   1.6612822e-03
  -1.9450876e+00   2.3464891e-03   6.1102254e-03
  -1.9420197e+00  -2.7023569e-03   6.6550445e-03
  -1.9389517e+00  -5.8806066e-03   3.2329323e-03
  -1.9358838e+00  -6.4243731e-03  -1.6740813e-03
  -1.9328158e+00  -5.3167897e-03  -3.1158729e-03
  -1.9297478e+00  -4.4235272e-03  -4.5541341e-03
  -1.9266799e+00  -3.0659716e-03  -5.4811940e-03
  -1.9236119e+00  -1.7003216e-03  -6.8481901e-03
  -1.9205439e+00   4.2677578e-05  -7.5668231e-03
  -1.9174760e+00   2.5230151e-03  -9.3064336e-03
  -1.9144080e+00   5.7434525e-03  -1.0486228e-02
  -1.9113401e+00   1.3314192e-02  -1.4223516e-02
  -1.9082721e+00   3.4156646e-02  -2.3264623e-02
  -1.9052041e+00  -2.4275992e-01   9.0106966e-02
  -1.9021362e+00  -3.5668942e-02   5.2903609e-03
  -1.8990682e+00  -2.2240025e-02  -1.8996786e-03
  -1.8960003e+00  -1.7694434e-02  -5.3453778e-03
  -1.8929323e+00  -1.7379095e-02  -2.8003892e-03
  -1.8898643e+00  -1.8110718e-02   8.3521880e-03
  -1.8867964e+00  -1.4051199e-02   2.0313932e-02
  -1.8837284e+00  -1.3229341e-02   2.8682368e-02
  -1.8806604e+00   8.1109237e-03  -1.5913810e-01
  -1.8775925e+00  -5.4724189e-03  -2.8716268e-03
  -1.8745245e+00  -4.9465982e-03   4.6982292e-04
  -1.8714566e+00  -3.0949494e-03   8.8339371e-04
  -1.8683886e+00  -9.6562750e-04   5.8197615e-04
  -1.8653206e+00   9.2721347e-04  -2.9091707e-04
  -1.8622527e+00   2.4453039e-03  -1.6974825e-03
  -1.8591847e+00   3.6147033e-03  -2.8212282e-03
  -1.8561168e+00   4.7262879e-03  -2.0447063e-03
  -1.8530488e+00   2.4496462e-03  -3.2967613e-03
  -1.8499808e+00  -2.5564208e-03  -3.7536504e-03
  -1.8469129e+00  -3.4115525e-03  -4.8611275e-03
  -1.8438449e+00  -2.3248137e-03  -6.1904317e-03
  -1.8407769e+00  -8.8121410e-04  -7.1538199e-03
  -1.8377090e+00   1.1492992e-03  -8.8604590e-03
  -1.8346410e+00   3.9154488e-03  -1.0724840e-02
  -1.8315731e+00   9.8917115e-03  -1.4583297e-02
  -1.8285051e+00   2.7048051e-02  -2.5428534e-02
  -1.8254371e+00   4.4885320e+00  -2.6405463e+00
  -1.8223692e+00  -4.4171361e-02   1.4185433e-02
  -1.8193012e+00  -2.5745696e-02   2.7463139e-03
  -1.8162333e+00  -2.1310460e-02  -2.4031280e-03
  -1.8131653e+00  -2.0240231e-02  -6.6268314e-03
  -1.8100973e+00  -1.0111791e-02  -2.0197704e-02
  -1.8070294e+00   1.2320205e-02  -3.4485209e-02
  -1.8039614e+00   8.5654386e-02  -9.0125988e-02
  -1.8008934e+00  -7.0930944e-02   2.0984129e-02
  -1.7978255e+00  -2.1618485e-02  -6.2187779e-03
  -1.7947575e+00  -9.8340407e-03  -9.4732115e-03
  -1.7916896e+00  -5.1123053e-03  -8.3800086e-03
  -1.7886216e+00  -4.1810933e-03  -6.5456534e-03
  -1.7855536e+00  -4.9417562e-03  -4.4684562e-03
  -1.7824857e+00  -5.7169106e-03  -1.9407718e-03
  -1.7794177e+00  -5.9685326e-03   6.0263882e-04
  -1.7763498e+00  -5.7112854e-03   5.1985059e-04
  -1.7732818e+00  -5.5930455e-03  -8.6667170e-04
  -1.7702138e+00  -5.1719081e-03  -2.0227621e-03
  -1.7671459e+00  -4.7344451e-03  -3.3940720e-03
  -1.7640779e+00  -4.3570569e-03  -4.8098282e-03
  -1.7610099e+00  -3.3759305e-03  -6.1716862e-03
  -1.7579420e+00  -2.3524457e-03  -8.6957690e-03
  -1.7548740e+00  -8.3957381e-04  -1.1186911e-02
  -1.7518061e+00   2.7051882e-03  -1.6904909e-02
  -1.7487381e+00   1.1081604e-02  -3.1703484e-02
  -1.7456701e+00   1.0834870e-01  -1.7460290e-01
  -1.7426022e+00  -4.5878379e-02   4.7935837e-02
  -1.7395342e+00  -2.7103122e-02   1.9707914e-02
  -1.7364663e+00  -2.5518678e-02   1.1397646e-02
  -1.7333983e+00  -2.8335852e-02   6.6261805e-03
  -1.7303303e+00             NaN             NaN
  -1.7272624e+00             NaN             NaN
  -1.7241944e+00             NaN             NaN
  -1.7211264e+00             NaN             NaN
  -1.7180585e+00             NaN             NaN
  -1.7149905e+00             NaN             NaN
  -1.7119226e+00             NaN             NaN
  -1.7088546e+00             NaN             NaN
  -1.7057866e+00             NaN             NaN
  -1.7027187e+00             NaN             NaN
  -1.6996507e+00             NaN             NaN
  -1.6965828e+00             NaN             NaN
  -1.6935148e+00             NaN             NaN
  -1.6904468e+00             NaN             NaN
  -1.6873789e+00  -6.1533701e-03   5.8295885e-04
  -1.6843109e+00  -6.7875193e-03  -8.3127935e-04
  -1.6812429e+00  -7.3992155e-03  -2.3786800e-03
  -1.6781750e+00  -8.1321133e-03  -4.6579949e-03
  -1.6751070e+00  -9.6272775e-03  -8.4563483e-03
  -1.6720391e+00  -1.1556663e-02  -1.4346268e-02
  -1.6689711e+00  -1.6376863e-02  -3.1269584e-02
  -1.6659031e+00  -5.4039002e-02  -1.7010182e-01
  -1.6628352e+00   1.0746193e-02   8.2071542e-02
  -1.6597672e+00             NaN             NaN
  -1.6566993e+00             NaN             NaN
  -1.6536313e+00             NaN             NaN
  -1.6505633e+00             NaN             NaN
  -1.6474954e+00             NaN             NaN
  -1.6444274e+00             NaN             NaN
  -1.6413594e+00             NaN             NaN
  -1.6382915e+00             NaN             NaN
  -1.6352235e+00             NaN             NaN
  -1.6321556e+00             NaN             NaN
  -1.6290876e+00             NaN             NaN
  -1.6260196e+00             NaN             NaN
  -1.6229517e+00             NaN             NaN
  -1.6198837e+00             NaN             NaN
  -1.6168158e+00             NaN             NaN
  -1.6137478e+00   5.1407126e-04   5.4132198e-03
  -1.6106798e+00  -5.6813182e-04   5.5017019e-03
  -1.6076119e+00  -1.7482015e-03   5.8056984e-03
  -1.6045439e+00  -3.0452244e-03   6.1731124e-03
  -1.6014759e+00  -4.4765039e-03   6.2304598e-03
  -1.5984080e+00  -6.9277604e-03   6.8560607e-03
  -1.5953400e+00  -1.1054114e-02   8.1113537e-03
  -1.5922721e+00  -1.6750856e-02   9.3333294e-03
  -1.5892041e+00  -3.3669929e-02   1.2762474e-02
  -1.5861361e+00  -1.3165606e-01   3.0678307e-02
  -1.5830682e+00   1.3494937e-01  -1.6427842e-02
  -1.5800002e+00   5.9427061e-02   4.0579681e-04
  -1.5769322e+00   5.0399612e-02   6.9392386e-03
  -1.5738643e+00   5.9122977e-02   1.5557637e-02
  -1.5707963e+00   1.1162163e-01   4.4793966e-02
  -1.5677284e+00             NaN             NaN
  -1.5646604e+00             NaN             NaN
  -1.5615924e+00             NaN             NaN
  -1.5585245e+00             NaN             NaN
  -1.5554565e+00             NaN             NaN
  -1.5523886e+00             NaN             NaN
  -1.5493206e+00             NaN             NaN
  -1.5462526e+00             NaN             NaN
  -1.5431847e+00             NaN             NaN
  -1.5401167e+00   1.9122685e-03  -4.6418088e-03
  -1.5370487e+00   2.5662322e-03  -3.9838891e-03
  -1.5339808e+00   3.2656477e-03  -3.4776249e-03
  -1.5309128e+00   4.0791988e-03  -3.0853645e-03
  -1.5278449e+00   4.5244583e-03  -2.4772005e-03
  -1.5247769e+00   5.4490348e-03  -1.8900460e-03
  -1.5217089e+00   6.8312721e-03  -1.2464169e-03
  -1.5186410e+00   9.0051116e-03  -4.2629886e-04
  -1.5155730e+00   1.1667289e-02   7.7143292e-04
  -1.5125051e+00   1.6579212e-02   3.1508197e-03
  -1.5094371e+00   2.8757224e-02   9.0482472e-03
  -1.5063691e+00   7.2331499e-02   3.1231794e-02
  -1.5033012e+00  -8.1834467e-01  -4.4119048e-01
  -1.5002332e+00  -9.3733680e-02  -6.2921239e-02
  -1.4971652e+00  -7.4821532e-02  -6.1872062e-02
  -1.4940973e+00             NaN             NaN
  -1.4910293e+00             NaN             NaN
  -1.4879614e+00             NaN             NaN
  -1.4848934e+00             NaN             NaN
  -1.4818254e+00             NaN             NaN
  -1.4787575e+00             NaN             NaN
  -1.4756895e+00             NaN             NaN
  -1.4726216e+00             NaN             NaN
  -1.4695536e+00             NaN             NaN
  -1.4664856e+00             NaN             NaN
  -1.4634177e+00             NaN             NaN
  -1.4603497e+00             NaN             NaN
  -1.4572817e+00             NaN             NaN
  -1.4542138e+00             NaN             NaN
  -1.4511458e+00  -4.2936319e-03   4.2119952e-03
  -1.4480779e+00  -4.9573501e-03   3.9674158e-03
  -1.4450099e+00  -5.8100696e-03   3.7231015e-03
  -1.4419419e+00  -7.0967755e-03   3.5747326e-03
  -1.4388740e+00  -9.1142326e-03   3.5176311e-03
  -1.4358060e+00  -1.2460736e-02   3.5483954e-03
  -1.4327381e+00  -1.8466739e-02   3.6546050e-03
  -1.4296701e+00  -2.8862518e-02   3.6353172e-03
  -1.4266021e+00  -5.5455056e-02   2.4853687e-03
  -1.4235342e+00             NaN             NaN
  -1.4204662e+00             NaN             NaN
  -1.4173982e+00             NaN             NaN
  -1.4143303e+00             NaN             NaN
  -1.4112623e+00             NaN             NaN
  -1.4081944e+00             NaN             NaN
  -1.4051264e+00             NaN             NaN
  -1.4020584e+00             NaN             NaN
  -1.3989905e+00             NaN             NaN
  -1.3959225e+00             NaN             NaN
  -1.3928546e+00             NaN             NaN
  -1.3897866e+00             NaN             NaN
  -1.3867186e+00             NaN             NaN
  -1.3836507e+00             NaN             NaN
  -1.3805827e+00             NaN             NaN
  -1.3775147e+00             NaN             NaN
  -1.3744468e+00             NaN             NaN
  -1.3713788e+00             NaN             NaN
  -1.3683109e+00   1.5963478e-03  -5.2234369e-03
  -1.3652429e+00   2.3986482e-03  -5.7149866e-03
  -1.3621749e+00   3.3370559e-03  -6.2041206e-03
  -1.3591070e+00   4.6884994e-03  -7.0674168e-03
  -1.3560390e+00   6.7748664e-03  -8.5114552e-03
  -1.3529711e+00   1.0223478e-02  -1.0920697e-02
  -1.3499031e+00   1.6299408e-02  -1.5017072e-02
  -1.3468351e+00   2.7429425e-02  -2.2006933e-02
  -1.3437672e+00             NaN             NaN
  -1.3406992e+00             NaN             NaN
  -1.3376312e+00             NaN             NaN
  -1.3345633e+00             NaN             NaN
  -1.3314953e+00             NaN             NaN
  -1.3284274e+00             NaN             NaN
  -1.3253594e+00             NaN             NaN
  -1.3222914e+00             NaN             NaN
  -1.3192235e+00             NaN             NaN
  -1.3161555e+00             NaN             NaN
  -1.3130876e+00             NaN             NaN
  -1.3100196e+00             NaN             NaN
  -1.3069516e+00             NaN             NaN
  -1.3038837e+00             NaN             NaN
  -1.3008157e+00             NaN             NaN
  -1.2977477e+00             NaN             NaN
  -1.2946798e+00   3.8578428e-03   3.7787757e-03
  -1.2916118e+00   3.6796972e-03   4.3191809e-03
  -1.2885439e+00   3.6078176e-03   5.0215535e-03
  -1.2854759e+00   3.5823776e-03   5.8764673e-03
  -1.2824079e+00   3.5678556e-03   6.9530275e-03
  -1.2793400e+00   3.6620619e-03   8.5551981e-03
  -1.2762720e+00   3.8749441e-03   1.0975225e-02
  -1.2732041e+00   4.2002566e-03   1.4667272e-02
  -1.2701361e+00   4.5761220e-03   2.0226982e-02
  -1.2670681e+00   4.7853590e-03   2.7979548e-02
  -1.2640002e+00   4.3542131e-03   3.6520520e-02
  -1.2609322e+00   2.8462214e-03   4.1059891e-02
  -1.2578642e+00             NaN             NaN
  -1.2547963e+00             NaN             NaN
  -1.2517283e+00             NaN             NaN
  -1.2486604e+00             NaN             NaN
  -1.2455924e+00             NaN             NaN
  -1.2425244e+00             NaN             NaN
  -1.2394565e+00             NaN             NaN
  -1.2363885e+00             NaN             NaN
  -1.2333206e+00             NaN             NaN
  -1.2302526e+00             NaN             NaN
  -1.2271846e+00             NaN             NaN
  -1.2241167e+00             NaN             NaN
  -1.2210487e+00  -4.2536853e-03   3.3779854e-03
  -1.2179807e+00  -4.3906307e-03   2.9143799e-03
  -1.2149128e+00  -4.5673816e-03   2.4946998e-03
  -1.2118448e+00  -4.8564758e-03   2.1395039e-03
  -1.2087769e+00  -5.2924380e-03   1.8318772e-03
  -1.2057089e+00  -5.9306346e-03   1.5543177e-03
  -1.2026409e+00  -6.8558772e-03   1.2847026e-03
  -1.1995730e+00  -8.1799201e-03   9.8998295e-04
  -1.1965050e+00  -9.7675562e-03   6.0431548e-04
  -1.1934371e+00  -1.1986121e-02   5.6348582e-05
  -1.1903691e+00  -1.4859221e-02  -7.7043104e-04
  -1.1873011e+00  -1.8054303e-02  -1.9461270e-03
  -1.1842332e+00  -2.0608928e-02  -3.3854671e-03
  -1.1811652e+00  -2.1286602e-02  -4.7379854e-03
  -1.1780972e+00  -1.9751108e-02  -5.6114008e-03
  -1.1750293e+00  -1.6920336e-02  -5.9264884e-03
  -1.1719613e+00  -1.3915289e-02  -5.8779740e-03
  -1.1688934e+00  -1.1106584e-02  -5.5758092e-03
  -1.1658254e+00             NaN             NaN
  -1.1627574e+00             NaN             NaN
  -1.1596895e+00             NaN             NaN
  -1.1566215e+00             NaN             NaN
  -1.1535536e+00             NaN             NaN
  -1.1504856e+00  -3.0092774e-03  -4.5245656e-03
  -1.1474176e+00  -2.3743285e-03  -4.4253173e-03
  -1.1443497e+00  -1.8011929e-03  -4.3358339e-03
  -1.1412817e+00  -1.3057096e-03  -4.3176313e-03
  -1.1382137e+00  -8.6524732e-04  -4.3699079e-03
  -1.1351458e+00  -4.6058478e-04  -4.4986337e-03
  -1.1320778e+00  -7.3088356e-05  -4.7180556e-03
  -1.1290099e+00   3.1773342e-04  -4.9732992e-03
  -1.1259419e+00   7.3826524e-04  -5.2360102e-03
  -1.1228739e+00   1.2300259e-03  -5.6751244e-03
  -1.1198060e+00   1.8416161e-03  -6.3374563e-03
  -1.1167380e+00   2.6332197e-03  -7.2683014e-03
  -1.1136701e+00   3.6659484e-03  -8.4792452e-03
  -1.1106021e+00   4.9594859e-03  -9.8864929e-03
  -1.1075341e+00   6.4208537e-03  -1.1236890e-02
  -1.1044662e+00   7.7959032e-03  -1.2121306e-02
  -1.1013982e+00   8.7610152e-03  -1.2191175e-02
  -1.0983302e+00   8.9187700e-03  -1.1069483e-02
  -1.0952623e+00   8.6206135e-03  -9.4723127e-03
  -1.0921943e+00   8.0847024e-03  -7.8050129e-03
  -1.0891264e+00   7.4993096e-03  -6.2990324e-03
  -1.0860584e+00   6.9692634e-03  -5.0317197e-03
  -1.0829904e+00             NaN             NaN
  -1.0799225e+00             NaN             NaN
  -1.0768545e+00             NaN             NaN
  -1.0737866e+00             NaN             NaN
  -1.0707186e+00   5.3407934e-03  -1.2007760e-03
  -1.0676506e+00   5.1438328e-03  -6.8451088e-04
  -1.0645827e+00   5.0215879e-03  -2.2468101e-04
  -1.0615147e+00   4.9663794e-03   1.9523538e-04
  -1.0584467e+00   4.9753505e-03   5.8922961e-04
  -1.0553788e+00   4.9600475e-03   9.6257652e-04
  -1.0523108e+00   4.9037196e-03   1.3303146e-03
  -1.0492429e+00   4.9364562e-03   1.7205012e-03
  -1.0461749e+00   5.0745355e-03   2.1550520e-03
  -1.0431069e+00   5.3401257e-03   2.6664170e-03
  -1.0400390e+00   5.7575424e-03   3.2951810e-03
  -1.0369710e+00   6.3410369e-03   4.0832240e-03
  -1.0339031e+00   7.0713870e-03   5.0544272e-03
  -1.0308351e+00   7.8653126e-03   6.1808173e-03
  -1.0277671e+00   8.4063944e-03   7.2332261e-03
  -1.0246992e+00   8.5470230e-03   8.0673018e-03
  -1.0216312e+00   8.2441626e-03   8.5716215e-03
  -1.0185632e+00   7.5469133e-03   8.6924210e-03
  -1.0154953e+00   6.6113107e-03   8.5044932e-03
  -1.0124273e+00             NaN             NaN
  -1.0093594e+00             NaN             NaN
  -1.0062914e+00             NaN             NaN
  -1.0032234e+00             NaN             NaN
  -1.0001555e+00             NaN             NaN
  -9.9708751e-01             NaN             NaN
  -9.9401955e-01             NaN             NaN
  -9.9095159e-01             NaN             NaN
  -9.8788363e-01             NaN             NaN
  -9.8481567e-01             NaN             NaN
  -9.8174770e-01             NaN             NaN
  -9.7867974e-01             NaN             NaN
  -9.7561178e-01             NaN             NaN
  -9.7254382e-01  -1.7224761e-03   4.5985580e-03
  -9.6947586e-01  -2.0630433e-03   4.5189729e-03
  -9.6640790e-01  -2.4257537e-03   4.5020077e-03
  -9.6333993e-01  -2.8304313e-03   4.5574752e-03
  -9.6027197e-01  -3.3020829e-03   4.6958149e-03
  -9.5720401e-01  -3.8657350e-03   4.9205671e-03
  -9.5413605e-01  -4.4112419e-03   5.0830888e-03
  -9.5106809e-01  -5.0125714e-03   5.2330694e-03
  -9.4800013e-01             NaN             NaN
  -9.4493217e-01             NaN             NaN
  -9.4186420e-01             NaN             NaN
  -9.3879624e-01             NaN             NaN
  -9.3572828e-01             NaN             NaN
  -9.3266032e-01             NaN             NaN
  -9.2959236e-01             NaN             NaN
  -9.2652440e-01             NaN             NaN
  -9.2345643e-01             NaN             NaN
  -9.2038847e-01             NaN             NaN
  -9.1732051e-01             NaN             NaN
  -9.1425255e-01             NaN             NaN
  -9.1118459e-01             NaN             NaN
  -9.0811663e-01             NaN             NaN
  -9.0504866e-01             NaN             NaN
  -9.0198070e-01             NaN             NaN
  -8.9891274e-01             NaN             NaN
  -8.9584478e-01             NaN             NaN
  -8.9277682e-01             NaN             NaN
  -8.8970886e-01             NaN             NaN
  -8.8664090e-01             NaN             NaN
  -8.8357293e-01             NaN             NaN
  -8.8050497e-01             NaN             NaN
  -8.7743701e-01             NaN             NaN
  -8.7436905e-01             NaN             NaN
  -8.7130109e-01             NaN             NaN
  -8.6823313e-01             NaN             NaN
  -8.6516516e-01             NaN             NaN
  -8.6209720e-01             NaN             NaN
  -8.5902924e-01             NaN             NaN
  -8.5596128e-01             NaN             NaN
  -8.5289332e-01             NaN             NaN
  -8.4982536e-01             NaN             NaN
  -8.4675739e-01             NaN             NaN
  -8.4368943e-01             NaN             NaN
  -8.4062147e-01             NaN             NaN
  -8.3755351e-01             NaN             NaN
  -8.3448555e-01             NaN             NaN
  -8.3141759e-01             NaN             NaN
  -8.2834963e-01             NaN             NaN
  -8.2528166e-01             NaN             NaN
  -8.2221370e-01             NaN             NaN
  -8.1914574e-01             NaN             NaN
  -8.1607778e-01             NaN             NaN
  -8.1300982e-01             NaN             NaN
  -8.0994186e-01             NaN             NaN
  -8.0687389e-01             NaN             NaN
  -8.0380593e-01             NaN             NaN
  -8.0073797e-01             NaN             NaN
  -7.9767001e-01             NaN             NaN
  -7.9460205e-01   7.4115855e-03  -8.8786648e-04
  -7.9153409e-01   7.6955181e-03  -5.1991238e-04
  -7.8846612e-01   8.0149637e-03  -1.3303169e-04
  -7.8539816e-01   8.2243458e-03   2.8239550e-04
  -7.8233020e-01   8.3029301e-03   7.3792485e-04
  -7.7926224e-01             NaN             NaN
  -7.7619428e-01             NaN             NaN
  -7.7312632e-01             NaN             NaN
  -7.7005836e-01             NaN             NaN
  -7.6699039e-01             NaN             NaN
  -7.6392243e-01             NaN             NaN
  -7.6085447e-01             NaN             NaN
  -7.5778651e-01             NaN             NaN
  -7.5471855e-01             NaN             NaN
  -7.5165059e-01             NaN             NaN
  -7.4858262e-01             NaN             NaN
  -7.4551466e-01             NaN             NaN
  -7.4244670e-01             NaN             NaN
  -7.3937874e-01             NaN             NaN
  -7.3631078e-01             NaN             NaN
  -7.3324282e-01   1.8579166e-03   8.8355913e-03
  -7.3017486e-01   1.2216072e-03   9.1268196e-03
  -7.2710689e-01   6.0311430e-04   9.4041422e-03
  -7.2403893e-01   1.7351614e-05   9.6069107e-03
  -7.2097097e-01  -5.2599641e-04   9.5018222e-03
  -7.1790301e-01  -1.0558144e-03   9.3673000e-03
  -7.1483505e-01  -1.5768272e-03   9.2081194e-03
  -7.1176709e-01  -2.0986560e-03   9.0366453e-03
  -7.0869912e-01  -2.6355203e-03   8.8657609e-03
  -7.0563116e-01  -3.2028510e-03   8.6996222e-03
  -7.0256320e-01  -3.8079181e-03   8.5322563e-03
  -6.9949524e-01  -4.4573171e-03   8.3495026e-03
  -6.9642728e-01  -5.0730463e-03   8.0270732e-03
  -6.9335932e-01  -5.5674714e-03   7.4447727e-03
  -6.9029135e-01  -6.0958181e-03   6.8065371e-03
  -6.8722339e-01  -6.6618009e-03   6.1197412e-03
  -6.8415543e-01  -7.2698128e-03   5.3924599e-03
  -6.8108747e-01  -7.9240956e-03   4.6317049e-03
  -6.7801951e-01  -8.4483293e-03   3.7880235e-03
  -6.7495155e-01  -8.6565285e-03   2.7842175e-03
  -6.7188359e-01  -8.8968280e-03   1.7530952e-03
  -6.6881562e-01  -9.1706055e-03   6.9771568e-04
  -6.6574766e-01  -9.4777512e-03  -3.7905340e-04
  -6.6267970e-01  -9.7803797e-03  -1.4550189e-03
  -6.5961174e-01  -9.5851758e-03  -2.4361583e-03
  -6.5654378e-01  -9.4050794e-03  -3.4233355e-03
  -6.5347582e-01  -9.2296827e-03  -4.4076137e-03
  -6.5040785e-01  -9.0440344e-03  -5.3751838e-03
  -6.4733989e-01  -8.8353843e-03  -6.2935950e-03
  -6.4427193e-01  -8.5810820e-03  -7.1422919e-03
  -6.4120397e-01  -8.1514587e-03  -7.8064957e-03
  -6.3813601e-01  -7.4449460e-03  -8.1829179e-03
  -6.3506805e-01  -6.6924079e-03  -8.4719354e-03
  -6.3200008e-01  -5.9183526e-03  -8.7025990e-03
  -6.2893212e-01  -5.1453880e-03  -8.9194271e-03
  -6.2586416e-01  -4.3929801e-03  -9.1590415e-03
  -6.2279620e-01  -3.6428631e-03  -9.4578491e-03
  -6.1972824e-01  -2.8784926e-03  -9.8300280e-03
  -6.1666028e-01  -1.9968039e-03  -9.9972138e-03
  -6.1359232e-01  -9.9909840e-04  -1.0014303e-02
  -6.1052435e-01   6.7864867e-05  -1.0077108e-02
  -6.0745639e-01   1.2146808e-03  -1.0187100e-02
  -6.0438843e-01   2.4509411e-03  -1.0347523e-02
  -6.0132047e-01   3.7090783e-03  -1.0309224e-02
  -5.9825251e-01             NaN             NaN
  -5.9518455e-01             NaN             NaN
  -5.9211658e-01             NaN             NaN
  -5.8904862e-01             NaN             NaN
  -5.8598066e-01             NaN             NaN
  -5.8291270e-01             NaN             NaN
  -5.7984474e-01             NaN             NaN
  -5.7677678e-01             NaN             NaN
  -5.7370881e-01   1.5604839e-02  -3.7020832e-03
  -5.7064085e-01   1.6131069e-02  -2.4383819e-03
  -5.6757289e-01   1.6481216e-02  -1.1378598e-03
  -5.6450493e-01   1.6558343e-02   1.6564725e-04
  -5.6143697e-01   1.6295893e-02   1.4206908e-03
  -5.5836901e-01   1.5698384e-02   2.5805885e-03
  -5.5530105e-01   1.4859443e-02   3.5853954e-03
  -5.5223308e-01   1.3589743e-02   4.3430927e-03
  -5.4916512e-01   1.2162471e-02   4.9874425e-03
  -5.4609716e-01   1.0894984e-02   5.6364168e-03
  -5.4302920e-01   9.7962678e-03   6.3427960e-03
  -5.3996124e-01   8.8376899e-03   7.1475961e-03
  -5.3689328e-01             NaN             NaN
  -5.3382531e-01             NaN             NaN
  -5.3075735e-01             NaN             NaN
  -5.2768939e-01             NaN             NaN
  -5.2462143e-01             NaN             NaN
  -5.2155347e-01             NaN             NaN
  -5.1848551e-01             NaN             NaN
  -5.1541754e-01             NaN             NaN
  -5.1234958e-01             NaN             NaN
  -5.0928162e-01             NaN             NaN
  -5.0621366e-01             NaN             NaN
  -5.0314570e-01             NaN             NaN
  -5.0007774e-01             NaN             NaN
  -4.9700978e-01             NaN             NaN
  -4.9394181e-01             NaN             NaN
  -4.9087385e-01             NaN             NaN
  -4.8780589e-01             NaN             NaN
  -4.8473793e-01             NaN             NaN
  -4.8166997e-01  -1.8042606e-02  -7.4910995e-03
  -4.7860201e-01  -1.5865258e-02  -9.0965151e-03
  -4.7553404e-01  -1.2751245e-02  -9.8201328e-03
  -4.7246608e-01  -9.9674772e-03  -1.0300594e-02
  -4.6939812e-01  -7.6063040e-03  -1.0726600e-02
  -4.6633016e-01  -5.5160228e-03  -1.1011558e-02
  -4.6326220e-01  -3.2529013e-03  -1.0813563e-02
  -4.6019424e-01  -1.1644086e-03  -1.0870733e-02
  -4.5712627e-01   8.8879648e-04  -1.1003526e-02
  -4.5405831e-01             NaN             NaN
  -4.5099035e-01             NaN             NaN
  -4.4792239e-01             NaN             NaN
  -4.4485443e-01             NaN             NaN
  -4.4178647e-01             NaN             NaN
  -4.3871851e-01             NaN             NaN
  -4.3565054e-01             NaN             NaN
  -4.3258258e-01             NaN             NaN
  -4.2951462e-01             NaN             NaN
  -4.2644666e-01             NaN             NaN
  -4.2337870e-01             NaN             NaN
  -4.2031074e-01             NaN             NaN
  -4.1724277e-01             NaN             NaN
  -4.1417481e-01  -1.2265556e-02   2.8751663e-02
  -4.1110685e-01  -2.1900493e-02   2.6791105e-02
  -4.0803889e-01  -2.8053842e-02   1.9537753e-02
  -4.0497093e-01  -3.1696974e-02   1.0271491e-02
  -4.0190297e-01  -2.9956690e-02   8.0025522e-04
  -3.9883500e-01  -2.5901343e-02  -7.5160981e-03
  -3.9576704e-01  -1.9651867e-02  -1.3189631e-02
  -3.9269908e-01  -1.3342030e-02  -1.7157576e-02
  -3.8963112e-01  -6.1266717e-03  -1.8568989e-02
  -3.8656316e-01   2.3012327e-04  -1.8854871e-02
  -3.8349520e-01   6.7912437e-03  -1.6666502e-02
  -3.8042724e-01   1.2093319e-02  -1.2523720e-02
  -3.7735927e-01   1.6030001e-02  -6.8178055e-03
  -3.7429131e-01   1.7805585e-02   5.4530271e-04
  -3.7122335e-01             NaN             NaN
  -3.6815539e-01             NaN             NaN
  -3.6508743e-01             NaN             NaN
  -3.6201947e-01             NaN             NaN
  -3.5895150e-01             NaN             NaN
  -3.5588354e-01             NaN             NaN
  -3.5281558e-01             NaN             NaN
  -3.4974762e-01             NaN             NaN
  -3.4667966e-01             NaN             NaN
  -3.4361170e-01             NaN             NaN
  -3.4054373e-01             NaN             NaN
  -3.3747577e-01             NaN             NaN
  -3.3440781e-01             NaN             NaN
  -3.3133985e-01   1.1207842e-01   1.6353954e-02
  -3.2827189e-01   1.0514688e-01   5.5356670e-02
  -3.2520393e-01   8.3366434e-02   8.9101381e-02
  -3.2213597e-01   4.2847719e-02   1.0529447e-01
  -3.1906800e-01   3.4582513e-03   1.0295405e-01
  -3.1600004e-01  -3.0247091e-02   9.0177859e-02
  -3.1293208e-01  -5.5703340e-02   6.3348227e-02
  -3.0986412e-01  -6.9801918e-02   3.2251749e-02
  -3.0679616e-01  -7.2766366e-02   1.3979875e-03
  -3.0372820e-01  -6.5290837e-02  -2.8983639e-02
  -3.0066023e-01  -4.5905767e-02  -5.5488192e-02
  -2.9759227e-01  -1.4652952e-02  -7.2467009e-02
  -2.9452431e-01   2.3957147e-02  -7.3151336e-02
  -2.9145635e-01             NaN             NaN
  -2.8838839e-01             NaN             NaN
  -2.8532043e-01             NaN             NaN
  -2.8225246e-01             NaN             NaN
  -2.7918450e-01             NaN             NaN
  -2.7611654e-01             NaN             NaN
  -2.7304858e-01             NaN             NaN
  -2.6998062e-01             NaN             NaN
  -2.6691266e-01             NaN             NaN
  -2.6384470e-01             NaN             NaN
  -2.6077673e-01             NaN             NaN
  -2.5770877e-01             NaN             NaN
  -2.5464081e-01             NaN             NaN
  -2.5157285e-01   2.1561981e+00   9.9652750e-02
  -2.4850489e-01   2.6147386e+00   1.4129480e+00
  -2.4543693e-01   1.8117511e+00   2.5390512e+00
  -2.4236896e-01   3.6886583e-01   2.5063290e+00
  -2.3930100e-01  -6.3787921e-01   1.7621900e+00
  -2.3623304e-01  -1.0788847e+00   9.0837511e-01
  -2.3316508e-01  -1.1108256e+00   1.7102703e-01
  -2.3009712e-01  -8.7497067e-01  -3.9597319e-01
  -2.2702916e-01  -4.5621551e-01  -7.5977002e-01
  -2.2396120e-01   1.0286261e-01  -8.2449582e-01
  -2.2089323e-01   6.1577341e-01  -5.8152331e-01
  -2.1782527e-01   8.6818871e-01   5.3080643e-03
  -2.1475731e-01   6.5273513e-01   6.7075975e-01
  -2.1168935e-01             NaN             NaN
  -2.0862139e-01             NaN             NaN
  -2.0555343e-01             NaN             NaN
  -2.0248546e-01             NaN             NaN
  -1.9941750e-01             NaN             NaN
  -1.9634954e-01             NaN             NaN
  -1.9328158e-01             NaN             NaN
  -1.9021362e-01             NaN             NaN
  -1.8714566e-01             NaN             NaN
  -1.8407769e-01             NaN             NaN
  -1.8100973e-01             NaN             NaN
  -1.7794177e-01             NaN             NaN
  -1.7487381e-01             NaN             NaN
  -1.7180585e-01             NaN             NaN
  -1.6873789e-01  -2.6087923e+01   5.2610122e+00
  -1.6566993e-01  -2.4425841e+01  -9.8760912e+00
  -1.6260196e-01  -1.8220886e+01  -2.7307555e+01
  -1.5953400e-01   2.0971443e+00  -6.2153524e+01
  -1.5646604e-01  -1.6136905e+02   1.9803935e+02
  -1.5339808e-01  -3.5577121e+01   7.4328632e+00
  -1.5033012e-01  -1.6616424e+01  -9.3048811e+00
  -1.4726216e-01  -3.8946911e+00  -1.2475712e+01
  -1.4419419e-01   4.8839413e+00  -8.8903953e+00
  -1.4112623e-01   8.3092639e+00  -1.8296231e+00
  -1.3805827e-01   5.9302017e+00   4.7558427e+00
  -1.3499031e-01  -2.4941596e-01   7.0907850e+00
  -1.3192235e-01             NaN             NaN
  -1.2885439e-01             NaN             NaN
  -1.2578642e-01             NaN             NaN
  -1.2271846e-01             NaN             NaN
  -1.1965050e-01             NaN             NaN
  -1.1658254e-01             NaN             NaN
  -1.1351458e-01             NaN             NaN
  -1.1044662e-01             NaN             NaN
  -1.0737866e-01             NaN             NaN
  -1.0431069e-01             NaN             NaN
  -1.0124273e-01             NaN             NaN
  -9.8174770e-02             NaN             NaN
  -9.5106809e-02             NaN             NaN
  -9.2038847e-02  -2.3532996e+01  -2.8699781e+00
  -8.8970886e-02  -1.4995423e+01  -1.4005347e+01
  -8.5902924e-02  -2.4585637e+00  -1.8879328e+01
  -8.2834963e-02   1.0705082e+01  -1.6286212e+01
  -7.9767001e-02   2.1290349e+01  -5.9371709e+00
  -7.6699039e-02   2.6315212e+01   1.2388321e+01
  -7.3631078e-02   1.8685117e+01   4.4919049e+01
  -7.0563116e-02  -6.9382522e+01   1.9598277e+02
  -6.7495155e-02   7.9272256e+01  -3.9783283e+01
  -6.4427193e-02   3.5972223e+01   1.1335465e+01
  -6.1359232e-02   1.1354535e+01   2.2088748e+01
  -5.8291270e-02  -6.3108171e+00   1.8534649e+01
  -5.5223308e-02  -1.5334352e+01   6.9923562e+00
  -5.2155347e-02  -1.4104373e+01  -6.4914384e+00
  -4.9087385e-02             NaN             NaN
  -4.6019424e-02             NaN             NaN
  -4.2951462e-02             NaN             NaN
  -3.9883500e-02             NaN             NaN
  -3.6815539e-02             NaN             NaN
  -3.3747577e-02             NaN             NaN
  -3.0679616e-02             NaN             NaN
  -2.7611654e-02             NaN             NaN
  -2.4543693e-02             NaN             NaN
  -2.1475731e-02             NaN             NaN
  -1.8407769e-02             NaN             NaN
  -1.5339808e-02             NaN             NaN
  -1.2271846e-02             NaN             NaN
  -9.2038847e-03   3.3207590e+01  -2.3933411e+01
  -6.1359232e-03   3.4063919e+01   3.6462381e+00
  -3.0679616e-03   1.9710184e+01   2.4699494e+01
   0.0000000e+00  -5.2121295e+00   3.1015064e+01
   3.0679616e-03  -2.5829175e+01   1.5729058e+01
   6.1359232e-03  -2.8458079e+01  -9.0235841e+00
   9.2038847e-03  -1.1341189e+01  -2.7010543e+01
   1.2271846e-02   1.4804643e+01  -2.7774746e+01
   1.5339808e-02   3.8237685e+01  -5.9464854e+00
   1.8407769e-02             NaN             NaN
   2.1475731e-02             NaN             NaN
   2.4543693e-02             NaN             NaN
   2.7611654e-02             NaN             NaN
   3.0679616e-02             NaN             NaN
   3.3747577e-02             NaN             NaN
   3.6815539e-02             NaN             NaN
   3.9883500e-02             NaN             NaN
   4.2951462e-02             NaN             NaN
   4.6019424e-02             NaN             NaN
   4.9087385e-02             NaN             NaN
   5.2155347e-02             NaN             NaN
   5.5223308e-02   7.6877983e+00   1.5263686e+01
   5.8291270e-02  -8.3767975e+00   1.7390658e+01
   6.1359232e-02  -2.1967449e+01   7.3761814e+00
   6.4427193e-02  -2.7685334e+01  -1.4335106e+01
   6.7495155e-02  -1.5329212e+01  -4.9554389e+01
   7.0563116e-02   8.8015343e+01  -1.6342337e+02
   7.3631078e-02  -1.1429837e+02   3.4436438e+01
   7.6699039e-02  -4.2024658e+01  -2.2709353e+01
   7.9767001e-02  -9.3908583e+00  -3.0494617e+01
   8.2834963e-02   1.2007529e+01  -2.3008311e+01
   8.5902924e-02   2.2284184e+01  -7.2115081e+00
   8.8970886e-02   2.0739212e+01   1.0506816e+01
   9.2038847e-02   8.3355328e+00   2.3416744e+01
   9.5106809e-02  -6.8647665e+00   2.7841067e+01
   9.8174770e-02             NaN             NaN
   1.0124273e-01             NaN             NaN
   1.0431069e-01             NaN             NaN
   1.0737866e-01             NaN             NaN
   1.1044662e-01             NaN             NaN
   1.1351458e-01             NaN             NaN
   1.1658254e-01             NaN             NaN
   1.1965050e-01             NaN             NaN
   1.2271846e-01             NaN             NaN
   1.2578642e-01             NaN             NaN
   1.2885439e-01             NaN             NaN
   1.3192235e-01             NaN             NaN
   1.3499031e-01  -9.3084766e+00   4.0642037e+00
   1.3805827e-01  -8.5922912e+00  -6.1403519e+00
   1.4112623e-01   3.7815393e-01  -1.1403816e+01
   1.4419419e-01   1.0157088e+01  -7.7481412e+00
   1.4726216e-01   1.4939391e+01   2.7071400e+00
   1.5033012e-01   1.0443667e+01   1.6709849e+01
   1.5339808e-01  -5.4382061e+00   2.8807751e+01
   1.5646604e-01  -4.9420632e+01   3.6688690e+01
   1.5953400e-01   1.1578446e+03   4.1590993e+01
   1.6260196e-01   4.7568202e+01   3.9660983e+01
   1.6566993e-01   1.0338285e+01   3.4093767e+01
   1.6873789e-01  -6.8930423e+00   2.7063044e+01
   1.7180585e-01  -1.8009758e+01   1.8653119e+01
   1.7487381e-01             NaN             NaN
   1.7794177e-01             NaN             NaN
   1.8100973e-01             NaN             NaN
   1.8407769e-01             NaN             NaN
   1.8714566e-01             NaN             NaN
   1.9021362e-01             NaN             NaN
   1.9328158e-01             NaN             NaN
   1.9634954e-01             NaN             NaN
   1.9941750e-01             NaN             NaN
   2.0248546e-01             NaN             NaN
   2.0555343e-01             NaN             NaN
   2.0862139e-01             NaN             NaN
   2.1168935e-01             NaN             NaN
   2.1475731e-01             NaN             NaN
   2.1782527e-01  -4.5106601e-01  -1.4475710e+00
   2.2089323e-01   6.6622355e-01  -1.2391183e+00
   2.2396120e-01   1.2809094e+00  -4.3139214e-01
   2.2702916e-01   1.2423504e+00   4.7297550e-01
   2.3009712e-01   7.2245069e-01   1.2018040e+00
   2.3316508e-01  -9.8920019e-02   1.5409631e+00
   2.3623304e-01  -1.0551481e+00   1.4367448e+00
   2.3930100e-01  -2.0408563e+00   8.8290135e-01
   2.4236896e-01  -2.9788658e+00  -2.7991451e-01
   2.4543693e-01  -3.6394242e+00  -2.3300234e+00
   2.4850489e-01  -3.3441030e+00  -5.4360227e+00
   2.5157285e-01  -8.8503883e-01  -8.0302598e+00
   2.5464081e-01   2.3063751e+00  -6.5980223e+00
   2.5770877e-01   3.1935935e+00  -3.2168390e+00
   2.6077673e-01             NaN             NaN
   2.6384470e-01             NaN             NaN
   2.6691266e-01             NaN             NaN
   2.6998062e-01             NaN             NaN
   2.7304858e-01             NaN             NaN
   2.7611654e-01             NaN             NaN
   2.7918450e-01             NaN             NaN
   2.8225246e-01             NaN             NaN
   2.8532043e-01             NaN             NaN
   2.8838839e-01             NaN             NaN
   2.9145635e-01             NaN             NaN
   2.9452431e-01             NaN             NaN
   2.9759227e-01             NaN             NaN
   3.0066023e-01             NaN             NaN
   3.0372820e-01   5.2579647e-02   1.5992721e-01
   3.0679616e-01  -3.8885971e-02   1.6271584e-01
   3.0986412e-01  -1.1779857e-01   1.2439232e-01
   3.1293208e-01  -1.7210588e-01   5.3883556e-02
   3.1600004e-01  -1.9252331e-01  -3.5864170e-02
   3.1906800e-01  -1.7629219e-01  -1.3255372e-01
   3.2213597e-01  -1.1720521e-01  -2.1961664e-01
   3.2520393e-01  -2.3254640e-02  -2.8652301e-01
   3.2827189e-01   1.0868488e-01  -3.2439652e-01
   3.3133985e-01   2.7570800e-01  -3.0703379e-01
   3.3440781e-01   4.3725554e-01  -2.0395317e-01
   3.3747577e-01   5.0873913e-01  -2.7233574e-02
   3.4054373e-01   4.7351785e-01   1.6272065e-01
   3.4361170e-01   3.4287530e-01   3.0390789e-01
   3.4667966e-01             NaN             NaN
   3.4974762e-01             NaN             NaN
   3.5281558e-01             NaN             NaN
   3.5588354e-01             NaN             NaN
   3.5895150e-01             NaN             NaN
   3.6201947e-01             NaN             NaN
   3.6508743e-01             NaN             NaN
   3.6815539e-01             NaN             NaN
   3.7122335e-01             NaN             NaN
   3.7429131e-01             NaN             NaN
   3.7735927e-01             NaN             NaN
   3.8042724e-01             NaN             NaN
   3.8349520e-01             NaN             NaN
   3.8656316e-01   4.5272591e-02   6.0161253e-02
   3.8963112e-01   1.3526214e-02   7.5583261e-02
   3.9269908e-01  -2.1415176e-02   7.7899505e-02
   3.9576704e-01  -5.6750955e-02   6.5974733e-02
   3.9883500e-01  -8.3466943e-02   4.0806440e-02
   4.0190297e-01  -1.0286290e-01   7.8125503e-03
   4.0497093e-01  -1.1401536e-01  -3.6129068e-02
   4.0803889e-01  -1.1019279e-01  -8.9961678e-02
   4.1110685e-01  -8.4477353e-02  -1.4062212e-01
   4.1417481e-01  -3.8505117e-02  -1.9021471e-01
   4.1724277e-01   3.5877284e-02  -2.2015964e-01
   4.2031074e-01   1.1029105e-01  -2.0272673e-01
   4.2337870e-01   1.6959198e-01  -1.5307979e-01
   4.2644666e-01   1.9176034e-01  -7.7164308e-02
   4.2951462e-01             NaN             NaN
   4.3258258e-01             NaN             NaN
   4.3565054e-01             NaN             NaN
   4.3871851e-01             NaN             NaN
   4.4178647e-01             NaN             NaN
   4.4485443e-01             NaN             NaN
   4.4792239e-01             NaN             NaN
   4.5099035e-01             NaN             NaN
   4.5405831e-01             NaN             NaN
   4.5712627e-01             NaN             NaN
   4.6019424e-01             NaN             NaN
   4.6326220e-01             NaN             NaN
   4.6633016e-01             NaN             NaN
   4.6939812e-01   1.0595781e-02  -4.4079217e-02
   4.7246608e-01   2.5547455e-02  -3.7278718e-02
   4.7553404e-01   3.8851943e-02  -2.8063007e-02
   4.7860201e-01   4.9373519e-02  -1.3638397e-02
   4.8166997e-01   5.5373748e-02   2.4287243e-03
   4.8473793e-01   5.9887975e-02   2.3224915e-02
   4.8780589e-01   5.5748001e-02   4.3449609e-02
   4.9087385e-01   4.8259494e-02   6.8177154e-02
   4.9394181e-01   3.0310310e-02   8.8700151e-02
   4.9700978e-01   6.3152578e-03   1.0797728e-01
   5.0007774e-01  -2.6184261e-02   1.1357977e-01
   5.0314570e-01  -5.8988139e-02   1.0839783e-01
   5.0621366e-01  -8.5512749e-02   8.5984384e-02
   5.0928162e-01             NaN             NaN
   5.1234958e-01             NaN             NaN
   5.1541754e-01             NaN             NaN
   5.1848551e-01             NaN             NaN
   5.2155347e-01             NaN             NaN
   5.2462143e-01             NaN             NaN
   5.2768939e-01             NaN             NaN
   5.3075735e-01             NaN             NaN
   5.3382531e-01             NaN             NaN
   5.3689328e-01             NaN             NaN
   5.3996124e-01             NaN             NaN
   5.4302920e-01             NaN             NaN
   5.4609716e-01             NaN             NaN
   5.4916512e-01   2.7239340e-02   2.4803120e-02
   5.5223308e-01   1.8151670e-02   3.3768976e-02
   5.5530105e-01   6.4501927e-03   3.7955408e-02
   5.5836901e-01  -5.6425121e-03   4.0855792e-02
   5.6143697e-01  -1.9709832e-02   3.9685810e-02
   5.6450493e-01  -3.2774643e-02   3.5885354e-02
   5.6757289e-01  -4.8809322e-02   2.7472552e-02
   5.7064085e-01  -6.1204704e-02   1.4996291e-02
   5.7370881e-01  -7.6207172e-02  -4.7099984e-03
   5.7677678e-01  -8.2016916e-02  -2.8708971e-02
   5.7984474e-01  -8.4789979e-02  -6.0877592e-02
   5.8291270e-01  -7.0421841e-02  -9.0381924e-02
   5.8598066e-01  -4.6905306e-02  -1.1637447e-01
   5.8904862e-01  -1.0645529e-02  -1.2200790e-01
   5.9211658e-01             NaN             NaN
   5.9518455e-01             NaN             NaN
   5.9825251e-01             NaN             NaN
   6.0132047e-01             NaN             NaN
   6.0438843e-01             NaN             NaN
   6.0745639e-01             NaN             NaN
   6.1052435e-01             NaN             NaN
   6.1359232e-01             NaN             NaN
   6.1666028e-01             NaN             NaN
   6.1972824e-01             NaN             NaN
   6.2279620e-01             NaN             NaN
   6.2586416e-01             NaN             NaN
   6.2893212e-01             NaN             NaN
   6.3200008e-01  -3.2204933e-02   3.5157213e-03
   6.3506805e-01  -3.2402484e-02  -8.1336685e-03
   6.3813601e-01  -2.9068234e-02  -2.0289802e-02
   6.4120397e-01  -2.1772282e-02  -3.0523037e-02
   6.4427193e-01  -1.1996940e-02  -4.0853479e-02
   6.4733989e-01   2.6990204e-03  -4.8651229e-02
   6.5040785e-01   1.9954201e-02  -5.3809875e-02
   6.5347582e-01   4.5735031e-02  -5.5466179e-02
   6.5654378e-01   7.1941940e-02  -4.7795948e-02
   6.5961174e-01   1.0491667e-01  -3.1365974e-02
   6.6267970e-01   1.2970387e-01   1.3719878e-03
   6.6574766e-01   1.4106254e-01   4.2797712e-02
   6.6881562e-01   1.2587371e-01   8.4572098e-02
   6.7188359e-01             NaN             NaN
   6.7495155e-01             NaN             NaN
   6.7801951e-01             NaN             NaN
   6.8108747e-01             NaN             NaN
   6.8415543e-01             NaN             NaN
   6.8722339e-01             NaN             NaN
   6.9029135e-01             NaN             NaN
   6.9335932e-01             NaN             NaN
   6.9642728e-01             NaN             NaN
   6.9949524e-01             NaN             NaN
   7.0256320e-01             NaN             NaN
   7.0563116e-01             NaN             NaN
   7.0869912e-01             NaN             NaN
   7.1176709e-01   2.0024610e-02  -2.2850633e-02
   7.1483505e-01   2.7066943e-02  -1.4473961e-02
   7.1790301e-01   3.2246379e-02  -4.8949698e-03
   7.2097097e-01   3.6019815e-02   6.9250693e-03
   7.2403893e-01   3.4895584e-02   2.0016004e-02
   7.2710689e-01   3.2038894e-02   3.4125727e-02
   7.3017486e-01   2.2813928e-02   5.2086690e-02
   7.3324282e-01   7.9281224e-03   6.7913769e-02
   7.3631078e-01  -1.6336286e-02   8.6952410e-02
   7.3937874e-01  -5.3222924e-02   9.7446074e-02
   7.4244670e-01  -9.9551040e-02   9.8034715e-02
   7.4551466e-01  -1.4647229e-01   7.3358687e-02
   7.4858262e-01  -1.6343445e-01   2.6505097e-02
   7.5165059e-01             NaN             NaN
   7.5471855e-01             NaN             NaN
   7.5778651e-01             NaN             NaN
   7.6085447e-01             NaN             NaN
   7.6392243e-01             NaN             NaN
   7.6699039e-01             NaN             NaN
   7.7005836e-01             NaN             NaN
   7.7312632e-01             NaN             NaN
   7.7619428e-01             NaN             NaN
   7.7926224e-01             NaN             NaN
   7.8233020e-01             NaN             NaN
   7.8539816e-01             NaN             NaN
   7.8846612e-01   9.7963446e-03   2.4917017e-02
   7.9153409e-01   1.9232192e-04   2.6038255e-02
   7.9460205e-01  -9.1525136e-03   2.4791634e-02
   7.9767001e-01  -1.8466902e-02   2.1698670e-02
   8.0073797e-01  -2.6881548e-02   1.4586855e-02
   8.0380593e-01  -3.3743008e-02   5.7066531e-03
   8.0687389e-01  -4.0613617e-02  -7.4980108e-03
   8.0994186e-01  -4.2788202e-02  -2.3967315e-02
   8.1300982e-01  -4.3396806e-02  -4.5508443e-02
   8.1607778e-01  -3.4226101e-02  -7.5717167e-02
   8.1914574e-01  -1.4510276e-02  -1.0912496e-01
   8.2221370e-01   2.5464768e-02  -1.4785726e-01
   8.2528166e-01   7.8848830e-02  -1.5845249e-01
   8.2834963e-01   1.2786955e-01  -1.3708237e-01
   8.3141759e-01             NaN             NaN
   8.3448555e-01             NaN             NaN
   8.3755351e-01             NaN             NaN
   8.4062147e-01             NaN             NaN
   8.4368943e-01             NaN             NaN
   8.4675739e-01             NaN             NaN
   8.4982536e-01             NaN             NaN
   8.5289332e-01             NaN             NaN
   8.5596128e-01             NaN             NaN
   8.5902924e-01             NaN             NaN
   8.6209720e-01             NaN             NaN
   8.6516516e-01             NaN             NaN
   8.6823313e-01             NaN             NaN
   8.7130109e-01  -1.5029591e-02  -1.7053167e-02
   8.7436905e-01  -8.5131376e-03  -2.2764128e-02
   8.7743701e-01  -1.8058071e-04  -2.5553203e-02
   8.8050497e-01   8.7974050e-03  -2.7197419e-02
   8.8357293e-01   2.0448372e-02  -2.6318681e-02
   8.8664090e-01   3.1827365e-02  -2.1861915e-02
   8.8970886e-01   4.6337854e-02  -1.4353424e-02
   8.9277682e-01   6.1720846e-02   1.1846057e-03
   8.9584478e-01   7.8870290e-02   2.4424653e-02
   8.9891274e-01   9.5442673e-02   6.7172430e-02
   9.0198070e-01   9.8034226e-02   1.2463376e-01
   9.0504866e-01   7.5835171e-02   1.9417709e-01
   9.0811663e-01   1.4590501e-02   2.0880051e-01
   9.1118459e-01             NaN             NaN
   9.1425255e-01             NaN             NaN
   9.1732051e-01             NaN             NaN
   9.2038847e-01             NaN             NaN
   9.2345643e-01             NaN             NaN
   9.2652440e-01             NaN             NaN
   9.2959236e-01             NaN             NaN
   9.3266032e-01             NaN             NaN
   9.3572828e-01             NaN             NaN
   9.3879624e-01             NaN             NaN
   9.4186420e-01             NaN             NaN
   9.4493217e-01             NaN             NaN
   9.4800013e-01             NaN             NaN
   9.5106809e-01   2.0886721e-02  -5.2730435e-04
   9.5413605e-01   2.0378681e-02   6.8324228e-03
   9.5720401e-01   1.8341520e-02   1.4656569e-02
   9.6027197e-01   1.3034207e-02   2.1432994e-02
   9.6333993e-01   6.4489767e-03   2.7980789e-02
   9.6640790e-01  -4.5682327e-03   3.4696382e-02
   9.6947586e-01  -1.8568099e-02   3.8467403e-02
   9.7254382e-01  -4.0024069e-02   4.1953273e-02
   9.7561178e-01  -7.1758506e-02   3.7268460e-02
   9.7867974e-01  -1.1969806e-01   2.2458445e-02
   9.8174770e-01  -1.8953031e-01  -2.3787139e-02
   9.8481567e-01  -2.4388816e-01  -1.0795172e-01
   9.8788363e-01             NaN             NaN
   9.9095159e-01             NaN             NaN
   9.9401955e-01             NaN             NaN
   9.9708751e-01             NaN             NaN
   1.0001555e+00             NaN             NaN
   1.0032234e+00             NaN             NaN
   1.0062914e+00             NaN             NaN
   1.0093594e+00             NaN             NaN
   1.0124273e+00             NaN             NaN
   1.0154953e+00             NaN             NaN
   1.0185632e+00             NaN             NaN
   1.0216312e+00             NaN             NaN
   1.0246992e+00             NaN             NaN
   1.0277671e+00  -6.8243328e-03   1.6425752e-02
   1.0308351e+00  -1.2860915e-02   1.3404937e-02
   1.0339031e+00  -1.7666847e-02   8.0868465e-03
   1.0369710e+00  -2.0930608e-02   1.6479209e-03
   1.0400390e+00  -2.3531725e-02  -6.1340627e-03
   1.0431069e+00  -2.3326485e-02  -1.6023044e-02
   1.0461749e+00  -2.1410663e-02  -2.7067323e-02
   1.0492429e+00  -1.5494938e-02  -4.3250306e-02
   1.0523108e+00  -3.0202936e-03  -6.0911465e-02
   1.0553788e+00   2.0861267e-02  -8.9346413e-02
   1.0584467e+00   7.5057257e-02  -1.2627911e-01
   1.0615147e+00   1.8822174e-01  -1.7668197e-01
   1.0645827e+00   3.8200019e-01  -1.8952630e-01
   1.0676506e+00             NaN             NaN
   1.0707186e+00             NaN             NaN
   1.0737866e+00             NaN             NaN
   1.0768545e+00             NaN             NaN
   1.0799225e+00             NaN             NaN
   1.0829904e+00             NaN             NaN
   1.0860584e+00             NaN             NaN
   1.0891264e+00             NaN             NaN
   1.0921943e+00             NaN             NaN
   1.0952623e+00             NaN             NaN
   1.0983302e+00             NaN             NaN
   1.1013982e+00             NaN             NaN
   1.1044662e+00             NaN             NaN
   1.1075341e+00  -7.5640796e-03  -1.5927094e-02
   1.1106021e+00  -1.6604782e-03  -1.7637603e-02
   1.1136701e+00   4.5657840e-03  -1.8227979e-02
   1.1167380e+00   1.1552362e-02  -1.6835893e-02
   1.1198060e+00   1.7998672e-02  -1.3284161e-02
   1.1228739e+00   2.5243479e-02  -8.0497836e-03
   1.1259419e+00   3.2334376e-02   1.2212217e-03
   1.1290099e+00   3.9268679e-02   1.4164281e-02
   1.1320778e+00   4.7442897e-02   3.8383902e-02
   1.1351458e+00   5.0840745e-02   7.8060783e-02
   1.1382137e+00   4.8777575e-02   1.6940184e-01
   1.1412817e+00  -1.5340969e-02   4.1505988e-01
   1.1443497e+00  -3.9092615e-01   1.1300209e+00
   1.1474176e+00             NaN             NaN
   1.1504856e+00             NaN             NaN
   1.1535536e+00             NaN             NaN
   1.1566215e+00             NaN             NaN
   1.1596895e+00             NaN             NaN
   1.1627574e+00             NaN             NaN
   1.1658254e+00             NaN             NaN
   1.1688934e+00             NaN             NaN
   1.1719613e+00             NaN             NaN
   1.1750293e+00             NaN             NaN
   1.1780972e+00             NaN             NaN
   1.1811652e+00             NaN             NaN
   1.1842332e+00             NaN             NaN
   1.1873011e+00   1.4530039e-02   4.0935294e-03
   1.1903691e+00   1.2488756e-02   9.5982999e-03
   1.1934371e+00   8.4501642e-03   1.3956037e-02
   1.1965050e+00   3.5410533e-03   1.7792205e-02
   1.1995730e+00  -3.5424205e-03   2.1115284e-02
   1.2026409e+00  -1.2026181e-02   2.2148161e-02
   1.2057089e+00  -2.3615671e-02   2.2536691e-02
   1.2087769e+00  -4.0422594e-02   1.8817527e-02
   1.2118448e+00  -6.5421053e-02   9.8879360e-03
   1.2149128e+00  -1.1621208e-01  -1.7606113e-02
   1.2179807e+00  -2.3612357e-01  -1.0907984e-01
   1.2210487e+00  -1.2183822e+00  -1.0411629e+00
   1.2241167e+00   7.5647143e-01   1.1610961e+00
   1.2271846e+00             NaN             NaN
   1.2302526e+00             NaN             NaN
   1.2333206e+00             NaN             NaN
   1.2363885e+00             NaN             NaN
   1.2394565e+00             NaN             NaN
   1.2425244e+00             NaN             NaN
   1.2455924e+00             NaN             NaN
   1.2486604e+00             NaN             NaN
   1.2517283e+00             NaN             NaN
   1.2547963e+00             NaN             NaN
   1.2578642e+00             NaN             NaN
   1.2609322e+00             NaN             NaN
   1.2640002e+00             NaN             NaN
   1.2670681e+00  -1.2562272e-02   7.7513550e-03
   1.2701361e+00  -1.5106430e-02   3.1424662e-03
   1.2732041e+00  -1.6773933e-02  -2.3875058e-03
   1.2762720e+00  -1.6175481e-02  -8.3866664e-03
   1.2793400e+00  -1.4838596e-02  -1.4887925e-02
   1.2824079e+00  -1.0917744e-02  -2.3229993e-02
   1.2854759e+00  -4.1764956e-03  -3.1574534e-02
   1.2885439e+00   7.8911731e-03  -4.4018489e-02
   1.2916118e+00   3.2632502e-02  -6.0049609e-02
   1.2946798e+00   9.2519270e-02  -9.1998893e-02
   1.2977477e+00   3.9718343e-01  -2.0015754e-01
   1.3008157e+00  -8.3725972e-01   1.4403121e-01
   1.3038837e+00  -4.1785293e-01  -5.5640897e-02
   1.3069516e+00             NaN             NaN
   1.3100196e+00             NaN             NaN
   1.3130876e+00             NaN             NaN
   1.3161555e+00             NaN             NaN
   1.3192235e+00             NaN             NaN
   1.3222914e+00             NaN             NaN
   1.3253594e+00             NaN             NaN
   1.3284274e+00             NaN             NaN
   1.3314953e+00             NaN             NaN
   1.3345633e+00             NaN             NaN
   1.3376312e+00             NaN             NaN
   1.3406992e+00             NaN             NaN
   1.3437672e+00             NaN             NaN
   1.3468351e+00   6.6694625e-04  -1.3431434e-02
   1.3499031e+00   5.4772776e-03  -1.2376152e-02
   1.3529711e+00   1.0193538e-02  -1.0430642e-02
   1.3560390e+00   1.5041065e-02  -6.7678004e-03
   1.3591070e+00   1.8797088e-02  -1.3989323e-03
   1.3621749e+00   2.2971353e-02   6.0089201e-03
   1.3652429e+00   2.5997647e-02   1.7881257e-02
   1.3683109e+00   2.8252266e-02   3.5934289e-02
   1.3713788e+00   2.7694521e-02   7.5510558e-02
   1.3744468e+00   1.0706375e-02   1.8491755e-01
   1.3775147e+00   6.9416247e+00  -3.1337642e+01
   1.3805827e+00   1.4958505e-01  -2.6934362e-01
   1.3836507e+00   1.6997734e-01  -1.7170932e-01
   1.3867186e+00             NaN             NaN
   1.3897866e+00             NaN             NaN
   1.3928546e+00             NaN             NaN
   1.3959225e+00             NaN             NaN
   1.3989905e+00             NaN             NaN
   1.4020584e+00             NaN             NaN
   1.4051264e+00             NaN             NaN
   1.4081944e+00             NaN             NaN
   1.4112623e+00             NaN             NaN
   1.4143303e+00             NaN             NaN
   1.4173982e+00             NaN             NaN
   1.4204662e+00             NaN             NaN
   1.4235342e+00   1.1195564e-02   5.0004994e-03
   1.4266021e+00   9.0594367e-03   9.0575197e-03
   1.4296701e+00   5.6110344e-03   1.2437934e-02
   1.4327381e+00   1.1637992e-03   1.4696040e-02
   1.4358060e+00  -4.0617069e-03   1.6559660e-02
   1.4388740e+00  -1.1136967e-02   1.6967183e-02
   1.4419419e+00  -1.9372676e-02   1.5909118e-02
   1.4450099e+00  -3.2198074e-02   1.2794821e-02
   1.4480779e+00  -5.0812661e-02   3.7349310e-03
   1.4511458e+00  -9.2774955e-02  -1.8932560e-02
   1.4542138e+00  -2.7926031e-01  -1.5662639e-01
   1.4572817e+00   2.8922954e-01   2.9542114e-01
   1.4603497e+00   8.3191219e-02   1.5978193e-01
   1.4634177e+00             NaN             NaN
   1.4664856e+00             NaN             NaN
   1.4695536e+00             NaN             NaN
   1.4726216e+00             NaN             NaN
   1.4756895e+00             NaN             NaN
   1.4787575e+00             NaN             NaN
   1.4818254e+00             NaN             NaN
   1.4848934e+00             NaN             NaN
   1.4879614e+00             NaN             NaN
   1.4910293e+00             NaN             NaN
   1.4940973e+00             NaN             NaN
   1.4971652e+00             NaN             NaN
   1.5002332e+00             NaN             NaN
   1.5033012e+00  -1.0184294e-02   6.5383971e-03
   1.5063691e+00  -1.1839333e-02   2.6262854e-03
   1.5094371e+00  -1.2784560e-02  -1.6898724e-03
   1.5125051e+00  -1.2080808e-02  -6.5543342e-03
   1.5155730e+00  -1.0233944e-02  -1.1410893e-02
   1.5186410e+00  -6.9837867e-03  -1.7332367e-02
   1.5217089e+00  -7.9075755e-04  -2.3300399e-02
   1.5247769e+00   8.7848217e-03  -3.1310612e-02
   1.5278449e+00   3.0745420e-02  -4.3318481e-02
   1.5309128e+00   8.8526077e-02  -6.7200913e-02
   1.5339808e+00   1.1780522e+00  -4.2942730e-01
   1.5370487e+00  -2.0874208e-01   1.1256040e-02
   1.5401167e+00  -1.3046754e-01  -3.0200261e-02
   1.5431847e+00             NaN             NaN
   1.5462526e+00             NaN             NaN
   1.5493206e+00             NaN             NaN
   1.5523886e+00             NaN             NaN
   1.5554565e+00             NaN             NaN
   1.5585245e+00             NaN             NaN
   1.5615924e+00             NaN             NaN
   1.5646604e+00             NaN             NaN
   1.5677284e+00             NaN             NaN
   1.5707963e+00             NaN             NaN
   1.5738643e+00             NaN             NaN
   1.5769322e+00             NaN             NaN
   1.5800002e+00             NaN             NaN
   1.5830682e+00   1.0136421e-03  -1.0750430e-02
   1.5861361e+00   4.9669478e-03  -9.7141744e-03
   1.5892041e+00   8.7571447e-03  -7.9067140e-03
   1.5922721e+00   1.2677347e-02  -4.9783757e-03
   1.5953400e+00   1.5524815e-02  -4.6293596e-04
   1.5984080e+00   1.8600252e-02   5.2578880e-03
   1.6014759e+00   2.1190510e-02   1.4853720e-02
   1.6045439e+00   2.2790101e-02   2.9012310e-02
   1.6076119e+00   2.3857921e-02   6.0763424e-02
   1.6106798e+00   1.4231733e-02   1.7122408e-01
   1.6137478e+00   9.1784418e-02  -4.9457180e-01
   1.6168158e+00   6.1684321e-02  -1.2062084e-01
   1.6198837e+00   6.7407231e-02  -7.2982050e-02
   1.6229517e+00             NaN             NaN
   1.6260196e+00             NaN             NaN
   1.6290876e+00             NaN             NaN
   1.6321556e+00             NaN             NaN
   1.6352235e+00             NaN             NaN
   1.6382915e+00             NaN             NaN
   1.6413594e+00             NaN             NaN
   1.6444274e+00             NaN             NaN
   1.6474954e+00             NaN             NaN
   1.6505633e+00             NaN             NaN
   1.6536313e+00             NaN             NaN
   1.6566993e+00             NaN             NaN
   1.6597672e+00             NaN             NaN
   1.6628352e+00   8.5003372e-03   7.1573164e-03
   1.6659031e+00   5.6806203e-03   9.9156701e-03
   1.6689711e+00   2.1547440e-03   1.1830504e-02
   1.6720391e+00  -1.9588683e-03   1.3385268e-02
   1.6751070e+00  -7.3930356e-03   1.3703966e-02
   1.6781750e+00  -1.3628360e-02   1.2915441e-02
   1.6812429e+00  -2.3157108e-02   1.0635739e-02
   1.6843109e+00  -3.6881083e-02   3.8903635e-03
   1.6873789e+00  -6.8957713e-02  -1.3003079e-02
   1.6904468e+00  -2.5860480e-01  -1.4649676e-01
   1.6935148e+00   1.3320361e-01   1.4068851e-01
   1.6965828e+00   4.2172195e-02   8.5601729e-02
   1.6996507e+00   1.2890535e-02   7.6547078e-02
   1.7027187e+00             NaN             NaN
   1.7057866e+00             NaN             NaN
   1.7088546e+00             NaN             NaN
   1.7119226e+00             NaN             NaN
   1.7149905e+00             NaN             NaN
   1.7180585e+00             NaN             NaN
   1.7211264e+00             NaN             NaN
   1.7241944e+00             NaN             NaN
   1.7272624e+00             NaN             NaN
   1.7303303e+00             NaN             NaN
   1.7333983e+00             NaN             NaN
   1.7364663e+00             NaN             NaN
   1.7395342e+00             NaN             NaN
   1.7426022e+00  -9.1885831e-03   2.9086074e-03
   1.7456701e+00  -1.0222673e-02  -7.8053708e-04
   1.7487381e+00  -9.6670414e-03  -4.7052798e-03
   1.7518061e+00  -8.4331403e-03  -8.8181730e-03
   1.7548740e+00  -5.8770729e-03  -1.3911939e-02
   1.7579420e+00  -1.1408067e-03  -1.8706852e-02
   1.7610099e+00   6.3737807e-03  -2.5725524e-02
   1.7640779e+00   2.3219280e-02  -3.6104844e-02
   1.7671459e+00   7.0042672e-02  -6.0797888e-02
   1.7702138e+00   4.5054417e+00  -2.0347856e+00
   1.7732818e+00  -1.2933251e-01   1.9477564e-02
   1.7763498e+00  -8.1914707e-02  -9.5379890e-03
   1.7794177e+00  -6.5844067e-02  -2.7046350e-02
   1.7824857e+00             NaN             NaN
   1.7855536e+00             NaN             NaN
   1.7886216e+00             NaN             NaN
   1.7916896e+00             NaN             NaN
   1.7947575e+00             NaN             NaN
   1.7978255e+00             NaN             NaN
   1.8008934e+00             NaN             NaN
   1.8039614e+00             NaN             NaN
   1.8070294e+00             NaN             NaN
   1.8100973e+00             NaN             NaN
   1.8131653e+00             NaN             NaN
   1.8162333e+00             NaN             NaN
   1.8193012e+00             NaN             NaN
   1.8223692e+00   3.5272586e-03  -9.0717476e-03
   1.8254371e+00   6.9172427e-03  -7.9526736e-03
   1.8285051e+00   1.0194291e-02  -5.6177362e-03
   1.8315731e+00   1.2931421e-02  -2.2788688e-03
   1.8346410e+00   1.5932109e-02   2.1841405e-03
   1.8377090e+00   1.8341518e-02   9.2262916e-03
   1.8407769e+00   2.0905703e-02   1.9838573e-02
   1.8438449e+00   2.3957268e-02   4.4108997e-02
   1.8469129e+00   2.6862747e-02   1.3081684e-01
   1.8499808e+00   2.2939548e-02  -2.8198345e-01
   1.8530488e+00   3.1387109e-02  -7.7829747e-02
   1.8561168e+00   3.7364804e-02  -4.7016345e-02
   1.8591847e+00             NaN             NaN
   1.8622527e+00             NaN             NaN
   1.8653206e+00             NaN             NaN
   1.8683886e+00             NaN             NaN
   1.8714566e+00             NaN             NaN
   1.8745245e+00             NaN             NaN
   1.8775925e+00             NaN             NaN
   1.8806604e+00             NaN             NaN
   1.8837284e+00             NaN             NaN
   1.8867964e+00             NaN             NaN
   1.8898643e+00             NaN             NaN
   1.8929323e+00             NaN             NaN
   1.8960003e+00             NaN             NaN
   1.8990682e+00   8.1371851e-03   4.6309544e-03
   1.9021362e+00   5.8690991e-03   7.0672443e-03
   1.9052041e+00   3.1322536e-03   9.0543510e-03
   1.9082721e+00  -3.5520071e-04   1.0719393e-02
   1.9113401e+00  -4.5757273e-03   1.0979692e-02
   1.9144080e+00  -9.6628139e-03   1.0837723e-02
   1.9174760e+00  -1.7388546e-02   9.0627565e-03
   1.9205439e+00  -2.8117019e-02   4.4015349e-03
   1.9236119e+00  -5.3716509e-02  -8.3164055e-03
   1.9266799e+00  -1.9367834e-01  -9.8410150e-02
   1.9297478e+00   1.1293744e-01   1.0523195e-01
   1.9328158e+00   3.5986489e-02   6.1581757e-02
   1.9358838e+00   1.4269344e-02   5.3934513e-02
   1.9389517e+00             NaN             NaN
   1.9420197e+00             NaN             NaN
   1.9450876e+00             NaN             NaN
   1.9481556e+00             NaN             NaN
   1.9512236e+00             NaN             NaN
   1.9542915e+00             NaN             NaN
   1.9573595e+00             NaN             NaN
   1.9604274e+00             NaN             NaN
   1.9634954e+00             NaN             NaN
   1.9665634e+00             NaN             NaN
   1.9696313e+00             NaN             NaN
   1.9726993e+00             NaN             NaN
   1.9757673e+00             NaN             NaN
   1.9788352e+00  -7.7470578e-03   3.3552993e-03
   1.9819032e+00  -8.6714317e-03   2.2513910e-04
   1.9849711e+00  -8.8370656e-03  -3.1136837e-03
   1.9880391e+00  -8.4584479e-03  -6.8440357e-03
   1.9911071e+00  -6.6036005e-03  -1.1035772e-02
   1.9941750e+00  -3.6308744e-03  -1.5684345e-02
   1.9972430e+00   1.9630272e-03  -2.2633377e-02
   2.0003109e+00   1.3229189e-02  -3.2229163e-02
   2.0033789e+00   4.6027230e-02  -5.9556524e-02
   2.0064469e+00   1.2145919e+01  -8.5356945e+00
   2.0095148e+00  -8.8370934e-02   3.1556314e-02
   2.0125828e+00  -5.5772223e-02   3.4833289e-03
   2.0156508e+00  -4.4498338e-02  -9.4425884e-03
   2.0187187e+00             NaN             NaN
   2.0217867e+00             NaN             NaN
   2.0248546e+00             NaN             NaN
   2.0279226e+00             NaN             NaN
   2.0309906e+00             NaN             NaN
   2.0340585e+00             NaN             NaN
   2.0371265e+00             NaN             NaN
   2.0401944e+00             NaN             NaN
   2.0432624e+00             NaN             NaN
   2.0463304e+00             NaN             NaN
   2.0493983e+00             NaN             NaN
   2.0524663e+00             NaN             NaN
   2.0555343e+00             NaN             NaN
   2.0586022e+00   1.1099957e-03  -8.6660129e-03
   2.0616702e+00   4.1773555e-03  -8.0445392e-03
   2.0647381e+00   6.9606304e-03  -6.4682987e-03
   2.0678061e+00   9.7426200e-03  -4.3712232e-03
   2.0708741e+00   1.2537018e-02  -8.2430116e-04
   2.0739420e+00   1.4825238e-02   3.9775989e-03
   2.0770100e+00   1.7995731e-02   1.1884146e-02
   2.0800779e+00   2.0894695e-02   2.7463093e-02
   2.0831459e+00   2.8941174e-02   7.9065221e-02
   2.0862139e+00  -9.8690986e-03  -3.4624082e-01
   2.0892818e+00   1.8393670e-02  -6.7120519e-02
   2.0923498e+00   2.5319424e-02  -4.0232888e-02
   2.0954178e+00   3.0894429e-02  -2.7270201e-02
   2.0984857e+00             NaN             NaN
   2.1015537e+00             NaN             NaN
   2.1046216e+00             NaN             NaN
   2.1076896e+00             NaN             NaN
   2.1107576e+00             NaN             NaN
   2.1138255e+00             NaN             NaN
   2.1168935e+00             NaN             NaN
   2.1199614e+00             NaN             NaN
   2.1230294e+00             NaN             NaN
   2.1260974e+00             NaN             NaN
   2.1291653e+00             NaN             NaN
   2.1322333e+00             NaN             NaN
   2.1353013e+00             NaN             NaN
   2.1383692e+00   5.9642588e-03   4.7632051e-03
   2.1414372e+00   3.9755185e-03   7.1342558e-03
   2.1445051e+00   1.1113928e-03   8.6259321e-03
   2.1475731e+00  -1.9642679e-03   9.5548941e-03
   2.1506411e+00  -7.0710551e-03   1.0581592e-02
   2.1537090e+00  -1.3000401e-02   9.8425792e-03
   2.1567770e+00  -2.3153404e-02   8.4035151e-03
   2.1598449e+00  -4.5411027e-02   1.1744721e-03
   2.1629129e+00  -1.6563643e-01  -3.8454334e-02
   2.1659809e+00   1.1106486e-01   6.6025628e-02
   2.1690488e+00   3.8476947e-02   3.9878542e-02
   2.1721168e+00   2.0579805e-02   3.7355910e-02
   2.1751848e+00   9.0947789e-03   3.7086137e-02
   2.1782527e+00             NaN             NaN
   2.1813207e+00             NaN             NaN
   2.1843886e+00             NaN             NaN
   2.1874566e+00             NaN             NaN
   2.1905246e+00             NaN             NaN
   2.1935925e+00             NaN             NaN
   2.1966605e+00             NaN             NaN
   2.1997284e+00             NaN             NaN
   2.2027964e+00             NaN             NaN
   2.2058644e+00             NaN             NaN
   2.2089323e+00             NaN             NaN
   2.2120003e+00             NaN             NaN
   2.2150683e+00             NaN             NaN
   2.2181362e+00  -7.6126647e-03   2.1125033e-03
   2.2212042e+00  -8.6258988e-03  -6.6301611e-04
   2.2242721e+00  -8.5998733e-03  -3.8663476e-03
   2.2273401e+00  -7.8912731e-03  -7.0774851e-03
   2.2304081e+00  -6.4687102e-03  -1.1830653e-02
   2.2334760e+00  -3.1279856e-03  -1.7056322e-02
   2.2365440e+00   2.8879382e-03  -2.5589112e-02
   2.2396120e+00   2.0655111e-02  -4.5231154e-02
   2.2426799e+00   1.9341055e-01  -2.2507420e-01
   2.2457479e+00  -7.8103155e-02   4.8212456e-02
   2.2488158e+00  -4.3440512e-02   1.1679356e-02
   2.2518838e+00  -3.5903849e-02  -9.1980303e-04
   2.2549518e+00             NaN             NaN
   2.2580197e+00             NaN             NaN
   2.2610877e+00             NaN             NaN
   2.2641556e+00             NaN             NaN
   2.2672236e+00             NaN             NaN
   2.2702916e+00             NaN             NaN
   2.2733595e+00             NaN             NaN
   2.2764275e+00             NaN             NaN
   2.2794955e+00             NaN             NaN
   2.2825634e+00             NaN             NaN
   2.2856314e+00             NaN             NaN
   2.2886993e+00             NaN             NaN
   2.2917673e+00             NaN             NaN
   2.2948353e+00  -1.2021536e-03  -7.4380777e-03
   2.2979032e+00   1.5125164e-03  -7.3522074e-03
   2.3009712e+00   4.2817583e-03  -6.7480954e-03
   2.3040391e+00   7.1292474e-03  -5.1488238e-03
   2.3071071e+00   9.6744144e-03  -2.6186572e-03
   2.3101751e+00   1.2761976e-02   1.1031944e-03
   2.3132430e+00   1.5999667e-02   7.5606178e-03
   2.3163110e+00   2.0643090e-02   1.8325011e-02
   2.3193790e+00   3.4575230e-02   6.4974647e-02
   2.3224469e+00  -4.9932752e-02  -2.6025205e-01
   2.3255149e+00   5.2410600e-03  -5.8162997e-02
   2.3285828e+00   1.3550240e-02  -3.4895833e-02
   2.3316508e+00   1.9394932e-02  -2.6390121e-02
   2.3347188e+00             NaN             NaN
   2.3377867e+00             NaN             NaN
   2.3408547e+00             NaN             NaN
   2.3439226e+00             NaN             NaN
   2.3469906e+00             NaN             NaN
   2.3500586e+00             NaN             NaN
   2.3531265e+00             NaN             NaN
   2.3561945e+00             NaN             NaN
   2.3592625e+00             NaN             NaN
   2.3623304e+00             NaN             NaN
   2.3653984e+00             NaN             NaN
   2.3684663e+00             NaN             NaN
   2.3715343e+00             NaN             NaN
   2.3746023e+00   6.0243749e-03   3.1577137e-03
   2.3776702e+00   4.5869314e-03   5.3534960e-03
   2.3807382e+00   2.7309864e-03   7.1828145e-03
   2.3838061e+00  -8.5900044e-05   9.1534648e-03
   2.3868741e+00  -3.6639898e-03   1.0160126e-02
   2.3899421e+00  -8.5663848e-03   1.1144845e-02
   2.3930100e+00  -1.6644642e-02   1.1308182e-02
   2.3960780e+00  -3.0885365e-02   1.0659171e-02
   2.3991460e+00  -9.9265473e-02   1.8956968e-03
   2.4022139e+00   1.4567225e-01   3.8958544e-02
   2.4052819e+00   4.3190512e-02   2.5253217e-02
   2.4083498e+00   2.3070753e-02   2.4191223e-02
   2.4114178e+00   1.3674001e-02   2.5605120e-02
   2.4144858e+00             NaN             NaN
   2.4175537e+00             NaN             NaN
   2.4206217e+00             NaN             NaN
   2.4236896e+00             NaN             NaN
   2.4267576e+00             NaN             NaN
   2.4298256e+00             NaN             NaN
   2.4328935e+00             NaN             NaN
   2.4359615e+00             NaN             NaN
   2.4390295e+00             NaN             NaN
   2.4420974e+00             NaN             NaN
   2.4451654e+00             NaN             NaN
   2.4482333e+00             NaN             NaN
   2.4513013e+00             NaN             NaN
   2.4543693e+00  -6.2074013e-03   4.0533789e-03
   2.4574372e+00  -7.2930295e-03   1.7097657e-03
   2.4605052e+00  -7.9735978e-03  -9.0000604e-04
   2.4635731e+00  -8.2789713e-03  -4.0991577e-03
   2.4666411e+00  -7.3809636e-03  -7.6457343e-03
   2.4697091e+00  -5.8606556e-03  -1.2292736e-02
   2.4727770e+00  -1.9409914e-03  -1.9904727e-02
   2.4758450e+00   7.5832637e-03  -3.4313985e-02
   2.4789130e+00   8.0745554e-02  -1.3551525e-01
   2.4819809e+00  -6.2575696e-02   5.4919678e-02
   2.4850489e+00  -3.5017864e-02   1.6492550e-02
   2.4881168e+00  -2.8839811e-02   3.8279064e-03
   2.4911848e+00  -2.6773420e-02  -3.9710809e-03
   2.4942528e+00             NaN             NaN
   2.4973207e+00             NaN             NaN
   2.5003887e+00             NaN             NaN
   2.5034566e+00             NaN             NaN
   2.5065246e+00             NaN             NaN
   2.5095926e+00             NaN             NaN
   2.5126605e+00             NaN             NaN
   2.5157285e+00             NaN             NaN
   2.5187965e+00             NaN             NaN
   2.5218644e+00             NaN             NaN
   2.5249324e+00             NaN             NaN
   2.5280003e+00             NaN             NaN
   2.5310683e+00  -2.4581312e-03  -5.7934760e-03
   2.5341363e+00  -6.2822646e-05  -6.4688970e-03
   2.5372042e+00   2.5359750e-03  -6.2040865e-03
   2.5402722e+00   5.1103268e-03  -5.2796033e-03
   2.5433401e+00   7.9533092e-03  -3.7443419e-03
   2.5464081e+00   1.0923875e-02  -8.5873793e-04
   2.5494761e+00   1.3896311e-02   3.0335205e-03
   2.5525440e+00   2.0247641e-02   1.2766533e-02
   2.5556120e+00   3.2321904e-02   3.7874692e-02
   2.5586800e+00   2.6996853e+01   5.8187100e+01
   2.5617479e+00  -9.2969682e-03  -6.0482528e-02
   2.5648159e+00   3.6735523e-03  -3.4904735e-02
   2.5678838e+00   1.0162088e-02  -2.6207636e-02
   2.5709518e+00             NaN             NaN
   2.5740198e+00             NaN             NaN
   2.5770877e+00             NaN             NaN
   2.5801557e+00             NaN             NaN
   2.5832236e+00             NaN             NaN
   2.5862916e+00             NaN             NaN
   2.5893596e+00             NaN             NaN
   2.5924275e+00             NaN             NaN
   2.5954955e+00             NaN             NaN
   2.5985635e+00             NaN             NaN
   2.6016314e+00             NaN             NaN
   2.6046994e+00             NaN             NaN
   2.6077673e+00             NaN             NaN
   2.6108353e+00             NaN             NaN
   2.6139033e+00   5.6522332e-03   3.8967440e-03
   2.6169712e+00   4.2637428e-03   6.0582086e-03
   2.6200392e+00   2.1997390e-03   7.8321643e-03
   2.6231071e+00  -4.5763929e-04   9.5993501e-03
   2.6261751e+00  -4.5004332e-03   1.1156685e-02
   2.6292431e+00  -9.7034254e-03   1.2142714e-02
   2.6323110e+00  -2.2161554e-02   1.4147134e-02
   2.6353790e+00  -6.2097750e-02   1.6270750e-02
   2.6384470e+00   1.7513243e-01   5.2225965e-03
   2.6415149e+00   4.0017652e-02   1.4202447e-02
   2.6445829e+00   2.1706370e-02   1.5852429e-02
   2.6476508e+00   1.3648122e-02   1.8219136e-02
   2.6507188e+00   7.5221179e-03   2.0414517e-02
   2.6537868e+00             NaN             NaN
   2.6568547e+00             NaN             NaN
   2.6599227e+00             NaN             NaN
   2.6629906e+00             NaN             NaN
   2.6660586e+00             NaN             NaN
   2.6691266e+00             NaN             NaN
   2.6721945e+00             NaN             NaN
   2.6752625e+00             NaN             NaN
   2.6783305e+00             NaN             NaN
   2.6813984e+00             NaN             NaN
   2.6844664e+00             NaN             NaN
   2.6875343e+00             NaN             NaN
   2.6906023e+00  -4.0598306e-03   4.6779411e-03
   2.6936703e+00  -5.5250773e-03   2.9415730e-03
   2.6967382e+00  -6.6902501e-03   7.5346152e-04
   2.6998062e+00  -6.9558868e-03  -1.8589550e-03
   2.7028741e+00  -6.7810854e-03  -4.4945069e-03
   2.7059421e+00  -6.0488860e-03  -9.1514832e-03
   2.7090101e+00  -3.5434093e-03  -1.4560402e-02
   2.7120780e+00   2.0004809e-03  -2.5650032e-02
   2.7151460e+00   2.7634933e-02  -6.5334393e-02
   2.7182140e+00  -8.2077717e-02   1.0519101e-01
   2.7212819e+00  -3.5239190e-02   2.3917332e-02
   2.7243499e+00  -2.7027899e-02   9.2121406e-03
   2.7274178e+00  -2.5200335e-02   1.5922553e-03
   2.7304858e+00             NaN             NaN
   2.7335538e+00             NaN             NaN
   2.7366217e+00             NaN             NaN
   2.7396897e+00             NaN             NaN
   2.7427576e+00             NaN             NaN
   2.7458256e+00             NaN             NaN
   2.7488936e+00             NaN             NaN
   2.7519615e+00             NaN             NaN
   2.7550295e+00             NaN             NaN
   2.7580975e+00             NaN             NaN
   2.7611654e+00             NaN             NaN
   2.7642334e+00             NaN             NaN
   2.7673013e+00             NaN             NaN
   2.7703693e+00  -1.0105672e-03  -5.8779827e-03
   2.7734373e+00   1.3008779e-03  -6.1805378e-03
   2.7765052e+00   3.8472040e-03  -6.0393103e-03
   2.7795732e+00   6.5666691e-03  -4.9585867e-03
   2.7826411e+00   8.9524998e-03  -3.2398935e-03
   2.7857091e+00   1.3438117e-02  -6.2840273e-05
   2.7887771e+00   1.8647469e-02   5.8771495e-03
   2.7918450e+00   3.0803365e-02   2.0295292e-02
   2.7949130e+00   1.3596950e-01   1.6423490e-01
   2.7979810e+00  -2.7319252e-02  -6.0492908e-02
   2.8010489e+00  -4.8115888e-03  -3.2954459e-02
   2.8041169e+00   2.9202248e-03  -2.3688927e-02
   2.8071848e+00   8.5010749e-03  -2.0244512e-02
   2.8102528e+00             NaN             NaN
   2.8133208e+00             NaN             NaN
   2.8163887e+00             NaN             NaN
   2.8194567e+00             NaN             NaN
   2.8225246e+00             NaN             NaN
   2.8255926e+00             NaN             NaN
   2.8286606e+00             NaN             NaN
   2.8317285e+00             NaN             NaN
   2.8347965e+00             NaN             NaN
   2.8378645e+00             NaN             NaN
   2.8409324e+00             NaN             NaN
   2.8440004e+00             NaN             NaN
   2.8470683e+00             NaN             NaN
   2.8501363e+00   6.0019122e-03   1.8780697e-03
   2.8532043e+00   5.1312315e-03   3.9157760e-03
   2.8562722e+00   3.8309142e-03   5.9146433e-03
   2.8593402e+00   1.6843515e-03   7.7393314e-03
   2.8624082e+00  -1.2135826e-03   9.2165416e-03
   2.8654761e+00  -5.5644881e-03   1.1009830e-02
   2.8685441e+00  -1.3328713e-02   1.2539884e-02
   2.8716120e+00  -3.1337829e-02   1.6127130e-02
   2.8746800e+00  -7.2878496e-01   7.8499621e-02
   2.8777480e+00   4.7731435e-02   9.6574325e-03
   2.8808159e+00   2.4698804e-02   1.3327457e-02
   2.8838839e+00   1.5164569e-02   1.5179158e-02
   2.8869518e+00   1.0061950e-02   1.8103031e-02
   2.8900198e+00             NaN             NaN
   2.8930878e+00             NaN             NaN
   2.8961557e+00             NaN             NaN
   2.8992237e+00             NaN             NaN
   2.9022917e+00             NaN             NaN
   2.9053596e+00             NaN             NaN
   2.9084276e+00             NaN             NaN
   2.9114955e+00             NaN             NaN
   2.9145635e+00             NaN             NaN
   2.9176315e+00             NaN             NaN
   2.9206994e+00             NaN             NaN
   2.9237674e+00             NaN             NaN
   2.9268353e+00  -2.7224505e-03   4.8679394e-03
   2.9299033e+00  -4.4945035e-03   3.4842329e-03
   2.9329713e+00  -5.6836681e-03   1.5467214e-03
   2.9360392e+00  -6.3730445e-03  -5.6786491e-04
   2.9391072e+00  -7.1434142e-03  -3.7377755e-03
   2.9421752e+00  -6.6839397e-03  -7.3469877e-03
   2.9452431e+00  -5.7310858e-03  -1.2676057e-02
   2.9483111e+00  -2.3433386e-03  -2.2707081e-02
   2.9513790e+00   9.0476227e-03  -5.1393368e-02
   2.9544470e+00  -1.1939303e-01   2.3872097e-01
   2.9575150e+00  -2.9873038e-02   3.3203818e-02
   2.9605829e+00  -2.3707568e-02   1.5639798e-02
   2.9636509e+00  -2.1502755e-02   7.1613439e-03
   2.9667188e+00             NaN             NaN
   2.9697868e+00             NaN             NaN
   2.9728548e+00             NaN             NaN
   2.9759227e+00             NaN             NaN
   2.9789907e+00             NaN             NaN
   2.9820587e+00             NaN             NaN
   2.9851266e+00             NaN             NaN
   2.9881946e+00             NaN             NaN
   2.9912625e+00             NaN             NaN
   2.9943305e+00             NaN             NaN
   2.9973985e+00             NaN             NaN
   3.0004664e+00             NaN             NaN
   3.0035344e+00             NaN             NaN
   3.0066023e+00  -2.2522278e-03  -5.4006191e-03
   3.0096703e+00  -2.3713916e-04  -6.2471391e-03
   3.0127383e+00   2.0677989e-03  -6.2992018e-03
   3.0158062e+00   4.4867012e-03  -5.8337566e-03
   3.0188742e+00   7.3219123e-03  -4.8846866e-03
   3.0219422e+00   1.0595338e-02  -2.7515342e-03
   3.0250101e+00   1.4542052e-02   4.1044454e-04
   3.0280781e+00   2.4317787e-02   9.5699388e-03
   3.0311460e+00   6.1457870e-02   5.0043323e-02
   3.0342140e+00  -4.6916784e-02  -6.9380821e-02
   3.0372820e+00  -8.6060946e-03  -2.9273425e-02
   3.0403499e+00  -3.0436334e-05  -2.0821072e-02
   3.0434179e+00   5.3122458e-03  -1.7085805e-02
   3.0464858e+00             NaN             NaN
   3.0495538e+00             NaN             NaN
   3.0526218e+00             NaN             NaN
   3.0556897e+00             NaN             NaN
   3.0587577e+00             NaN             NaN
   3.0618257e+00             NaN             NaN
   3.0648936e+00             NaN             NaN
   3.0679616e+00             NaN             NaN
   3.0710295e+00             NaN             NaN
   3.0740975e+00             NaN             NaN
   3.0771655e+00             NaN             NaN
   3.0802334e+00             NaN             NaN
   3.0833014e+00             NaN             NaN
   3.0863693e+00   5.5815908e-03   4.1831045e-04
   3.0894373e+00   5.1425062e-03   2.5039338e-03
   3.0925053e+00   4.0554094e-03   4.5364488e-03
   3.0955732e+00   2.2632755e-03   6.2423638e-03
   3.0986412e+00  -1.0649609e-04   7.9784498e-03
   3.1017092e+00  -4.0375869e-03   9.7540853e-03
   3.1047771e+00  -1.0249717e-02   1.1258187e-02
   3.1078451e+00  -2.5412082e-02   1.4344298e-02
   3.1109130e+00  -1.3883070e-01   2.7457212e-02
   3.1139810e+00   6.0655249e-02   4.3840460e-03
   3.1170490e+00   2.7742662e-02   1.0846396e-02
   3.1201169e+00   1.7667651e-02   1.3047241e-02
   3.1231849e+00   1.2445995e-02   1.5659250e-02
   3.1262528e+00             NaN             NaN
   3.1293208e+00             NaN             NaN
   3.1323888e+00             NaN             NaN
   3.1354567e+00             NaN             NaN
   3.1385247e+00             NaN             NaN
   3.1415927e+00             NaN             NaN
