
   6.8450794066923815e-01   5.5016839290576838e-02
   6.8516520138606307e-01   4.8431393532421381e-02
   6.8584159401521416e-01   4.1858924980402577e-02
   6.8653633958239979e-01   3.5299472183613713e-02
   6.8724871325695247e-01   2.8757019150357284e-02
   6.8798099781812272e-01   2.2227504774144230e-02
   6.8873692570649625e-01   1.5698899931880457e-02
   6.8951906492683002e-01   9.1713766887084620e-03
   6.9032724986360794e-01   2.6447625997156649e-03
   6.9116111252700618e-01  -3.8934882232751250e-03
   6.9202230033176715e-01  -1.0443209462650104e-02
   6.9291173625887059e-01  -1.7004629806584754e-02
   6.9382796566784899e-01  -2.3590887651939729e-02
   6.9477237463756780e-01  -3.0201960618637867e-02
   6.9574611452014545e-01  -3.6838154565669218e-02
   6.9674737858499414e-01  -4.3513100248495223e-02
   6.9777523234813599e-01  -5.0227478621355785e-02
   6.9883304924670475e-01  -5.6981293122847623e-02
   6.9992548443178193e-01  -6.3787158234967459e-02
   7.0105654102397807e-01  -7.0644973063328523e-02
   7.0222578462444296e-01  -7.7556055248882330e-02
   7.0343121410506604e-01  -8.4535147076633052e-02
   7.0467320768576547e-01  -9.1583179221220987e-02
   7.0595491246453068e-01  -9.8701257399453374e-02
   7.0727848063035703e-01  -1.0590438645958385e-01
   7.0864598455235206e-01  -1.1319397787127486e-01
   7.1005966271146415e-01  -1.2057172229434204e-01
   7.1152191646445007e-01  -1.2805304336227027e-01
   7.1303592830953455e-01  -1.3563928290262889e-01
   7.1460379204891933e-01  -1.4333355211753387e-01
   7.1622627599532540e-01  -1.5115392870228947e-01
   7.1790568468152971e-01  -1.5910336051103965e-01
   7.1964573575486479e-01  -1.6718525148762722e-01
   7.2144931719988648e-01  -1.7541836346190465e-01
   7.2331991125895490e-01  -1.8380598218084376e-01
   7.2526139316108407e-01  -1.9235354860339718e-01
   7.2727724037081110e-01  -2.0108305737738905e-01
   7.2937268725465865e-01  -2.0999866993823574e-01
   7.3155155993405074e-01  -2.1910821582423046e-01
   7.3381522350587658e-01  -2.2843919183750999e-01
   7.3616744810094237e-01  -2.3799954615914048e-01
   7.3861497382258168e-01  -2.4779807138014542e-01
   7.4116362072647479e-01  -2.5786353091759756e-01
   7.4382140972863775e-01  -2.6820247350826515e-01
   7.4659367037634605e-01  -2.7883107239050747e-01
   7.4948218567216740e-01  -2.8979252773378389e-01
   7.5249298544271137e-01  -3.0110034806199953e-01
   7.5563564342140999e-01  -3.1277379196819066e-01
   7.5891725847106550e-01  -3.2486468472551316e-01
   7.6234454859745826e-01  -3.3739647754924301e-01
   7.6593052181346954e-01  -3.5039296839665385e-01
   7.6969171199255348e-01  -3.6390650265389857e-01
   7.7362996160301190e-01  -3.7799389371978309e-01
   7.7777109786295862e-01  -3.9266385991157798e-01
   7.8216763177056503e-01  -4.0789660399313027e-01
   7.8679234133066056e-01  -4.2395370745745820e-01
   7.9172427786514710e-01  -4.4064234509558775e-01
   7.9717536234780562e-01  -4.5726110961838123e-01
   8.0319847636471153e-01  -4.7498809572759992e-01
   8.0993216151746217e-01  -4.9264609320643665e-01
   8.1771682880312135e-01  -5.0600073738790208e-01
   8.2727328687059509e-01  -5.1580269432875836e-01
   8.3850942941944606e-01  -5.2374855349686134e-01
   8.5054629502272461e-01  -5.2702283534186201e-01
   8.6358178815307107e-01  -5.2482326526031253e-01
   8.7761544410853110e-01  -5.1970662365773834e-01
   8.9147074770026280e-01  -5.1389601349725089e-01
   9.0482480153268297e-01  -5.0759370837549567e-01
   9.1800736392662574e-01  -5.0016417328835894e-01
   9.3082090326787592e-01  -4.9257379829781422e-01
   9.4322332673218390e-01  -4.8506791726350396e-01
   9.5528661203599718e-01  -4.7738989326982084e-01
   9.6698433337614431e-01  -4.6975316021586450e-01
   9.7832019479184185e-01  -4.6221429693562582e-01
   9.8932230345361472e-01  -4.5471605763097439e-01
   1.0000008382552541e+00  -4.4730113925282683e-01
   1.0103680528747629e+00  -4.3999421932150351e-01
   1.0204390284082832e+00  -4.3276788314199693e-01
   1.0302281848768144e+00  -4.2558668934223293e-01
   1.0397490769514559e+00  -4.1843487764843773e-01
   1.0490108451757543e+00  -4.1132737154030680e-01
   1.0580212883793825e+00  -4.0427475527596851e-01
   1.0667904354090214e+00  -3.9728573453883359e-01
   1.0753279115839107e+00  -3.9035034588158324e-01
   1.0836409104425602e+00  -3.8345116986625288e-01
   1.0917408041926646e+00  -3.7658941871824192e-01
   1.0996332508370712e+00  -3.6976331784228800e-01
   1.1073168726070202e+00  -3.6295096756943246e-01
   1.1147978362870030e+00  -3.5614308886127632e-01
   1.1220859190172061e+00  -3.4934887799650899e-01
   1.1291851585624115e+00  -3.4257414828180605e-01
   1.1361051650387417e+00  -3.3582475549426155e-01
   1.1428504560967083e+00  -3.2909467695119043e-01
   1.1494174308026779e+00  -3.2237190826959872e-01
   1.1558112420033697e+00  -3.1565148646325747e-01
   1.1620403415409506e+00  -3.0893835075247134e-01
   1.1681060769749605e+00  -3.0223535006404634e-01
   1.1740165500381115e+00  -2.9554490213593215e-01
   1.1797760247892968e+00  -2.8886454342398971e-01
   1.1853800922773277e+00  -2.8218980093189250e-01
   1.1908341298623606e+00  -2.7551924321267968e-01
   1.1961448537995816e+00  -2.6885428756953050e-01
   1.2013098634803476e+00  -2.6219473413132866e-01
   1.2063356451291498e+00  -2.5554070719210048e-01
   1.2112272342705863e+00  -2.4889206933781260e-01
   1.2159800542461734e+00  -2.4224822813525945e-01
   1.2205981442060976e+00  -2.3560846580184325e-01
   1.2250887965383062e+00  -2.2897348975007617e-01
   1.2294523144409557e+00  -2.2234484533941795e-01
   1.2336951928536557e+00  -2.1572278111674406e-01
   1.2378212946185330e+00  -2.0910703043316325e-01
   1.2418269747875188e+00  -2.0249836585448605e-01
   1.2457180837965747e+00  -1.9589824879257708e-01
   1.2494988754690610e+00  -1.8930519510151392e-01
   1.2531633099380108e+00  -1.8271555901042535e-01
   1.2567158168749943e+00  -1.7612793215712264e-01
   1.2601622407719670e+00  -1.6954371759422238e-01
   1.2634986639925379e+00  -1.6296348667306054e-01
   1.2667301517208942e+00  -1.5638792010186545e-01
   1.2698616939666243e+00  -1.4981632994809824e-01
   1.2728892603314381e+00  -1.4324723460194483e-01
   1.2758188339335055e+00  -1.3668056892271671e-01
   1.2786543012062808e+00  -1.3011639521158164e-01
   1.2813884867244032e+00  -1.2355342302150975e-01
   1.2840256083058805e+00  -1.1699140636533843e-01
   1.2865717576808127e+00  -1.1043059057066744e-01
   1.2890225702919782e+00  -1.0387042216260997e-01
   1.2913836389764437e+00  -9.7311267687530789e-02
   1.2936595161138493e+00  -9.0752760407457209e-02
   1.2958442764608320e+00  -8.4193246920997042e-02
   1.2979460882903120e+00  -7.7633556435161205e-02
   1.2999671156298898e+00  -7.1072859279754444e-02
   1.3018924268682213e+00  -6.4507013737576294e-02
   1.3037247793242153e+00  -5.7934544655712988e-02
   1.3054741422982508e+00  -5.1356915055044083e-02
   1.3071364021511933e+00  -4.4774390479057784e-02
   1.3087230267366414e+00  -3.8188348687090368e-02
   1.3102346637649447e+00  -3.1597400979139351e-02
   1.3116509693820944e+00  -2.4997663209684828e-02
   1.3129758518697079e+00  -1.8387900623399702e-02
   1.3142219482546191e+00  -1.1769312743277449e-02
   1.3153820078006428e+00  -5.1416668412785386e-03
   1.3164705753510306e+00   1.4940512170123653e-03
   1.3174892832688279e+00   8.1388645629417080e-03
   1.3184115120975390e+00   1.4796019419945837e-02
   1.3192500329447330e+00   2.1466098948162798e-02
   1.3200162612358421e+00   2.8148588934530205e-02
   1.3206815439911661e+00   3.4845089542684525e-02
   1.3212682166755982e+00   4.1555609995757949e-02
   1.3217876076846720e+00   4.8280229466281854e-02
   1.3221945534346473e+00   5.5020653041989942e-02
   1.3225393844688473e+00   6.1776888479363370e-02
   1.3228281321497295e+00   6.8549039834391312e-02
   1.3229491841222547e+00   7.5338956644070379e-02
   1.3229484146006560e+00   8.2146708409016125e-02
   1.3229461235627931e+00   8.8972365981019860e-02
   1.3229423372990634e+00   9.5817780923840370e-02
   1.3228145991602316e+00   1.0268312121142205e-01
   1.3225152884636873e+00   1.0956839116985850e-01
   1.3221566854497668e+00   1.1647519689113268e-01
   1.3217303706977439e+00   1.2340380030456377e-01
   1.3211837806117104e+00   1.3035414249635813e-01
   1.3205629791692295e+00   1.3732734829382923e-01
   1.3198529577972660e+00   1.4432340756148812e-01
   1.3190293793850625e+00   1.5134255717539205e-01
   1.3181243151036004e+00   1.5838629248017425e-01
   1.3171254313767968e+00   1.6545402983273563e-01
   1.3160162200015360e+00   1.7254661256806073e-01
   1.3148224902082493e+00   1.7966767649790980e-01
   1.3135387747469451e+00   1.8681952788892880e-01
   1.3121485348971866e+00   1.9400020560426476e-01
   1.3106609726837377e+00   2.0120694435042846e-01
   1.3090598918187157e+00   2.0843721367481091e-01
   1.3073385952769958e+00   2.1569382937209416e-01
   1.3055205339774754e+00   2.2298204551972500e-01
   1.3036024274921747e+00   2.3030458166187076e-01
   1.3015696453428895e+00   2.3765913370012090e-01
   1.2994286133731829e+00   2.4504342024805587e-01
   1.2971681472730157e+00   2.5245696539405732e-01
   1.2947806149307710e+00   2.5990060793855380e-01
   1.2922777704876454e+00   2.6737403856319458e-01
   1.2896509969015126e+00   2.7487738119226418e-01
   1.2868908664261283e+00   2.8241087168529877e-01
   1.2840079171465109e+00   2.8997436862682496e-01
   1.2809940132676489e+00   2.9756872680930818e-01
   1.2778396986239600e+00   3.0519345215134341e-01
   1.2745535307446059e+00   3.1284637992665065e-01
   1.2711278643376664e+00   3.2052869876620060e-01
   1.2675526867947489e+00   3.2823953476153717e-01
   1.2638330046703075e+00   3.3597362937724085e-01
   1.2599574058537752e+00   3.4373017581055887e-01
   1.2559186401519153e+00   3.5151019233791869e-01
   1.2517279569951760e+00   3.5931115804267194e-01
   1.2473788804387935e+00   3.6713578691731891e-01
   1.2428597004021753e+00   3.7498153490304087e-01
   1.2381738151120265e+00   3.8283799400620938e-01
   1.2333092239492978e+00   3.9070385780570399e-01
   1.2282583932941793e+00   3.9858047670102337e-01
   1.2230314218722382e+00   4.0646142792946510e-01
   1.2176199558490992e+00   4.1434938819500511e-01
   1.2120128901879275e+00   4.2224168795018507e-01
   1.2062161968106018e+00   4.3012388505514898e-01
   1.2002187211946593e+00   4.3799574909659378e-01
   1.1940113428307850e+00   4.4585754923318371e-01
   1.1876030846605805e+00   4.5369559268301418e-01
   1.1809826284826279e+00   4.6151054678313835e-01
   1.1741407847829910e+00   4.6930195871166780e-01
   1.1670897695344928e+00   4.7705445544828534e-01
   1.1598211399201062e+00   4.8477197705320274e-01
   1.1523232195169537e+00   4.9245116260874205e-01
   1.1446033738890822e+00   5.0006568762775450e-01
   1.1366484652367415e+00   5.0761318193560101e-01
   1.1284510029729569e+00   5.1509763052687052e-01
   1.1200268234809356e+00   5.2250224166825898e-01
   1.1113671281229325e+00   5.2983110158244562e-01
   1.1024610772291117e+00   5.3708264056772603e-01
   1.0933214456345408e+00   5.4423158300422181e-01
   1.0839377360023623e+00   5.5128901524138652e-01
   1.0743013050119357e+00   5.5824811997380397e-01
   1.0644277085226557e+00   5.6505676609928890e-01
   1.0543068533851929e+00   5.7172254457930771e-01
   1.0439306404716067e+00   5.7824733974738252e-01
   1.0333176166733806e+00   5.8457046055940787e-01
   1.0224558856150996e+00   5.9071628299146806e-01
   1.0113405447400776e+00   5.9667835618412468e-01
   1.0000006316678955e+00   6.0234974883998627e-01
   9.8842371492024683e-01   6.0777454746654658e-01
   9.7660817631643826e-01   6.1294850642172893e-01
   9.6459927342247131e-01   6.1769219618378668e-01
   9.5237999283102759e-01   6.2213023006102330e-01
   9.3995760292018049e-01   6.2623442492728476e-01
   9.2741378393402107e-01   6.2959615660913659e-01
   9.1473007666427308e-01   6.3259820234792352e-01
   9.0192131835980849e-01   6.3518321944850953e-01
   8.8911913395043785e-01   6.3628240383273915e-01
   8.7630244570037452e-01   6.3622462186542239e-01
   8.6349232119660813e-01   6.3605827651882341e-01
   8.5088360335310975e-01   6.3579386862596987e-01
   8.3845792167213673e-01   6.3411894106794975e-01
   8.2622431950704267e-01   6.3051442713068928e-01
   8.1441876054844120e-01   6.2618091325447234e-01
   8.0302341500699881e-01   6.2091642132050162e-01
   7.9201316022797863e-01   6.1416761926994112e-01
   7.8161302060388960e-01   6.0660806263301514e-01
   7.7179413118472084e-01   5.9809706710237187e-01
   7.6249112215368198e-01   5.8840381874569425e-01
   7.5387426060311524e-01   5.7806667865576045e-01
   7.4589562428290979e-01   5.6705402871300770e-01
   7.3846568241486010e-01   5.5525197979078178e-01
   7.3169228929916996e-01   5.4307548647122816e-01
   7.2551347819083289e-01   5.3054562134483463e-01
   7.1983687789871109e-01   5.1760342464850473e-01
   7.1472473605381082e-01   5.0454380243400865e-01
   7.1011124743537257e-01   4.9140113706391375e-01
   7.0591522236688764e-01   4.7813778069945795e-01
   7.0217583179573795e-01   4.6494059409041572e-01
   6.9883354914913420e-01   4.5183330646499914e-01
   6.9581939740612209e-01   4.3879120100179686e-01
   6.9315837184183526e-01   4.2592846937614781e-01
   6.9080267296976161e-01   4.1325602150018148e-01
   6.8869428969367619e-01   4.0075567524172429e-01
   6.8684289987414116e-01   3.8849798420965531e-01
   6.8520496640648032e-01   3.7649201626781958e-01
   6.8374447402614014e-01   3.6471494704793295e-01
   6.8248238335386724e-01   3.5318949181067588e-01
   6.8138679022370696e-01   3.4191152300105176e-01
   6.8042216166544156e-01   3.3086953220929033e-01
   6.7960401509342228e-01   3.2007516341391029e-01
   6.7890445566427526e-01   3.0952512848661734e-01
   6.7829678861854814e-01   2.9920659308980374e-01
   6.7779833149647450e-01   2.8911688188802098e-01
   6.7738120895701748e-01   2.7925134813666697e-01
   6.7702656788072790e-01   2.6959990665738948e-01
   6.7676525914022090e-01   2.6015172446411805e-01
   6.7656142888502746e-01   2.5090169143482699e-01
   6.7639697730943216e-01   2.4184247354081614e-01
   6.7632938635317941e-01   2.3295990193600538e-01
   6.7633343802389512e-01   2.2424918249660097e-01
   6.7634485573216574e-01   2.1570507476232448e-01
   6.7636253352217568e-01   2.0731274038236838e-01
   6.7643883897379209e-01   1.9906842958733106e-01
   6.7659227284174550e-01   1.9096801841913774e-01
   6.7677092893251523e-01   1.8299610724397108e-01
   6.7697448116654246e-01   1.7514923225367196e-01
   6.7722267079420728e-01   1.6742488774719391e-01
   6.7749369261689718e-01   1.5980911125138694e-01
   6.7778641996160194e-01   1.5230025962699140e-01
   6.7810954666238543e-01   1.4489549531029164e-01
   6.7845599828124614e-01   1.3757906419145108e-01
   6.7882866357882854e-01   1.3034888235900602e-01
   6.7923036500130496e-01   1.2320393021583850e-01
   6.7965392863896645e-01   1.1613005012362886e-01
   6.8010040986926790e-01   1.0912603010952522e-01
   6.8057266546659112e-01   1.0219099378836881e-01
   6.8106622361661762e-01   9.5311286903380782e-02
   6.8158220277224968e-01   8.8486114946053143e-02
   6.8212258694553629e-01   8.1714964638149007e-02
   6.8268420266087926e-01   7.4984603568299071e-02
   6.8326776863298333e-01   6.8290134220997278e-02
   6.8387523095699987e-01   6.1635724044174264e-02
   6.8450525722800104e-01   5.5021738071618302e-02
  5.8917085411496739e-01   5.4185123486492563e-02
   5.8912821282783334e-01   4.5114140078142441e-02
   5.8910099997339260e-01   3.6145527615480663e-02
   5.8908711254863144e-01   2.7259794041227959e-02
   5.8908454175071434e-01   1.8427373506524212e-02
   5.8909138597528699e-01   9.6331650679160139e-03
   5.8910575306029000e-01   8.8396498714793912e-04
   5.8910600527359325e-01   7.5849921745377747e-04
   5.8912602748863108e-01  -7.9194482953464304e-03
   5.8915001591469673e-01  -1.6610406315955731e-02
   5.8917632939550879e-01  -2.5328705515749585e-02
   5.8920336414630747e-01  -3.4088317360685925e-02
   5.8922955110983588e-01  -4.2902838859983951e-02
   5.8925333536543911e-01  -5.1778088508842489e-02
   5.8927317379859667e-01  -6.0701611227377127e-02
   5.8928766137774968e-01  -6.9686590678214172e-02
   5.8929544696564595e-01  -7.8748225965824856e-02
   5.8929521693630094e-01  -8.7903401799993716e-02
   5.8928566576655239e-01  -9.7177725766643186e-02
   5.8926552054678938e-01  -1.0657407326489815e-01
   5.8923365192780242e-01  -1.1607614006216718e-01
   5.8918865922248720e-01  -1.2575117452798149e-01
   5.8913081467845219e-01  -1.3559318930911518e-01
   5.8906599212557353e-01  -1.4555620227221452e-01
   5.8900082032144185e-01  -1.5563998815470326e-01
   5.8894165987434988e-01  -1.6584408343602228e-01
   5.8889454449750067e-01  -1.7619030657701948e-01
   5.8886542326511415e-01  -1.8672755977872926e-01
   5.8886053899615054e-01  -1.9741807700273153e-01
   5.8888567522338464e-01  -2.0821832731651602e-01
   5.8894648875556010e-01  -2.1916089523656709e-01
   5.8904866316476245e-01  -2.3025210126104742e-01
   5.8919759097265689e-01  -2.4147827548550743e-01
   5.8939389869429171e-01  -2.5288447478326098e-01
   5.8961955571209379e-01  -2.6455423962026864e-01
   5.8985127828027040e-01  -2.7651781663219854e-01
   5.9006609773223062e-01  -2.8878667511064954e-01
   5.9024584765944776e-01  -3.0163025411781885e-01
   5.9036725070678586e-01  -3.1500365175458989e-01
   5.9040985337899565e-01  -3.2899604106901792e-01
   5.9035306692342504e-01  -3.4372635259764295e-01
   5.9017583052323341e-01  -3.5927837627367892e-01
   5.8985712995163353e-01  -3.7573015213588612e-01
   5.8937756173149336e-01  -3.9311169564753939e-01
   5.8872509241954130e-01  -4.1149572785005095e-01
   5.8797115634573149e-01  -4.3086758436853462e-01
   5.8724493491329099e-01  -4.5099202690133738e-01
   5.8667393738312290e-01  -4.7169316795131960e-01
   5.8638564048212705e-01  -4.9280890638482594e-01
   5.8650816157720531e-01  -5.1411329538301309e-01
   5.8717092146736760e-01  -5.3549974038777992e-01
   5.8850579747433207e-01  -5.5676916256894493e-01
   5.9053782113268105e-01  -5.7685917416216248e-01
   5.9360395888284900e-01  -5.9751456759730515e-01
   5.9780138120935256e-01  -6.1765531614207014e-01
   6.0282583977769189e-01  -6.3557589279152038e-01
   6.0909958400356767e-01  -6.5283663513954382e-01
   6.1698093836890244e-01  -6.7009275128788015e-01
   6.2624985020521362e-01  -6.8660461031463949e-01
   6.3631008616069229e-01  -7.0151317691092463e-01
   6.4723764350671764e-01  -7.1522295447744300e-01
   6.5938711650270765e-01  -7.2822311403849238e-01
   6.7245671143376740e-01  -7.4017906833036751e-01
   6.8603097323920981e-01  -7.5082125963927182e-01
   6.9996865474707637e-01  -7.6019444673476466e-01
   7.1483211446885098e-01  -7.6871517621208241e-01
   7.3033183390153233e-01  -7.7618581148053967e-01
   7.4610738250021080e-01  -7.8246750236258811e-01
   7.6198157875868233e-01  -7.8757786578746747e-01
   7.7813766074895308e-01  -7.9164889011460859e-01
   7.9439563050925899e-01  -7.9469392145199602e-01
   8.1103952588096673e-01  -7.9680539618442525e-01
   8.2800714149032562e-01  -7.9798726241249929e-01
   8.4536852763421078e-01  -7.9825073644389333e-01
   8.6221351014201608e-01  -7.9764759157543486e-01
   8.7936393898054155e-01  -7.9621159221153348e-01
   8.9674517947092747e-01  -7.9395016581191635e-01
   9.1401407747454477e-01  -7.9093239023236772e-01
   9.3089210023662561e-01  -7.8724663049952670e-01
   9.4759539702043560e-01  -7.8283869625198144e-01
   9.6429558549011107e-01  -7.7761534678124655e-01
   9.8077891674670670e-01  -7.7158761593448555e-01
   9.9683869351269594e-01  -7.6479772002966662e-01
   1.0125754135387521e+00  -7.5716888114919789e-01
   1.0279509830772275e+00  -7.4866834075309852e-01
   1.0427542164017358e+00  -7.3937529218551623e-01
   1.0568462771276477e+00  -7.2937006663191672e-01
   1.0705050332668677e+00  -7.1842202786530229e-01
   1.0837288262594653e+00  -7.0644509153466362e-01
   1.0964385169404678e+00  -6.9347577367100344e-01
   1.1085949292683652e+00  -6.7966195377172323e-01
   1.1201254534078671e+00  -6.6524036722441049e-01
   1.1310315827809738e+00  -6.5038708193336803e-01
   1.1413824141104696e+00  -6.3518401002040592e-01
   1.1512139486397224e+00  -6.1974598551261473e-01
   1.1610337276377978e+00  -6.0337310401506605e-01
   1.1704254280448425e+00  -5.8685880430387172e-01
   1.1787995255332557e+00  -5.7147785634185844e-01
   1.1858853684555715e+00  -5.5802914679191851e-01
   1.1925885623319623e+00  -5.4499156288799822e-01
   1.1994842505967629e+00  -5.3131808694857918e-01
   1.2065205169042525e+00  -5.1711824750773616e-01
   1.2136486374333180e+00  -5.0248189342586513e-01
   1.2207911802704166e+00  -4.8756794057620578e-01
   1.2278436139141755e+00  -4.7260661192363906e-01
   1.2347102362100000e+00  -4.5782557982029015e-01
   1.2413032812537774e+00  -4.4344911504285944e-01
   1.2477954848412314e+00  -4.2913513538884052e-01
   1.2539253259448522e+00  -4.1550077714970346e-01
   1.2594462604574868e+00  -4.0314876117564069e-01
   1.2643174755995648e+00  -3.9222166061348684e-01
   1.2688621365242108e+00  -3.8203200739129611e-01
   1.2732820923740282e+00  -3.7214094082196580e-01
   1.2774946492440353e+00  -3.6273286622512452e-01
   1.2815052935337354e+00  -3.5379343696644672e-01
   1.2853536272092581e+00  -3.4523194730924955e-01
   1.2891013889627727e+00  -3.3690861146177559e-01
   1.2927997005565848e+00  -3.2870745356542025e-01
   1.2964496954496492e+00  -3.2062314410311676e-01
   1.3000720515070547e+00  -3.1260664714834946e-01
   1.3036967803223969e+00  -3.0458815848541482e-01
   1.3073546090473787e+00  -2.9649631938087839e-01
   1.3110743396661730e+00  -2.8826422146933339e-01
   1.3148546461792288e+00  -2.7989311054158322e-01
   1.3186723551827788e+00  -2.7143371194429761e-01
   1.3225064167330043e+00  -2.6293212169900110e-01
   1.3263392717448452e+00  -2.5442673418094253e-01
   1.3301708076928720e+00  -2.4591721077998135e-01
   1.3340213228061315e+00  -2.3735770939164791e-01
   1.3378972202336183e+00  -2.2873299028666194e-01
   1.3417876796714310e+00  -2.2006591921896454e-01
   1.3456778465092307e+00  -2.1138819441161424e-01
   1.3495489597504258e+00  -2.0274007020601315e-01
   1.3533786533860404e+00  -1.9416966328931140e-01
   1.3571519316441785e+00  -1.8570752045152250e-01
   1.3608398733684302e+00  -1.7741456374559061e-01
   1.3644224026497875e+00  -1.6933252434706608e-01
   1.3679249905027773e+00  -1.6140082474183598e-01
   1.3713643265278928e+00  -1.5357845523565858e-01
   1.3747535486171480e+00  -1.4583233410314630e-01
   1.3781061918212609e+00  -1.3812838064936794e-01
   1.3814361976167697e+00  -1.3043145617886501e-01
   1.3847579486611623e+00  -1.2270524303409082e-01
   1.3880863012683895e+00  -1.1491212597979332e-01
   1.3914416160927932e+00  -1.0699126790469711e-01
   1.3948178611441442e+00  -9.8906836253588079e-02
   1.3981411264241230e+00  -9.0777119376461726e-02
   1.4013332395228604e+00  -8.2742670849749553e-02
   1.4044202361288178e+00  -7.4690010677940649e-02
   1.4074674714691178e+00  -6.6379520846301651e-02
   1.4104271997938058e+00  -5.7850080431605680e-02
   1.4132090899365188e+00  -4.9277777181570274e-02
   1.4157828082753730e+00  -4.0684577580120389e-02
   1.4181218116745804e+00  -3.2087800955735803e-02
   1.4202078691741964e+00  -2.3501236591477397e-02
   1.4220501655198754e+00  -1.4936109793721040e-02
   1.4236664412210984e+00  -6.4009311424950699e-03
   1.4250990299856954e+00   2.2575171328536162e-03
   1.4263758316412884e+00   1.1190882518844579e-02
   1.4274879752961354e+00   2.0327516325870900e-02
   1.4284298639555364e+00   2.9551703260132914e-02
   1.4292126488639383e+00   3.8845690480990694e-02
   1.4298488988531981e+00   4.8192113841052167e-02
   1.4303523404442795e+00   5.7574284552868817e-02
   1.4307333539796874e+00   6.6976518362688600e-02
   1.4309866509799798e+00   7.6384744024339118e-02
   1.4311036660256624e+00   8.5784185559244608e-02
   1.4310770621635034e+00   9.5123859189008439e-02
   1.4308955378435757e+00   1.0461920706960461e-01
   1.4305669914159009e+00   1.1372781827705854e-01
   1.4300668323886001e+00   1.2303523363003525e-01
   1.4293756436406087e+00   1.3254156300848682e-01
   1.4284770776153033e+00   1.4220245413473079e-01
   1.4273574117097108e+00   1.5197254731929852e-01
   1.4260330916429218e+00   1.6167932287876374e-01
   1.4245238483165046e+00   1.7128787292848033e-01
   1.4228217591915044e+00   1.8092967250513314e-01
   1.4209258944670569e+00   1.9065342760625748e-01
   1.4188443535733073e+00   2.0045368183149778e-01
   1.4165869141604437e+00   2.1032213578018499e-01
   1.4141652063325270e+00   2.2024751745043483e-01
   1.4115927836229176e+00   2.3021566544171504e-01
   1.4088962784311649e+00   2.4016933542408653e-01
   1.4061005576424557e+00   2.5005524793936940e-01
   1.4031637075832575e+00   2.6001129892167563e-01
   1.4000549557074897e+00   2.7011012029626635e-01
   1.3967900151392878e+00   2.8027009674299003e-01
   1.3933793546799806e+00   2.9043749104747713e-01
   1.3898132278875734e+00   3.0062383588933628e-01
   1.3860788457144846e+00   3.1084717979827647e-01
   1.3821630539627381e+00   3.2112371433910641e-01
   1.3780516480749438e+00   3.3146960595821623e-01
   1.3737440155735976e+00   3.4186669480060883e-01
   1.3692408851298083e+00   3.5229867286327110e-01
   1.3645406822859092e+00   3.6275700170300812e-01
   1.3596420715627051e+00   3.7323354364563643e-01
   1.3545441481781673e+00   3.8372014891765649e-01
   1.3492469270517631e+00   3.9420775386767520e-01
   1.3437581758108892e+00   4.0467380363435357e-01
   1.3380454436172435e+00   4.1517129102757061e-01
   1.3320866548853869e+00   4.2572743746031144e-01
   1.3258830638890355e+00   4.3632569946860250e-01
   1.3194397776329205e+00   4.4694379438960119e-01
   1.3127630417773244e+00   4.5756037416914014e-01
   1.3058620569660790e+00   4.6815274050715117e-01
   1.2987553607872817e+00   4.7868794837698386e-01
   1.2913833624980144e+00   4.8924786021528471e-01
   1.2837158350419287e+00   4.9986400023099048e-01
   1.2757562654980870e+00   5.1051951024021358e-01
   1.2675144546432080e+00   5.2119171761709404e-01
   1.2590035088097840e+00   5.3185338318290376e-01
   1.2502357615015103e+00   5.4246775687491366e-01
   1.2411621848136478e+00   5.5306765925682455e-01
   1.2317821066198222e+00   5.6362437758722073e-01
   1.2221120258266078e+00   5.7409104791165855e-01
   1.2121701382545123e+00   5.8442213271799237e-01
   1.2019753730382401e+00   5.9457475351022981e-01
   1.1915609974273611e+00   6.0449618318633702e-01
   1.1809087219965611e+00   6.1418543409341309e-01
   1.1699130053835698e+00   6.2372844193120847e-01
   1.1585440116520824e+00   6.3319928743067611e-01
   1.1468091746681941e+00   6.4265961533881000e-01
   1.1347262286936481e+00   6.5216741257795940e-01
   1.1223732927040648e+00   6.6173682129587408e-01
   1.1097182393560561e+00   6.7146759786276455e-01
   1.0966260656274180e+00   6.8153563202452250e-01
   1.0830342369877299e+00   6.9206167852576084e-01
   1.0689137601229919e+00   7.0314341808865510e-01
   1.0542756719647990e+00   7.1480758037792491e-01
   1.0392784951011893e+00   7.2675922566043494e-01
   1.0240962130717355e+00   7.3863738858726113e-01
   1.0087878934380849e+00   7.5019395535047206e-01
   9.9333263833873597e-01   7.6126038152415865e-01
   9.7746055335172877e-01   7.7183592464911288e-01
   9.6117301526378074e-01   7.8170327516654869e-01
   9.4510679247327445e-01   7.9032017901664176e-01
   9.2912149841063463e-01   7.9766807076893287e-01
   9.1231359166106496e-01   8.0395773738633380e-01
   8.9496059387512161e-01   8.0892322540165418e-01
   8.7763207534983034e-01   8.1244674829789887e-01
   8.6048481257526088e-01   8.1461286546601186e-01
   8.4363143303762056e-01   8.1552875896003130e-01
   8.2601027517143522e-01   8.1525307148494719e-01
   8.0879970740726015e-01   8.1380246543355106e-01
   7.9165737718892781e-01   8.1121717702513685e-01
   7.7500110920188636e-01   8.0761962382179109e-01
   7.5834616181952930e-01   8.0294268821123693e-01
   7.4169470545688021e-01   7.9714660508714941e-01
   7.2569797895275501e-01   7.9039759539364252e-01
   7.1038559813892876e-01   7.8267837420918007e-01
   6.9541657775224064e-01   7.7371680335134818e-01
   6.8105780761352741e-01   7.6351368579270651e-01
   6.6778005556989017e-01   7.5231520882041503e-01
   6.5539867558161891e-01   7.3988371827503641e-01
   6.4383582997140276e-01   7.2591995585669344e-01
   6.3351505350342630e-01   7.1070640020076448e-01
   6.2464584737437323e-01   6.9447478455672695e-01
   6.1679124441111943e-01   6.7639546740392098e-01
   6.1013369675118234e-01   6.5709010723843186e-01
   6.0481539646368676e-01   6.3772681221895933e-01
   6.0048277307008979e-01   6.1794767602195078e-01
   5.9674446217245192e-01   5.9620293529688584e-01
   5.9388734079685601e-01   5.7457102572067242e-01
   5.9173999939891475e-01   5.5306195034689365e-01
   5.9010931741289174e-01   5.3080047158129651e-01
   5.8899162138151950e-01   5.0933307000197492e-01
   5.8825836562279499e-01   4.8862109251511121e-01
   5.8785087822011350e-01   4.6880467919129110e-01
   5.8770863233290882e-01   4.4957614057636208e-01
   5.8777956066797454e-01   4.3106242820105922e-01
   5.8800529091333886e-01   4.1331640179045015e-01
   5.8832684563208260e-01   3.9631510069962911e-01
   5.8868922555102032e-01   3.7989985038608853e-01
   5.8903512125155733e-01   3.6404229970643903e-01
   5.8930682567264847e-01   3.4874713924563550e-01
   5.8948036790669101e-01   3.3406576851301484e-01
   5.8957030421087275e-01   3.1996267042290261e-01
   5.8959268948936583e-01   3.0631663590221958e-01
   5.8956231418768490e-01   2.9307388163455644e-01
   5.8949399168601291e-01   2.8020409702382637e-01
   5.8940295771204743e-01   2.6770727842293074e-01
   5.8930468483151610e-01   2.5559533984122645e-01
   5.8921363660345438e-01   2.4379190909124987e-01
   5.8914313485451475e-01   2.3224412063781283e-01
   5.8909623164733438e-01   2.2093492227954256e-01
   5.8906995156968156e-01   2.0984222900003374e-01
   5.8906133566928243e-01   1.9896045030979762e-01
   5.8906738704410744e-01   1.8830860123449381e-01
   5.8908513616625224e-01   1.7785256957361198e-01
   5.8911173804848860e-01   1.6756875205662444e-01
   5.8914432851822240e-01   1.5746383111056445e-01
   5.8918018163531760e-01   1.4751530991468473e-01
   5.8921663429486548e-01   1.3770563071642186e-01
   5.8925100226119898e-01   1.2804163946794977e-01
   5.8928078401712802e-01   1.1850207877644693e-01
   5.8930354267157437e-01   1.0906370767459114e-01
   5.8931684023528885e-01   9.9734878803085111e-02
   5.8931839564751731e-01   9.0502439096779144e-02
   5.8930597826531128e-01   8.1341150494730230e-02
   5.8927741445057669e-01   7.2245381986222629e-02
   5.8923071161183826e-01   6.3221429648201183e-02
   5.8078658583159937e-01   5.4118150190298531e-02
   5.8074307431411565e-01   4.4862044671573925e-02
   5.8071530609529853e-01   3.5710399301510883e-02
   5.8070113525370548e-01   2.6643324225742816e-02
   5.8069851199052491e-01   1.7630650210738990e-02
   5.8070549589315001e-01   8.6569681305265472e-03
   5.8072015618396944e-01  -2.7078705393067707e-04
   5.8072041354448289e-01  -3.9881334953696174e-04
   5.8074084437615414e-01  -9.2538618319861609e-03
   5.8076532236193545e-01  -1.8122186342811972e-02
   5.8079217285256002e-01  -2.7018410016070991e-02
   5.8081975933296670e-01  -3.5956789449679519e-02
   5.8084648072432232e-01  -4.4951199142840771e-02
   5.8087075037289704e-01  -5.4007576335553566e-02
   5.8089099367203745e-01  -6.3113211762629726e-02
   5.8090577691607104e-01  -7.2281558141034888e-02
   5.8091372139351616e-01  -8.1528124761045775e-02
   5.8091348666969478e-01  -9.0870140918360945e-02
   5.8090374057811467e-01  -1.0033373680269714e-01
   5.8088318423141772e-01  -1.0992184649479403e-01
   5.8085066523245144e-01  -1.1961783302261957e-01
   5.8080475430866041e-01  -1.2949031717140971e-01
   5.8074572926372670e-01  -1.3953318939705631e-01
   5.8067958380160556e-01  -1.4969952915532095e-01
   5.8061308196065498e-01  -1.5998910658643190e-01
   5.8055271415749987e-01  -1.7040144871022683e-01
   5.8050463724234769e-01  -1.8095881926226479e-01
   5.8047492169909598e-01  -1.9171111844768290e-01
   5.8046993775117395e-01  -2.0261980949258318e-01
   5.8049558696263737e-01  -2.1364047307807757e-01
   5.8055764158730627e-01  -2.2480635871078278e-01
   5.8066190118853311e-01  -2.3612391587861983e-01
   5.8081386833944582e-01  -2.4757919569949738e-01
   5.8101418234111402e-01  -2.5921817457475615e-01
   5.8124444460417735e-01  -2.7112609787782510e-01
   5.8148089620435750e-01  -2.8333382952265163e-01
   5.8170009972676595e-01  -2.9585307286800971e-01
   5.8188351801984461e-01  -3.0895876573246822e-01
   5.8200739868039375e-01  -3.2260508985162228e-01
   5.8205087079489348e-01  -3.3688303813165094e-01
   5.8199292543206649e-01  -3.5191396826290100e-01
   5.8181207196248308e-01  -3.6778338017722340e-01
   5.8148686729758525e-01  -3.8457090656723075e-01
   5.8099751197091165e-01  -4.0230717545667288e-01
   5.8033172695871560e-01  -4.2106639198984791e-01
   5.7956240443441986e-01  -4.4083359251891291e-01
   5.7882136215641944e-01  -4.6136873796054834e-01
   5.7823871161543150e-01  -4.8249235127685680e-01
   5.7794453110421129e-01  -5.0403902314778160e-01
   5.7806955262980131e-01  -5.2577819559491146e-01
   5.7874583823200776e-01  -5.4760109866099993e-01
   5.8010795660646119e-01  -5.6930459068259687e-01
   5.8218145013538880e-01  -5.8980460251241063e-01
   5.8531016212535614e-01  -6.1088153458908689e-01
   5.8959324613199238e-01  -6.3143331881843889e-01
   5.9472024467111406e-01  -6.4971962152195972e-01
   6.0112202449343644e-01  -6.6733262391790193e-01
   6.0916422282541061e-01  -6.8494090570191835e-01
   6.1862229612776898e-01  -7.0178974144350958e-01
   6.2888784302111456e-01  -7.1700256450094357e-01
   6.4003841174154863e-01  -7.3099213344637037e-01
   6.5243583316602827e-01  -7.4425760238621674e-01
   6.6577215452425242e-01  -7.5645755574527296e-01
   6.7962344208082626e-01  -7.6731693463191020e-01
   6.9384556606844527e-01  -7.7688141125996379e-01
   7.0901236170290927e-01  -7.8557603317559410e-01
   7.2482840194033926e-01  -7.9319913038830558e-01
   7.4092590051041929e-01  -7.9960901904345738e-01
   7.5712405995783905e-01  -8.0482367559945645e-01
   7.7360985790709502e-01  -8.0897778205572302e-01
   7.9019962296863167e-01  -8.1208495688979188e-01
   8.0718318967445601e-01  -8.1423952294329116e-01
   8.2449708315339354e-01  -8.1544550889030543e-01
   8.4221278330021521e-01  -8.1571435994274832e-01
   8.5940154096124088e-01  -8.1509890599534152e-01
   8.7690197855157292e-01  -8.1363360052197276e-01
   8.9463793823564020e-01  -8.1132602256318020e-01
   9.1225926272912727e-01  -8.0824665972690579e-01
   9.2948173493533226e-01  -8.0448568040768031e-01
   9.4652591532697505e-01  -7.9998778831834860e-01
   9.6356692396950117e-01  -7.9465783987882288e-01
   9.8038664974153755e-01  -7.8850709411682196e-01
   9.9677417705377136e-01  -7.8157862890782293e-01
   1.0128320546313798e+00  -7.7379409943795696e-01
   1.0285214113032934e+00  -7.6512007862561082e-01
   1.0436267514303428e+00  -7.5563737600562886e-01
   1.0580064052322935e+00  -7.4542796217542528e-01
   1.0719439114968039e+00  -7.3425649404622684e-01
   1.0854375778157808e+00  -7.2203513044353407e-01
   1.0984066499392529e+00  -7.0880113262347277e-01
   1.1108111523146582e+00  -6.9470539803237052e-01
   1.1225769932733336e+00  -6.7998949339225567e-01
   1.1337056967152794e+00  -6.6483307982996742e-01
   1.1442677695004793e+00  -6.4931974114327140e-01
   1.1542999475915534e+00  -6.3356665491083142e-01
   1.1643201302426507e+00  -6.1685963297455737e-01
   1.1739034980049414e+00  -6.0000830673864469e-01
   1.1824484954420975e+00  -5.8431346187944744e-01
   1.1896789474036444e+00  -5.7059028886930463e-01
   1.1965189411550636e+00  -5.5728663182448801e-01
   1.2035553577517988e+00  -5.4333410535569304e-01
   1.2107352213308700e+00  -5.2884447327320017e-01
   1.2180088137074674e+00  -5.1390941808761759e-01
   1.2252971227249150e+00  -4.9869109885327123e-01
   1.2324934835858932e+00  -4.8342443696289700e-01
   1.2395002410306122e+00  -4.6834175114315318e-01
   1.2462278380140586e+00  -4.5367188912536682e-01
   1.2528525355522770e+00  -4.3906578743759239e-01
   1.2591074754539309e+00  -4.2515317698949334e-01
   1.2647410820994762e+00  -4.1254907905677624e-01
   1.2697117097954742e+00  -4.0139897644233347e-01
   1.2743491189022558e+00  -3.9100137111356748e-01
   1.2788592779326817e+00  -3.8090844604282226e-01
   1.2831578053510566e+00  -3.7130836992359650e-01
   1.2872502995242197e+00  -3.6218650333310892e-01
   1.2911771706216919e+00  -3.5345028939719347e-01
   1.2950014173089517e+00  -3.4495708955283222e-01
   1.2987752046495762e+00  -3.3658856108716356e-01
   1.3024996892343361e+00  -3.2833926571746608e-01
   1.3061959709255659e+00  -3.2015916678403011e-01
   1.3098946737983643e+00  -3.1197703549532119e-01
   1.3136271520891618e+00  -3.0372005681722281e-01
   1.3174227955777276e+00  -2.9531995690748314e-01
   1.3212802512032946e+00  -2.8677800698120731e-01
   1.3251758726354883e+00  -2.7814596759622212e-01
   1.3290881803398003e+00  -2.6947087550918480e-01
   1.3329992568824951e+00  -2.6079190865402296e-01
   1.3369089874417062e+00  -2.5210872151018504e-01
   1.3408380844960526e+00  -2.4337453642004889e-01
   1.3447930818710390e+00  -2.3457380263945096e-01
   1.3487629384402355e+00  -2.2572985257037195e-01
   1.3527324964379905e+00  -2.1687503133838187e-01
   1.3566826119902302e+00  -2.0805041480205422e-01
   1.3605904626388168e+00  -1.9930510162174633e-01
   1.3644407465756923e+00  -1.9067026199134948e-01
   1.3682039524167657e+00  -1.8220806127101083e-01
   1.3718595945405996e+00  -1.7396108229292459e-01
   1.3754336637783440e+00  -1.6586751126717955e-01
   1.3789431903345843e+00  -1.5788550156699854e-01
   1.3824015802215797e+00  -1.4998129632974114e-01
   1.3858226447155721e+00  -1.4212011933608976e-01
   1.3892206098130304e+00  -1.3426611477435202e-01
   1.3926101516950635e+00  -1.2638222381029673e-01
   1.3960064298657036e+00  -1.1843006355080950e-01
   1.3994302205028504e+00  -1.1034755531091539e-01
   1.4028753685144326e+00  -1.0209813525876335e-01
   1.4062664555348194e+00  -9.3802505792307894e-02
   1.4095237137988370e+00  -8.5604088928315877e-02
   1.4126737103355285e+00  -7.7387088753000668e-02
   1.4157831341521612e+00  -6.8906997088062930e-02
   1.4188032650957203e+00  -6.0203486460822131e-02
   1.4216419285066519e+00  -5.1456238246500273e-02
   1.4242681717095640e+00  -4.2687667224612640e-02
   1.4266549098720207e+00  -3.3915446179322239e-02
   1.4287835399736697e+00  -2.5153645807630007e-02
   1.4306634342039546e+00  -1.6413720503796976e-02
   1.4323126951235698e+00  -7.7043545331582338e-03
   1.4337745203935668e+00   1.1307967682179733e-03
   1.4350773792258045e+00   1.0246475733514877e-02
   1.4362122196899341e+00   1.9569571454970302e-02
   1.4371733305668739e+00   2.8982007102176442e-02
   1.4379720906774880e+00   3.8465667531623157e-02
   1.4386213253604061e+00   4.8002834225563437e-02
   1.4391350412696728e+00   5.7576477809049814e-02
   1.4395238305915177e+00   6.7170593941518975e-02
   1.4397822969183467e+00   7.6770824208509295e-02
   1.4399017000261862e+00   8.6362091080861833e-02
   1.4398745532280646e+00   9.5892370294906562e-02
   1.4396893243301794e+00   1.0558150078531083e-01
   1.4393540728733683e+00   1.1487600201740666e-01
   1.4388437065189796e+00   1.2437336462248495e-01
   1.4381384118781722e+00   1.3407370072294575e-01
   1.4372215077707178e+00   1.4393175289258245e-01
   1.4360789915405212e+00   1.5390123573397807e-01
   1.4347276445335937e+00   1.6380610875384055e-01
   1.4331876003229638e+00   1.7361075166171461e-01
   1.4314507746852085e+00   1.8344932265829916e-01
   1.4295162188439354e+00   1.9337152174107905e-01
   1.4273921975237829e+00   2.0337178115458956e-01
   1.4250886879188203e+00   2.1344163212263775e-01
   1.4226175574821704e+00   2.2356957260248450e-01
   1.4199926363499160e+00   2.3374115218542355e-01
   1.4172411004399643e+00   2.4389795828988423e-01
   1.4143883241249546e+00   2.5398562412180553e-01
   1.4113915383502629e+00   2.6414485981803637e-01
   1.4082193425586631e+00   2.7444977958802691e-01
   1.4048877705502936e+00   2.8481710249284697e-01
   1.4014075047754904e+00   2.9519199464028278e-01
   1.3977685998852789e+00   3.0558622407075131e-01
   1.3939580058311065e+00   3.1601820765130251e-01
   1.3899622999619776e+00   3.2650446738684330e-01
   1.3857669878315755e+00   3.3706149965124110e-01
   1.3813714444628546e+00   3.4767077398021312e-01
   1.3767764133977634e+00   3.5831564955435824e-01
   1.3719802880468461e+00   3.6898741367653892e-01
   1.3669817056762295e+00   3.7967776259758823e-01
   1.3617797430389462e+00   3.9037838022209842e-01
   1.3563744153589419e+00   4.0108001792619918e-01
   1.3507736487866218e+00   4.1175966054525875e-01
   1.3449443302216770e+00   4.2247138237507204e-01
   1.3388639335565173e+00   4.3324296036766474e-01
   1.3325337386622811e+00   4.4405751343734956e-01
   1.3259589567682863e+00   4.5489230417306242e-01
   1.3191459609972700e+00   4.6572554884606132e-01
   1.3121041397613051e+00   4.7653408592566449e-01
   1.3048524089666140e+00   4.8728429803773865e-01
   1.2973299617326679e+00   4.9805971828090279e-01
   1.2895059541244169e+00   5.0889251421529647e-01
   1.2813839443858031e+00   5.1976548361246289e-01
   1.2729739333093959e+00   5.3065549113989197e-01
   1.2642892947038611e+00   5.4153474171724869e-01
   1.2553426137770511e+00   5.5236573528052413e-01
   1.2460838620547428e+00   5.6318196220084138e-01
   1.2365123536936962e+00   5.7395412376247013e-01
   1.2266449243128652e+00   5.8463439960373320e-01
   1.2165001410760330e+00   5.9517632287550248e-01
   1.2060973194267757e+00   6.0553614001043854e-01
   1.1954704055381236e+00   6.1566004784320105e-01
   1.1846007367311848e+00   6.2554703856470728e-01
   1.1733806177383366e+00   6.3528480166449852e-01
   1.1617796037266146e+00   6.4494892972517970e-01
   1.1498052802736674e+00   6.5460232554980613e-01
   1.1374757435649470e+00   6.6430415946730570e-01
   1.1248707068408825e+00   6.7406886224068785e-01
   1.1119573870980164e+00   6.8399822608445349e-01
   1.0985980261504267e+00   6.9427173033114531e-01
   1.0847288132527857e+00   7.0501259410791917e-01
   1.0703201633908079e+00   7.1632049162107636e-01
   1.0553833387395908e+00   7.2822269803869877e-01
   1.0400800970420299e+00   7.4041825444942344e-01
   1.0245879725221789e+00   7.5253882886455226e-01
   1.0089672382021275e+00   7.6433124392905316e-01
   9.9319656973340409e-01   7.7562351553485565e-01
   9.7700056464462115e-01   7.8641488607052323e-01
   9.6038062782018441e-01   7.9648361108831511e-01
   9.4398652293191265e-01   8.0527637011902220e-01
   9.2767499837819856e-01   8.1277421884584966e-01
   9.1052407312353556e-01   8.1919224600646312e-01
   8.9281693252563432e-01   8.2425907051189207e-01
   8.7513477076513302e-01   8.2785450203867228e-01
   8.5763756385230705e-01   8.3006482567960371e-01
   8.4044023779349042e-01   8.3099941087758311e-01
   8.2245946446064822e-01   8.3071809712749722e-01
   8.0489766061965318e-01   8.2923788687097055e-01
   7.8740548692747736e-01   8.2659983747462951e-01
   7.7040929510396572e-01   8.2292886481815430e-01
   7.5341445083625436e-01   8.1815648154207843e-01
   7.3642316883355119e-01   8.1224211100729538e-01
   7.2009997852321950e-01   8.0535536642208416e-01
   7.0447510014176395e-01   7.9747861011140808e-01
   6.8920058954310282e-01   7.8833415005239604e-01
   6.7454878327910961e-01   7.7792280560480276e-01
   6.6100005670396944e-01   7.6649578828613774e-01
   6.4836599549144780e-01   7.5381059385207771e-01
   6.3656717344020686e-01   7.3956185669050356e-01
   6.2603576888104728e-01   7.2403782030690267e-01
   6.1698555854527881e-01   7.0747494720074178e-01
   6.0897065756236668e-01   6.8902666439175619e-01
   6.0217724158283914e-01   6.6932731728411432e-01
   5.9675040455478245e-01   6.4956885297852984e-01
   5.9232936027560179e-01   6.2938606094076610e-01
   5.8851475731882852e-01   6.0719754999682229e-01
   5.8559932734373066e-01   5.8512417287823715e-01
   5.8340816265195383e-01   5.6317613678254452e-01
   5.8174420144172623e-01   5.4046034212377203e-01
   5.8060369528726474e-01   5.1855483030813765e-01
   5.7985547512530100e-01   4.9742015940317474e-01
   5.7943967165317711e-01   4.7719932948090926e-01
   5.7929452278868243e-01   4.5757837171057353e-01
   5.7936689864079027e-01   4.3868682847046858e-01
   5.7959723562585597e-01   4.2057863825556135e-01
   5.7992535268579848e-01   4.0323037183635624e-01
   5.8029512811328610e-01   3.8648011641437607e-01
   5.8064808290975234e-01   3.7029894225146842e-01
   5.8092533231902910e-01   3.5469163565881179e-01
   5.8110241623131731e-01   3.3971064511532123e-01
   5.8119418797027822e-01   3.2531972869683939e-01
   5.8121703009118963e-01   3.1139520367573431e-01
   5.8118603488539278e-01   2.9788218911689429e-01
   5.8111631804695185e-01   2.8474975584063916e-01
   5.8102342623678305e-01   2.7199790012543951e-01
   5.8092314778726128e-01   2.5963877912370048e-01
   5.8083024143209638e-01   2.4759446203188762e-01
   5.8075830087195379e-01   2.3581100442633962e-01
   5.8071044045646369e-01   2.2427100610157405e-01
   5.8068362405069540e-01   2.1295193132656504e-01
   5.8067483231559425e-01   2.0184807552020165e-01
   5.8068100718786464e-01   1.9097884176989163e-01
   5.8069911853699208e-01   1.8030942170776734e-01
   5.8072626331478427e-01   1.6981573036390249e-01
   5.8075951889614530e-01   1.5950458654139230e-01
   5.8079610370950774e-01   1.4935303430069868e-01
   5.8083330030088309e-01   1.3934315756777740e-01
   5.8086836965428468e-01   1.2948194200811200e-01
   5.8089875920115108e-01   1.1974769640453768e-01
   5.8092198231793302e-01   1.1011670548427668e-01
   5.8093555126049878e-01   1.0059749235008686e-01
   5.8093713841583405e-01   9.1176635506917500e-02
   5.8092446761766459e-01   8.1828381831357377e-02
   5.8089532086793538e-01   7.2546985394104715e-02
   5.8084766491003903e-01   6.3338870763470598e-02
   5.7111333772630890e-01   5.4123610358802574e-02
   5.7107875585418111e-01   4.4878629842204205e-02
   5.7105636557499451e-01   3.5732817784642164e-02
   5.7104454386358949e-01   2.6667200792341299e-02
   5.7104174069732538e-01   1.7652479929426916e-02
   5.7104649133691210e-01   8.6740712346273837e-03
   5.7105733818749360e-01  -2.6028358039531339e-04
   5.7105753148613303e-01  -3.8841460540457056e-04
   5.7107303579437363e-01  -9.2511549047613433e-03
   5.7109188795049470e-01  -1.8127605942441002e-02
   5.7111282082105952e-01  -2.7031749769944591e-02
   5.7113459415851386e-01  -3.5977244896453313e-02
   5.7115599218015722e-01  -4.4977412617767672e-02
   5.7117580599779716e-01  -5.4037681356256931e-02
   5.7119282835438245e-01  -6.3144889355798664e-02
   5.7120595886754744e-01  -7.2312113384062293e-02
   5.7121413637338025e-01  -8.1554541167178154e-02
   5.7121632624513008e-01  -9.0889129538834296e-02
   5.7121149958470108e-01  -1.0034177039047491e-01
   5.7119864312521484e-01  -1.0991523032689489e-01
   5.7117684455331230e-01  -1.1959281012571939e-01
   5.7114500301804083e-01  -1.2944295178216514e-01
   5.7110236744875320e-01  -1.3946137365431716e-01
   5.7105179593320521e-01  -1.4960593321505083e-01
   5.7099848782713991e-01  -1.5987886629516451e-01
   5.7094751834394131e-01  -1.7028198466811495e-01
   5.7090370548672276e-01  -1.8083977823740771e-01
   5.7087177433097136e-01  -1.9160446568424583e-01
   5.7085676281873710e-01  -2.0253979020862950e-01
   5.7086340389019108e-01  -2.1360336513997200e-01
   5.7089626711480557e-01  -2.2483064681515835e-01
   5.7095998404201398e-01  -2.3623025804898812e-01
   5.7105900810494092e-01  -2.4779024068910477e-01
   5.7119779913019020e-01  -2.5954386882171609e-01
   5.7137059238710930e-01  -2.7154179405063433e-01
   5.7155918367437686e-01  -2.8380745277371233e-01
   5.7174472904595297e-01  -2.9634829548769587e-01
   5.7191253343122717e-01  -3.0943559177774121e-01
   5.7204336378444109e-01  -3.2301981932890794e-01
   5.7212030705355188e-01  -3.3718900633272303e-01
   5.7212641054279867e-01  -3.5206144041085480e-01
   5.7204418728885831e-01  -3.6771999877026801e-01
   5.7185608128499810e-01  -3.8424213413614949e-01
   5.7154553332200209e-01  -4.0165762986841669e-01
   5.7109567168862307e-01  -4.2005379443212315e-01
   5.7051642995896690e-01  -4.3953092249977177e-01
   5.6991786192175009e-01  -4.5988484586833400e-01
   5.6942875700754314e-01  -4.8093461468181742e-01
   5.6917842002239027e-01  -5.0251263714483518e-01
   5.6929731524763350e-01  -5.2438508542410811e-01
   5.6991779097565054e-01  -5.4643975615117568e-01
   5.7117523650218227e-01  -5.6847010554639377e-01
   5.7317345809798192e-01  -5.8998309409733884e-01
   5.7625400860232190e-01  -6.1228168254515591e-01
   5.8043665262949096e-01  -6.3367337711006888e-01
   5.8550851503948431e-01  -6.5286557218268682e-01
   5.9206082774836244e-01  -6.7170023648992516e-01
   6.0037171974758552e-01  -6.9032509568806688e-01
   6.1009260765259088e-01  -7.0781876601929083e-01
   6.2065245864453378e-01  -7.2350174349702678e-01
   6.3222624251431325e-01  -7.3796706142496027e-01
   6.4515750072905587e-01  -7.5168012781783500e-01
   6.5909509825241042e-01  -7.6426478639497197e-01
   6.7362228134644753e-01  -7.7547289487084781e-01
   6.8847600772185436e-01  -7.8528843986853103e-01
   7.0421747937515222e-01  -7.9416269713094823e-01
   7.2065199163854665e-01  -8.0197701248781594e-01
   7.3744896438541607e-01  -8.0860672756829921e-01
   7.5431797417028312e-01  -8.1401640653895668e-01
   7.7147821995750698e-01  -8.1834636799900007e-01
   7.8903990646479583e-01  -8.2164882934197503e-01
   8.0657421349112224e-01  -8.2388801258095556e-01
   8.2443758468679762e-01  -8.2515155859713529e-01
   8.4234018507359065e-01  -8.2544569978100168e-01
   8.6026884926304981e-01  -8.2481304059560534e-01
   8.7825176182530684e-01  -8.2328537747238162e-01
   8.9622594859562321e-01  -8.2089532992998127e-01
   9.1409650619828520e-01  -8.1768600437313588e-01
   9.3183344418735214e-01  -8.1367854474856238e-01
   9.4943861071185642e-01  -8.0885843717103978e-01
   9.6683104550513754e-01  -8.0322818574129295e-01
   9.8389780258349180e-01  -7.9680972228000591e-01
   1.0006267344937161e+00  -7.8959334188800867e-01
   1.0171202169487186e+00  -7.8150237424569147e-01
   1.0331995584387161e+00  -7.7258659490325832e-01
   1.0486717855741057e+00  -7.6293909257415227e-01
   1.0634367331620671e+00  -7.5263037504508079e-01
   1.0777671077224382e+00  -7.4144916020747409e-01
   1.0916232080340866e+00  -7.2936654164992243e-01
   1.1049486933374018e+00  -7.1644179933688201e-01
   1.1177135015390696e+00  -7.0278671941056192e-01
   1.1298860234686214e+00  -6.8853822485964955e-01
   1.1415179234948598e+00  -6.7374590684142621e-01
   1.1526250544887231e+00  -6.5849930937961298e-01
   1.1630776404762486e+00  -6.4311274207782432e-01
   1.1734749783657819e+00  -6.2677916709505699e-01
   1.1836120076399970e+00  -6.0984777519278011e-01
   1.1929219269294449e+00  -5.9341565926751616e-01
   1.2009159489354411e+00  -5.7863640157596052e-01
   1.2083382053749352e+00  -5.6437144565357389e-01
   1.2158296620490237e+00  -5.4945647779400453e-01
   1.2233920952546440e+00  -5.3388622183705337e-01
   1.2309781299164004e+00  -5.1776580211797496e-01
   1.2384877095001894e+00  -5.0133608599371537e-01
   1.2457677813262784e+00  -4.8498991158045829e-01
   1.2526191416868417e+00  -4.6926528324177791e-01
   1.2588304454780355e+00  -4.5476237668242170e-01
   1.2647413118490547e+00  -4.4078668166671287e-01
   1.2704602068970490e+00  -4.2715694704883606e-01
   1.2758818258523743e+00  -4.1420378074212771e-01
   1.2809508023508598e+00  -4.0214466767917290e-01
   1.2856633174164247e+00  -3.9105476997018124e-01
   1.2900720002683459e+00  -3.8080842441937318e-01
   1.2942209281903043e+00  -3.7128586979892447e-01
   1.2981513629881667e+00  -3.6237421373188933e-01
   1.3019045718498878e+00  -3.5396072271176093e-01
   1.3055238144983179e+00  -3.4592835930098403e-01
   1.3090672830346790e+00  -3.3812742581883143e-01
   1.3125707048969133e+00  -3.3045770891072651e-01
   1.3160661464184127e+00  -3.2282587575729216e-01
   1.3195881670723231e+00  -3.1513234137905927e-01
   1.3231730150464815e+00  -3.0727355531012346e-01
   1.3268525177807378e+00  -2.9915853565322559e-01
   1.3306207872792786e+00  -2.9079851701622822e-01
   1.3344568287871292e+00  -2.8224616864131069e-01
   1.3383413948899956e+00  -2.7355027125862658e-01
   1.3422572442978871e+00  -2.6475502157182512e-01
   1.3461895182913304e+00  -2.5589913123530178e-01
   1.3501301382580100e+00  -2.4700586787025516e-01
   1.3540714685159119e+00  -2.3809733503527514e-01
   1.3580027941270925e+00  -2.2920256020996208e-01
   1.3619105283364330e+00  -2.2035715778897369e-01
   1.3657779516110622e+00  -2.1160400791789366e-01
   1.3695867933546315e+00  -2.0298904136885754e-01
   1.3733327269041071e+00  -1.9451994377165666e-01
   1.3770175649569074e+00  -1.8618641458136867e-01
   1.3806358853058276e+00  -1.7799430533918997e-01
   1.3841951644382420e+00  -1.6992024006867404e-01
   1.3877055286643343e+00  -1.6193476813998128e-01
   1.3911774815942395e+00  -1.5400746955777803e-01
   1.3946219055581257e+00  -1.4610690931354312e-01
   1.3980500760571464e+00  -1.3820055299956954e-01
   1.4014736891149604e+00  -1.3025464440975201e-01
   1.4049049001549514e+00  -1.2223404711686998e-01
   1.4083499087353082e+00  -1.1410804307150385e-01
   1.4117948596223686e+00  -1.0586100726383189e-01
   1.4152124748812018e+00  -9.7500568667591395e-02
   1.4185663812746212e+00  -8.9056151547913937e-02
   1.4218258724273669e+00  -8.0544652825517787e-02
   1.4249769994871671e+00  -7.1938301916072186e-02
   1.4280040747851916e+00  -6.3207187216084426e-02
   1.4308713378670155e+00  -5.4374717231586066e-02
   1.4335454219004344e+00  -4.5460663749069305e-02
   1.4359956067831554e+00  -3.6480453423973012e-02
   1.4381979175649773e+00  -2.7445256849173275e-02
   1.4401558982455498e+00  -1.8363466070969871e-02
   1.4418839173272566e+00  -9.2392539351257210e-03
   1.4433970739765134e+00  -7.1680084544388110e-05
   1.4447159663042490e+00   9.1857977559708214e-03
   1.4458553449471672e+00   1.8563933064687965e-02
   1.4468232612590635e+00   2.8044106619403628e-02
   1.4476295839205919e+00   3.7608121375792489e-02
   1.4482857313019142e+00   4.7238378949439254e-02
   1.4488044017853305e+00   5.6918043417040792e-02
   1.4491959624071564e+00   6.6631480927081196e-02
   1.4494556550898972e+00   7.6365481932940862e-02
   1.4495745969135094e+00   8.6108394613634398e-02
   1.4495444537310083e+00   9.5849791010295810e-02
   1.4493573079718449e+00   1.0558444070001942e-01
   1.4490023260834632e+00   1.1537782682738364e-01
   1.4484665109578780e+00   1.2525219527276898e-01
   1.4477375262523740e+00   1.3519517335091483e-01
   1.4468043506308723e+00   1.4518523906971104e-01
   1.4456584308929581e+00   1.5519180797891427e-01
   1.4443008131871389e+00   1.6518133002555629e-01
   1.4427347882068275e+00   1.7519521735372243e-01
   1.4409651760500244e+00   1.8525644568213029e-01
   1.4390003107920617e+00   1.9536409252973436e-01
   1.4368497233883255e+00   2.0551406087694118e-01
   1.4345243664275429e+00   2.1569909900436104e-01
   1.4320367783645982e+00   2.2590883719924451e-01
   1.4294011810283742e+00   2.3612984975476808e-01
   1.4266335050522434e+00   2.4634574978214610e-01
   1.4237344858580807e+00   2.5658836538613533e-01
   1.4206740804233993e+00   2.6694916268100938e-01
   1.4174552704273486e+00   2.7738765193202602e-01
   1.4140864464578722e+00   2.8785278419384108e-01
   1.4105639462666109e+00   2.9833674315273218e-01
   1.4068755260375139e+00   3.0885704941638070e-01
   1.4030103773945442e+00   3.1942463914834224e-01
   1.3989567067425470e+00   3.3005120027485862e-01
   1.3947054853770142e+00   3.4073965059136158e-01
   1.3902573915037382e+00   3.5146957082231750e-01
   1.3856096688809525e+00   3.6223306909472025e-01
   1.3807603908749941e+00   3.7302215143417700e-01
   1.3757080558923225e+00   3.8382875519867909e-01
   1.3704515895226066e+00   3.9464479668420838e-01
   1.3649903500605312e+00   4.0546221008790767e-01
   1.3593223105158307e+00   4.1627639466315192e-01
   1.3534118076531869e+00   4.2714386698898749e-01
   1.3472484996038672e+00   4.3806874400976231e-01
   1.3408382709825575e+00   4.4902657266311519e-01
   1.3341867005105033e+00   4.5999459461741304e-01
   1.3273000188478121e+00   4.7095113759572299e-01
   1.3201863273879331e+00   4.8187476215569652e-01
   1.3128497424457637e+00   4.9275295151255083e-01
   1.3052251387152127e+00   5.0367264119081145e-01
   1.2972963482181270e+00   5.1464280060951317e-01
   1.2890710938425902e+00   5.2563969741392202e-01
   1.2805588951602616e+00   5.3664034623472634e-01
   1.2717714830122087e+00   5.4762097596972814e-01
   1.2627165550520840e+00   5.5855569611662192e-01
   1.2533435217175519e+00   5.6948171896229371e-01
   1.2436552471560227e+00   5.8036890391317963e-01
   1.2336691042289094e+00   5.9117233214607745e-01
   1.2234034880188962e+00   6.0184908550305360e-01
   1.2128775643770338e+00   6.1235868408499805e-01
   1.2021110138038054e+00   6.2266344939573448e-01
   1.1910721750823483e+00   6.3277500686549937e-01
   1.1796885995364665e+00   6.4274021072400656e-01
   1.1679650270359292e+00   6.5258596247315026e-01
   1.1559087512162571e+00   6.6237126178731454e-01
   1.1435348175830602e+00   6.7215233854180689e-01
   1.1308648009880984e+00   6.8198193849271904e-01
   1.1178529226833891e+00   6.9196406827323798e-01
   1.1044339968673227e+00   7.0221520608753873e-01
   1.0905722851125030e+00   7.1282879712496372e-01
   1.0762466592542106e+00   7.2388773909234849e-01
   1.0614454619967293e+00   7.3545739396257070e-01
   1.0462103950474957e+00   7.4740523256288782e-01
   1.0306387817061067e+00   7.5944016839970019e-01
   1.0147961685708278e+00   7.7130259942141499e-01
   9.9871085841923657e-01   7.8277316138239184e-01
   9.8232049272546584e-01   7.9370144968837097e-01
   9.6543317107505200e-01   8.0400079454922091e-01
   9.4822560205650686e-01   8.1334108289160856e-01
   9.3078565275946923e-01   8.2147297782386985e-01
   9.1304630051337599e-01   8.2822682345053433e-01
   8.9502384117952771e-01   8.3349008666660795e-01
   8.7684974799323179e-01   8.3728135993693531e-01
   8.5862415049778085e-01   8.3965657610308242e-01
   8.4041158654030945e-01   8.4068161994279722e-01
   8.2215343327002255e-01   8.4041498993429564e-01
   8.0380028170306472e-01   8.3888215888748585e-01
   7.8582096209492736e-01   8.3617429876794624e-01
   7.6804946625895687e-01   8.3233140633317748e-01
   7.5022678243250496e-01   8.2730352263668960e-01
   7.3271767628659046e-01   8.2117650021390087e-01
   7.1593899009274353e-01   8.1406945512886708e-01
   6.9968614044522992e-01   8.0584757980644717e-01
   6.8376439663284261e-01   7.9627635638104366e-01
   6.6860214352388980e-01   7.8545646894821441e-01
   6.5459527472152623e-01   7.7359986123445956e-01
   6.4149898683233464e-01   7.6040895120915220e-01
   6.2924972056270401e-01   7.4557125394158197e-01
   6.1829259490405863e-01   7.2936497799329636e-01
   6.0892115235916933e-01   7.1217774764401831e-01
   6.0060576868535331e-01   6.9317637629179307e-01
   5.9341442896103780e-01   6.7266760747035248e-01
   5.8757145983113857e-01   6.5187933340180926e-01
   5.8287727117282495e-01   6.3107956160355971e-01
   5.7881840223325975e-01   6.0838298813161606e-01
   5.7563959530860664e-01   5.8541770872958920e-01
   5.7331494492515145e-01   5.6333935438235971e-01
   5.7155852536796070e-01   5.4076242927666340e-01
   5.7036662591430320e-01   5.1902665888021315e-01
   5.6963007907589802e-01   4.9798801291581146e-01
   5.6927844567537578e-01   4.7778164734012735e-01
   5.6923481603811144e-01   4.5811080060816539e-01
   5.6942978731793814e-01   4.3912213298465558e-01
   5.6978756283196330e-01   4.2088799712057051e-01
   5.7023278521444032e-01   4.0340316936139720e-01
   5.7069564802488348e-01   3.8652263679885163e-01
   5.7110322713279615e-01   3.7023565005561115e-01
   5.7139335479023168e-01   3.5456164544947266e-01
   5.7156542097347995e-01   3.3954936079953624e-01
   5.7164018726280508e-01   3.2515471751083697e-01
   5.7163774847491489e-01   3.1124690849823544e-01
   5.7157674878097353e-01   2.9776449687548240e-01
   5.7147580598589631e-01   2.8467020480140914e-01
   5.7135395405460687e-01   2.7195778830878292e-01
   5.7123032825826592e-01   2.5963342569027370e-01
   5.7112265770302839e-01   2.4761386249191128e-01
   5.7104417175670896e-01   2.3584466275270657e-01
   5.7099398965820902e-01   2.2431335154817858e-01
   5.7096832301127964e-01   2.1299801332459276e-01
   5.7096350354683456e-01   2.0189350679469975e-01
   5.7097582623232168e-01   1.9101987635009393e-01
   5.7100166422357934e-01   1.8034299236100595e-01
   5.7103754935107609e-01   1.6983947230303725e-01
   5.7107999338893911e-01   1.5951689958373508e-01
   5.7112569822014003e-01   1.4935308227569510e-01
   5.7117144877280113e-01   1.3933089187447437e-01
   5.7121400979033288e-01   1.2945814740795436e-01
   5.7125037884676400e-01   1.1971396330238547e-01
   5.7127763407219045e-01   1.1007543744078291e-01
   5.7129285660720353e-01   1.0055193025253856e-01
   5.7129332014976109e-01   9.1130824414090719e-02
   5.7127635621232287e-01   8.1787169689674047e-02
   5.7123936676998954e-01   7.2516014370695353e-02
   5.7117997579163504e-01   6.3324521460268568e-02
   5.6144052876202544e-01   5.4129923250504565e-02
   5.6141596611586275e-01   4.4898134178076067e-02
   5.6139984661369891e-01   3.5759776270211444e-02
   5.6139107167431224e-01   2.6696806983423270e-02
   5.6138859232093963e-01   1.7680811746945517e-02
   5.6139141911607049e-01   8.6980437079932933e-03
   5.6139856751053840e-01  -2.4293449647906325e-04
   5.6139869699111900e-01  -3.7117335298409598e-04
   5.6140919533844980e-01  -9.2420038784610786e-03
   5.6142215314752764e-01  -1.8127329755613993e-02
   5.6143671281807417e-01  -2.7040470197553297e-02
   5.6145203375735497e-01  -3.5994459487498978e-02
   5.6146729049185862e-01  -4.5002034662928674e-02
   5.6148165966540164e-01  -5.4068077252083700e-02
   5.6149431414503870e-01  -6.3178924412412837e-02
   5.6150449937220770e-01  -7.2347228071174802e-02
   5.6151148583386346e-01  -8.1587801233261217e-02
   5.6151456045211523e-01  -9.0917270698313873e-02
   5.6151301377862106e-01  -1.0036122949228547e-01
   5.6150614059279069e-01  -1.0992220513389006e-01
   5.6149329732064635e-01  -1.1958335617878835e-01
   5.6147372714280519e-01  -1.2941287796559314e-01
   5.6144674560325303e-01  -1.3940671332235247e-01
   5.6141294844638767e-01  -1.4952634895607994e-01
   5.6137556719272297e-01  -1.5977713727216455e-01
   5.6133814068855858e-01  -1.7016339318865342e-01
   5.6130403152623531e-01  -1.8071203769768565e-01
   5.6127652115599180e-01  -1.9147777953807857e-01
   5.6125915643828850e-01  -2.0242691429001075e-01
   5.6125531287694852e-01  -2.1351940326301969e-01
   5.6126821419929140e-01  -2.2479314604134459e-01
   5.6130115323312901e-01  -2.3625921951881926e-01
   5.6135733422367695e-01  -2.4790798303891218e-01
   5.6144018549710495e-01  -2.5977411146439461e-01
   5.6155135792655764e-01  -2.7188193341773914e-01
   5.6168131410121891e-01  -2.8423412646189067e-01
   5.6181659804360318e-01  -2.9683222370938322e-01
   5.6194678253985775e-01  -3.0994295001319572e-01
   5.6205805517136931e-01  -3.2351123310044216e-01
   5.6213822238505051e-01  -3.3762064012133614e-01
   5.6217510353556666e-01  -3.5238496812366443e-01
   5.6215604353670956e-01  -3.6788287598400921e-01
   5.6206826329146098e-01  -3.8418796804980010e-01
   5.6189948013257141e-01  -4.0132735419622229e-01
   5.6163728000592950e-01  -4.1938537512253060e-01
   5.6126984037207561e-01  -4.3850785076603249e-01
   5.6084983030709357e-01  -4.5859725748400215e-01
   5.6049920747079496e-01  -4.7948135447215073e-01
   5.6034463897335818e-01  -5.0099353961110671e-01
   5.6051426963364781e-01  -5.2290018644682523e-01
   5.6113897476029029e-01  -5.4508857814293299e-01
   5.6235293421368115e-01  -5.6735215888280732e-01
   5.6432772266461451e-01  -5.8981545962057924e-01
   5.6740608410390625e-01  -6.1328943003297764e-01
   5.7153109267976487e-01  -6.3548162961617760e-01
   5.7657665707267691e-01  -6.5556403508645522e-01
   5.8326434747314060e-01  -6.7565521005920326e-01
   5.9181957981353173e-01  -6.9534056326724991e-01
   6.0177945828531221e-01  -7.1352326737846927e-01
   6.1260763916580185e-01  -7.2972263414638927e-01
   6.2457602454828387e-01  -7.4471175035352088e-01
   6.3801043680130320e-01  -7.5892173099230775e-01
   6.5251819975094660e-01  -7.7193895024534687e-01
   6.6769159683348378e-01  -7.8353908753959489e-01
   6.8314903323277609e-01  -7.9364407501343004e-01
   6.9943857431352541e-01  -8.0273134451527695e-01
   7.1646875053951797e-01  -8.1076096992831226e-01
   7.3394777070908590e-01  -8.1762465469872625e-01
   7.5147436300813852e-01  -8.2323598357232075e-01
   7.6929958130755238e-01  -8.2774238884260098e-01
   7.8782769322240165e-01  -8.3123647839580805e-01
   8.0590994812620143e-01  -8.3355244752422697e-01
   8.2432346421950675e-01  -8.3486331622271903e-01
   8.4241732957356819e-01  -8.3517141145112028e-01
   8.6109253497976634e-01  -8.3451212509462880e-01
   8.7956766893958427e-01  -8.3291506668037596e-01
   8.9779304308195063e-01  -8.3044165857891417e-01
   9.1592809618800752e-01  -8.2710947746372709e-01
   9.3419538949804770e-01  -8.2287240124622796e-01
   9.5237787500275350e-01  -8.1775716815491928e-01
   9.7013832183772797e-01  -8.1186561740377305e-01
   9.8746732391971048e-01  -8.0522487525251796e-01
   1.0045496727648409e+00  -7.9776558930041552e-01
   1.0214865878679609e+00  -7.8941100759294169e-01
   1.0379587082085022e+00  -7.8029205381493805e-01
   1.0537943969329193e+00  -7.7051003860018230e-01
   1.0689341553894356e+00  -7.6012184360315627e-01
   1.0836386880299296e+00  -7.4893827318465356e-01
   1.0978335623414051e+00  -7.3698151544271717e-01
   1.1114841848065562e+00  -7.2430148014372076e-01
   1.1245691353570766e+00  -7.1096759461164571e-01
   1.1371032879494436e+00  -6.9702394231219100e-01
   1.1491933867648028e+00  -6.8240292209680375e-01
   1.1608030151481603e+00  -6.6719864516897021e-01
   1.1716330212379835e+00  -6.5191413102968543e-01
   1.1823656350740896e+00  -6.3564892593639222e-01
   1.1930310577472156e+00  -6.1831504864727915e-01
   1.2031083562369982e+00  -6.0080478584400088e-01
   1.2118890258303439e+00  -5.8460807330567233e-01
   1.2199133691874176e+00  -5.6902650715603120e-01
   1.2278730161101723e+00  -5.5285378898678128e-01
   1.2358322513380107e+00  -5.3599487411463742e-01
   1.2437455710183309e+00  -5.1858515575254305e-01
   1.2514899039814971e+00  -5.0096220455669083e-01
   1.2588632317088870e+00  -4.8369388406057978e-01
   1.2655630157677318e+00  -4.6764101752161791e-01
   1.2712608832177312e+00  -4.5376599717922328e-01
   1.2764713702467230e+00  -4.4094623424139867e-01
   1.2816781518005340e+00  -4.2806769781547610e-01
   1.2869121047568015e+00  -4.1513322039971079e-01
   1.2920893103282420e+00  -4.0246339848666102e-01
   1.2968782365590206e+00  -3.9093974884600302e-01
   1.3011872826810591e+00  -3.8075354326724187e-01
   1.3051863984838903e+00  -3.7146595179213204e-01
   1.3089517565647404e+00  -3.6287117630934218e-01
   1.3125265956713816e+00  -3.5484193136169989e-01
   1.3159375822077772e+00  -3.4728739564026662e-01
   1.3192496089117882e+00  -3.4003202882842493e-01
   1.3225305088942967e+00  -3.3289575970670587e-01
   1.3258231674755372e+00  -3.2575245258363550e-01
   1.3291669119867748e+00  -3.1848190754630445e-01
   1.3326039511644092e+00  -3.1095625820598055e-01
   1.3361668691326352e+00  -3.0307632896874770e-01
   1.3398464315368288e+00  -2.9486506209680269e-01
   1.3436244389361227e+00  -2.8637226457104109e-01
   1.3474836159588828e+00  -2.7764591643229003e-01
   1.3514072806119626e+00  -2.6873282830341383e-01
   1.3553666922027741e+00  -2.5970749073941468e-01
   1.3593264500746693e+00  -2.5065999969476677e-01
   1.3632650061499016e+00  -2.4164892107741129e-01
   1.3671712817224120e+00  -2.3270866946238120e-01
   1.3710324651255048e+00  -2.2387746032495454e-01
   1.3748333268987101e+00  -2.1519898259674219e-01
   1.3785598103148493e+00  -2.0671168086074859e-01
   1.3822152537071635e+00  -1.9840316989186663e-01
   1.3858312944270128e+00  -1.9019377607577218e-01
   1.3894180611605071e+00  -1.8205261111645687e-01
   1.3929655632487776e+00  -1.7399414312435724e-01
   1.3964776470855980e+00  -1.6600124989992154e-01
   1.3999624545521383e+00  -1.5804688076966109e-01
   1.4034284546372298e+00  -1.5010301132262671e-01
   1.4068844610130158e+00  -1.4214054076932750e-01
   1.4103396514700284e+00  -1.3412917482015205e-01
   1.4138036144611890e+00  -1.2603723267756256e-01
   1.4172682991230894e+00  -1.1786558212484707e-01
   1.4207121926635158e+00  -1.0961940769698870e-01
   1.4241560589889122e+00  -1.0119302666241894e-01
   1.4276066177977362e+00  -9.2502079852240848e-02
   1.4309756572569101e+00  -8.3696306987586871e-02
   1.4341688434600779e+00  -7.4964326597172184e-02
   1.4372033853964084e+00  -6.6206396082749405e-02
   1.4400996218258320e+00  -5.7289759641095214e-02
   1.4428217733916586e+00  -4.8231479614682694e-02
   1.4453355303577688e+00  -3.9044586446481962e-02
   1.4476117354283906e+00  -2.9737115042865907e-02
   1.4496480230350668e+00  -2.0314226526890439e-02
   1.4514548767743978e+00  -1.0775562176411386e-02
   1.4530193062001118e+00  -1.2756481802051985e-03
   1.4543542775828597e+00   8.1236677047941044e-03
   1.4554982236140468e+00   1.7556974577315931e-02
   1.4564729317427618e+00   2.7105118459522747e-02
   1.4572868468617959e+00   3.6749787580667811e-02
   1.4579500540354369e+00   4.6473470607740555e-02
   1.4584740029628593e+00   5.6259491467452322e-02
   1.4588686834316977e+00   6.6092545447350520e-02
   1.4591299422287898e+00   7.5960530226353989e-02
   1.4592487230598348e+00   8.5855221294965450e-02
   1.4592158013725716e+00   9.5807799481439415e-02
   1.4590269160153444e+00   1.0558792782024450e-01
   1.4586521711761704e+00   1.1588020787115016e-01
   1.4580907528399725e+00   1.2613150407966281e-01
   1.4573379953901417e+00   1.3631702331181875e-01
   1.4563884669236979e+00   1.4643898863504096e-01
   1.4552388548492259e+00   1.5648248885407634e-01
   1.4538746021455999e+00   1.6655650533386854e-01
   1.4522823777821654e+00   1.7677955324254571e-01
   1.4504798135960184e+00   1.8706339710263850e-01
   1.4484844785931807e+00   1.9735647463781783e-01
   1.4463071998797754e+00   2.0765616521629945e-01
   1.4439599473438411e+00   2.1795644061006472e-01
   1.4414559889907850e+00   2.2824806881381013e-01
   1.4388100169568385e+00   2.3851865057037902e-01
   1.4360268073716396e+00   2.4879382790326679e-01
   1.4330819561590615e+00   2.5919159990250279e-01
   1.4299582112377165e+00   2.6975417706317484e-01
   1.4266930489663008e+00   2.8032645848023097e-01
   1.4232871940702738e+00   2.9088961195554280e-01
   1.4197225760200598e+00   3.0148281282504558e-01
   1.4159846304820654e+00   3.1212932249516723e-01
   1.4120647845722420e+00   3.2283258598769154e-01
   1.4079528657543090e+00   3.3359944647346185e-01
   1.4036453061829071e+00   3.4441923739495983e-01
   1.3991441973401484e+00   3.5526952324113598e-01
   1.3944433409470574e+00   3.6615119137152813e-01
   1.3895404914368350e+00   3.7705703162794363e-01
   1.3844340304017964e+00   3.8797925939192890e-01
   1.3791227546435301e+00   3.9891006075894458e-01
   1.3736053883161432e+00   4.0984259095897957e-01
   1.3678699782029740e+00   4.2079071613805979e-01
   1.3618783238550383e+00   4.3181345947521182e-01
   1.3556322804023915e+00   4.4289131074068538e-01
   1.3491421759826903e+00   4.5399254699985686e-01
   1.3424139823411738e+00   4.6509462857181333e-01
   1.3354538205560318e+00   4.7617585589216566e-01
   1.3282684826297897e+00   4.8721639679659534e-01
   1.3208472680311039e+00   4.9822472276520924e-01
   1.3131207050147653e+00   5.0929104529667601e-01
   1.3050872718692723e+00   5.2040099481369739e-01
   1.2967588325383170e+00   5.3152418517531730e-01
   1.2881444036528089e+00   5.4263765572583622e-01
   1.2792543771833711e+00   5.5371951998597801e-01
   1.2700912281330794e+00   5.6475491972691727e-01
   1.2606037182439351e+00   5.7578553510316377e-01
   1.2507983165540804e+00   5.8678080900555618e-01
   1.2406929895326946e+00   5.9769915008824637e-01
   1.2303060161411319e+00   6.0850162742106517e-01
   1.2196564679811550e+00   6.1915148538757858e-01
   1.2087497996519667e+00   6.2962778109414907e-01
   1.1975413850913115e+00   6.3995555805245408e-01
   1.1859932094845989e+00   6.5014834119472986e-01
   1.1741460531840617e+00   6.6018404487295812e-01
   1.1620071938868164e+00   6.7011523728623157e-01
   1.1495885199328693e+00   6.7999483337898459e-01
   1.1368535377036864e+00   6.8991359343897374e-01
   1.1237434585117949e+00   6.9997662960489482e-01
   1.1102654178624978e+00   7.1023705325278452e-01
   1.0964116238371631e+00   7.2075922163131079e-01
   1.0821694013682250e+00   7.3161037066543677e-01
   1.0675067427856550e+00   7.4287070100644303e-01
   1.0523445160704059e+00   7.5456886326359540e-01
   1.0366975252705033e+00   7.6650329452951327e-01
   1.0206357970850775e+00   7.7841228824907005e-01
   1.0042370231589997e+00   7.9003325709062544e-01
   9.8765274856237051e-01   8.0106782492247008e-01
   9.7049725152805666e-01   8.1156471381278827e-01
   9.5247215317956069e-01   8.2142755117954203e-01
   9.3389907211657031e-01   8.3017723904295371e-01
   9.1556785384211414e-01   8.3725357593514205e-01
   8.9722796985621478e-01   8.4270840430983007e-01
   8.7855985713093376e-01   8.4669546176902266e-01
   8.5960385639684933e-01   8.4923915269935524e-01
   8.4037460650290396e-01   8.5035929509788966e-01
   8.2183817945893034e-01   8.5010988018190692e-01
   8.0269393148377133e-01   8.4852767050112221e-01
   7.8422871409991157e-01   8.4575163686550614e-01
   7.6568499219393948e-01   8.4173661688696200e-01
   7.4703975094736463e-01   8.3644987438555929e-01
   7.2901905052761173e-01   8.3010439187211005e-01
   7.1179153755175895e-01   8.2276943330109376e-01
   6.9491778880710797e-01   8.1419385795619448e-01
   6.7835464277979229e-01   8.0418785986278218e-01
   6.6268450978369653e-01   7.9295407353347169e-01
   6.4821810542775249e-01   7.8066634973657933e-01
   6.3465329381285729e-01   7.6697318539564807e-01
   6.2194075932696291e-01   7.5155674524696237e-01
   6.1053742207814443e-01   7.3468652811841650e-01
   6.0080919803223320e-01   7.1691173001906339e-01
   5.9215235671736732e-01   6.9740325909338341e-01
   5.8452104369480085e-01   6.7613410585831180e-01
   5.7822262827497461e-01   6.5436397360569720e-01
   5.7322973338256633e-01   6.3298618937281725e-01
   5.6891318296760174e-01   6.0981260724706887e-01
   5.6546947055246555e-01   5.8597707952649236e-01
   5.6303595791366068e-01   5.6376925857617566e-01
   5.6123431332597085e-01   5.4130814907483038e-01
   5.6005645521343939e-01   5.1966322305716162e-01
   5.5939087805089427e-01   4.9863244000597939e-01
   5.5914955851229631e-01   4.7836810049151918e-01
   5.5924072353877530e-01   4.5859063736245026e-01
   5.5957813867026218e-01   4.3946519610269619e-01
   5.6006981348399942e-01   4.2108310609196592e-01
   5.6062563225090079e-01   4.0345734565856350e-01
   5.6116252230669639e-01   3.8645966871312382e-01
   5.6159453720961083e-01   3.7009687535881852e-01
   5.6187808760125202e-01   3.5438774986655369e-01
   5.6203118306008537e-01   3.3936945319615008e-01
   5.6207853090815707e-01   3.2499046129033732e-01
   5.6204370003378346e-01   3.1111325050737099e-01
   5.6194869789072077e-01   2.9767014280325621e-01
   5.6181543648284493e-01   2.8461785269012463e-01
   5.6166618541311608e-01   2.7194430139738385e-01
   5.6152311328866389e-01   2.5965019056327210e-01
   5.6140628654163816e-01   2.4764790783881688e-01
   5.6132489481754055e-01   2.3588788871028418e-01
   5.6127527699055579e-01   2.2436106331716993e-01
   5.6125301885886947e-01   2.1304601483164762e-01
   5.6125385475039691e-01   2.0193814107495892e-01
   5.6127348699214430e-01   1.9105809401157339e-01
   5.6130775684556222e-01   1.8037236532145376e-01
   5.6135269414008970e-01   1.6985821308335874e-01
   5.6140430873039537e-01   1.5952391691438123e-01
   5.6145885147282282e-01   1.4934797035265479e-01
   5.6151267476767053e-01   1.3931394875487330e-01
   5.6156211353090968e-01   1.2943041381631648e-01
   5.6160377986289634e-01   1.1967719229879384e-01
   5.6163437950891304e-01   1.1003210016439162e-01
   5.6165062631174412e-01   1.0050523530725233e-01
   5.6164945560202528e-01   9.1084686857037508e-02
   5.6162786444839552e-01   8.1746211542577649e-02
   5.6158293177975904e-01   7.2485555901935159e-02
   5.6151199249909867e-01   6.3310529431272397e-02
   5.3605451612903221e-01  -1.1851420636909867e-18
   5.3605451612903221e-01  -7.8022576329889372e-03
   5.3605451612903221e-01  -1.6098271782883342e-02
   5.3605451612903221e-01  -2.4623947821734167e-02
   5.3605451612903221e-01  -3.3373539673979949e-02
   5.3605451612903221e-01  -4.2341301264059224e-02
   5.3605451612903221e-01  -5.1521486516410510e-02
   5.3605451612903221e-01  -6.0908349355472326e-02
   5.3605451612903221e-01  -7.0496143705683217e-02
   5.3605451612903221e-01  -8.0279123491481488e-02
   5.3605451612903221e-01  -9.0251542637306101e-02
   5.3605451612903221e-01  -1.0040765506759537e-01
   5.3605451612903221e-01  -1.1074171470678783e-01
   5.3605451612903221e-01  -1.2124797547932201e-01
   5.3605451612903221e-01  -1.3192069130963641e-01
   5.3605451612903221e-01  -1.4275411612216959e-01
   5.3605451612903221e-01  -1.5374250384136007e-01
   5.3605451612903221e-01  -1.6488010839164638e-01
   5.3605451612903221e-01  -1.7616012434522205e-01
   5.3605451612903221e-01  -1.8757418905303949e-01
   5.3605451612903221e-01  -1.9914519865974406e-01
   5.3605451612903221e-01  -2.1090251434955801e-01
   5.3605451612903221e-01  -2.2287549730670361e-01
   5.3605451612903221e-01  -2.3509350871540280e-01
   5.3605451612903221e-01  -2.4758590975987832e-01
   5.3605451612903221e-01  -2.6038135642864108e-01
   5.3605451612903221e-01  -2.7347073591479820e-01
   5.3605451612903221e-01  -2.8686333829266447e-01
   5.3605451612903221e-01  -3.0059122861807891e-01
   5.3605451612903221e-01  -3.1468647194687949e-01
   5.3605451612903221e-01  -3.2918113333490456e-01
   5.3605451612903221e-01  -3.4410727783799239e-01
   5.3605451612903221e-01  -3.5950030066337441e-01
   5.3605451612903221e-01  -3.7539759177784687e-01
   5.3605451612903221e-01  -3.9183363777313918e-01
   5.3605451612903221e-01  -4.0884292218086865e-01
   5.3605451612903221e-01  -4.2645992853265274e-01
   5.3605451612903221e-01  -4.4474709204063301e-01
   5.3605451612903221e-01  -4.6380485204788507e-01
   5.3605451612903221e-01  -4.8367155683328061e-01
   5.3605451612903221e-01  -5.0438287359615763e-01
   5.3605451612903221e-01  -5.2607802738171927e-01
   5.3605451612903221e-01  -5.4937029159899642e-01
   5.3605451612903221e-01  -5.7362660409373656e-01
   5.3605441700120704e-01  -5.9791458661976482e-01
   5.3688559116508194e-01  -6.2158622454718759e-01
   5.3976976279876043e-01  -6.4536145430448832e-01
   5.4381205554836587e-01  -6.6861059794624311e-01
   5.4866985440940952e-01  -6.8989026076944571e-01
   5.5580037556211781e-01  -7.0992865630553215e-01
   5.6459509412561149e-01  -7.2932385316983928e-01
   5.7398143099117394e-01  -7.4761649354569470e-01
   5.8442971982877567e-01  -7.6489373241223946e-01
   5.9617028482932954e-01  -7.8129956851359683e-01
   6.0878940963012873e-01  -7.9663459789348434e-01
   6.2197376799463344e-01  -8.1075907151148696e-01
   6.3615937706182646e-01  -8.2413429422457440e-01
   6.5114033736727439e-01  -8.3649958914397082e-01
   6.6664866336342654e-01  -8.4752598298140747e-01
   6.8274751147974355e-01  -8.5740535746713742e-01
   6.9959044269090764e-01  -8.6668153365497325e-01
   7.1674717428639934e-01  -8.7472504065234857e-01
   7.3422504764077778e-01  -8.8109035964144833e-01
   7.5238594681982762e-01  -8.8638979312301980e-01
   7.7098675945389983e-01  -8.9132026585798219e-01
   7.8924663776790482e-01  -8.9485513890594759e-01
   8.0753263840257150e-01  -8.9621317468189932e-01
   8.2680599042570768e-01  -8.9615391336052252e-01
   8.4633105463121272e-01  -8.9598629239068384e-01
   8.6590874864763878e-01  -8.9571827472120347e-01
   8.8538135318725308e-01  -8.9535895747337546e-01
   9.0441573975036615e-01  -8.9475967808384937e-01
   9.2281569771298910e-01  -8.9261803853984911e-01
   9.4143191612875865e-01  -8.8903454783196900e-01
   9.6020338149648521e-01  -8.8452832466370956e-01
   9.7890482136493673e-01  -8.7968674145711556e-01
   9.9718305239560634e-01  -8.7465563291682857e-01
   1.0151343939447079e+00  -8.6861756024156622e-01
   1.0329361245559550e+00  -8.6171550821844889e-01
   1.0504025218353943e+00  -8.5424812267500883e-01
   1.0674273657091518e+00  -8.4632502760141848e-01
   1.0842055246664450e+00  -8.3764097083365396e-01
   1.1007286785835304e+00  -8.2826385718313744e-01
   1.1168963713498843e+00  -8.1831735071983236e-01
   1.1326065577789464e+00  -8.0792799313152364e-01
   1.1477261276343020e+00  -7.9720683980766105e-01
   1.1623903445481019e+00  -7.8579314725337424e-01
   1.1766770856102966e+00  -7.7368099486408859e-01
   1.1905446069915788e+00  -7.6103472525748883e-01
   1.2039329083103028e+00  -7.4803650929504395e-01
   1.2168095358490914e+00  -7.3477423290902144e-01
   1.2291654529056923e+00  -7.2100245825544806e-01
   1.2406852064704352e+00  -7.0682710959957562e-01
   1.2512724634373495e+00  -6.9221593307635687e-01
   1.2614658985966796e+00  -6.7701204256892344e-01
   1.2712733052291119e+00  -6.6139782965018423e-01
   1.2806682942747041e+00  -6.4553059395116275e-01
   1.2896311854605564e+00  -6.2955916948864421e-01
   1.2981447079706689e+00  -6.1362899188881048e-01
   1.3061620397772662e+00  -5.9794520402597440e-01
   1.3135803300706923e+00  -5.8238697699638708e-01
   1.3204842385859876e+00  -5.6670117034488565e-01
   1.3271020581036841e+00  -5.5107660222725519e-01
   1.3336110132402152e+00  -5.3582988649788632e-01
   1.3400515774043640e+00  -5.2121273803652401e-01
   1.3463015316618303e+00  -5.0704647301645489e-01
   1.3523900190111231e+00  -4.9324620061701957e-01
   1.3583240191393553e+00  -4.7979608880214092e-01
   1.3641117645038285e+00  -4.6667746671625282e-01
   1.3697733062267294e+00  -4.5384488364648418e-01
   1.3753217167029190e+00  -4.4126871628363717e-01
   1.3807657759326994e+00  -4.2892907073975617e-01
   1.3861142639375830e+00  -4.1680605307881469e-01
   1.3913759607371408e+00  -4.0487976936918779e-01
   1.3965596463402088e+00  -3.9313032570358863e-01
   1.4016661488524078e+00  -3.8155585150416810e-01
   1.4066808605497438e+00  -3.7018945507668238e-01
   1.4116142297644196e+00  -3.5900744631103843e-01
   1.4164786006137504e+00  -3.4798183795337856e-01
   1.4212863172106776e+00  -3.3708464275976135e-01
   1.4260497236781733e+00  -3.2628787346351723e-01
   1.4307811641536639e+00  -3.1556354276521981e-01
   1.4354900785059859e+00  -3.0489024700267670e-01
   1.4401481678187373e+00  -2.9433213492848137e-01
   1.4447540552336950e+00  -2.8389233267089142e-01
   1.4493192569596536e+00  -2.7354474007724294e-01
   1.4538552894014305e+00  -2.6326325655056232e-01
   1.4583736689458022e+00  -2.5302178153476557e-01
   1.4628858779164404e+00  -2.4279429168299738e-01
   1.4674038213543552e+00  -2.3255380556738889e-01
   1.4719388485575442e+00  -2.2228159064908856e-01
   1.4764760167636837e+00  -2.1204630083559703e-01
   1.4810049343721867e+00  -2.0185415273834414e-01
   1.4855223077099586e+00  -1.9168629893047023e-01
   1.4900253716154837e+00  -1.8152276406714762e-01
   1.4945112751027814e+00  -1.7134383311566320e-01
   1.4989790145408126e+00  -1.6112561798441366e-01
   1.5034367029835838e+00  -1.5084387027291352e-01
   1.5078144419911712e+00  -1.4062495869340641e-01
   1.5118686101807119e+00  -1.3024318196198412e-01
   1.5158953989570569e+00  -1.1968497104660530e-01
   1.5197788260596992e+00  -1.0910378846453501e-01
   1.5234533423803609e+00  -9.8490331482586402e-02
   1.5268513659482454e+00  -8.7844948120745836e-02
   1.5299379646388307e+00  -7.7054859439597154e-02
   1.5329008549412266e+00  -6.6024425678510482e-02
   1.5358501805596962e+00  -5.4876290459981471e-02
   1.5386601899006891e+00  -4.3719479431494755e-02
   1.5412358673645878e+00  -3.2556878270794794e-02
   1.5434822240549482e+00  -2.1399449064218579e-02
   1.5453046295965325e+00  -1.0272236025355498e-02
   1.5466305127241651e+00   9.7958469494718002e-04
   1.5476719384650792e+00   1.2510826355785850e-02
   1.5486700363102190e+00   2.4215915853162084e-02
   1.5495928128406811e+00   3.5972055353229511e-02
   1.5504195846882871e+00   4.7774849606220707e-02
   1.5511291508890090e+00   5.9612933857410719e-02
   1.5517003944556564e+00   7.1474623565320403e-02
   1.5521123698906425e+00   8.3350162681639833e-02
   1.5523436715993695e+00   9.5164299262908841e-02
   1.5523524773472579e+00   1.0712633620715217e-01
   1.5519075641095963e+00   1.1874174074914559e-01
   1.5510276597103210e+00   1.3055290930780170e-01
   1.5498102001527543e+00   1.4250225687562079e-01
   1.5483566542369840e+00   1.5457037508948160e-01
   1.5467698110916088e+00   1.6675257814982225e-01
   1.5451694374730551e+00   1.7893272556597031e-01
   1.5434161284666883e+00   1.9099064655176545e-01
   1.5413292981844831e+00   2.0301047216677329e-01
   1.5389369987108212e+00   2.1509373038480972e-01
   1.5362829715458683e+00   2.2723350559719771e-01
   1.5334103467529590e+00   2.3942990609713305e-01
   1.5303626851378087e+00   2.5168319871039302e-01
   1.5271836809728971e+00   2.6399479678689913e-01
   1.5239200104581287e+00   2.7635633521605824e-01
   1.5206049612651811e+00   2.8866859517612115e-01
   1.5170192342098934e+00   3.0093539341222075e-01
   1.5131316334868976e+00   3.1326255583333856e-01
   1.5089876385405685e+00   3.2565582952796662e-01
   1.5046370452958961e+00   3.3810744209191995e-01
   1.5001418743198014e+00   3.5057550595720371e-01
   1.4954599034975331e+00   3.6303234620738595e-01
   1.4905330575187994e+00   3.7550553317175123e-01
   1.4853666752122603e+00   3.8800950840140419e-01
   1.4799743550498423e+00   4.0053659374950495e-01
   1.4743708692378179e+00   4.1307683455092409e-01
   1.4685618458896870e+00   4.2560984233659738e-01
   1.4624902885747573e+00   4.3815140780340628e-01
   1.4561526413768395e+00   4.5071404516358321e-01
   1.4495618046988887e+00   4.6328873561270684e-01
   1.4427309486343274e+00   4.7586595306684720e-01
   1.4356773166352081e+00   4.8842908291920045e-01
   1.4283938288175713e+00   5.0095452020744746e-01
   1.4207902452963574e+00   5.1347138685947891e-01
   1.4128753271139387e+00   5.2599908486118840e-01
   1.4046828570443912e+00   5.3852590406357492e-01
   1.3962451754529681e+00   5.5104254580849177e-01
   1.3876224737736060e+00   5.6349967680525459e-01
   1.3786931215092681e+00   5.7587750830392026e-01
   1.3693638760203717e+00   5.8823815142046620e-01
   1.3597331656951759e+00   6.0060466731504358e-01
   1.3499433733537203e+00   6.1288023339467823e-01
   1.3397171801209791e+00   6.2502233796891649e-01
   1.3290795814159764e+00   6.3715274710797964e-01
   1.3181956217198576e+00   6.4926812363923125e-01
   1.3070736936283893e+00   6.6129926373577319e-01
   1.2956845131795369e+00   6.7322045665909314e-01
   1.2840006130028083e+00   6.8500402578678121e-01
   1.2719753636819966e+00   6.9664761647406226e-01
   1.2595508604710466e+00   7.0820763035903422e-01
   1.2467535139534689e+00   7.1966460976950009e-01
   1.2336183598687018e+00   7.3098897324272227e-01
   1.2201807821928849e+00   7.4215104360824413e-01
   1.2064642099658294e+00   7.5312438833341888e-01
   1.1923580511552667e+00   7.6394834972759817e-01
   1.1778667054026797e+00   7.7461141494988317e-01
   1.1630354590687817e+00   7.8507973156182675e-01
   1.1479070393405333e+00   7.9532121524938582e-01
   1.1324441831273899e+00   8.0537108752016995e-01
   1.1166139994702493e+00   8.1521807752304698e-01
   1.1004455976755043e+00   8.2477974556971778e-01
   1.0838933076493340e+00   8.3402293431903163e-01
   1.0669297927554231e+00   8.4318488080456588e-01
   1.0496624126648013e+00   8.5219309537957100e-01
   1.0321686486583741e+00   8.6080692124307978e-01
   1.0144911119721394e+00   8.6880797131807119e-01
   9.9647187563187700e-01   8.7610392241710922e-01
   9.7801856955938293e-01   8.8324024802642087e-01
   9.5957493005660910e-01   8.8959241134652822e-01
   9.4116483664286188e-01   8.9430318675018317e-01
   9.2223729866670090e-01   8.9760857947444972e-01
   9.0291263904769181e-01   9.0065271048430573e-01
   8.8363949207787196e-01   9.0308578480455792e-01
   8.6461447783355094e-01   9.0460158719858397e-01
   8.4536642507470572e-01   9.0491800919501852e-01
   8.2627172931047932e-01   9.0402127701291979e-01
   8.0707749611509627e-01   9.0247352541293346e-01
   7.8819742155283745e-01   9.0008796242655653e-01
   7.6946469775131754e-01   8.9637154720994827e-01
   7.5080861501908991e-01   8.9172274376284999e-01
   7.3269429257041052e-01   8.8648117606532240e-01
   7.1495863018210093e-01   8.7985757838966616e-01
   6.9746864764170158e-01   8.7190757479189229e-01
   6.8051253900695186e-01   8.6300711211181291e-01
   6.6436673955510228e-01   8.5334236691763110e-01
   6.4870444390337112e-01   8.4218434095929473e-01
   6.3361741724141862e-01   8.2971050440550198e-01
   6.1944035917664808e-01   8.1632835156919192e-01
   6.0614471287793836e-01   8.0205633825136358e-01
   5.9344110649439419e-01   7.8646253792201759e-01
   5.8180416888575470e-01   7.6984482307852753e-01
   5.7156724299240469e-01   7.5229357482324644e-01
   5.6197400590961255e-01   7.3354200942521053e-01
   5.5340344811017805e-01   7.1382057146835698e-01
   5.4687757759409061e-01   6.9328334701185579e-01
   5.4235779508711757e-01   6.7103641626126109e-01
   5.3847915702595806e-01   6.4701113471740790e-01
   5.3625549740399991e-01   6.2293343864198836e-01
   5.3605451228124057e-01   5.9840414479254334e-01
   5.3605451612903221e-01   5.7327587225235255e-01
   5.3605451612903221e-01   5.4881480019890350e-01
   5.3605451612903221e-01   5.2603055193064763e-01
   5.3605451612903221e-01   5.0437010293771678e-01
   5.3605451612903221e-01   4.8363847113575326e-01
   5.3605451612903221e-01   4.6380022554446521e-01
   5.3605451612903221e-01   4.4477889724797764e-01
   5.3605451612903221e-01   4.2646425369831797e-01
   5.3605451612903221e-01   4.0881967435754868e-01
   5.3605451612903221e-01   3.9181013889589394e-01
   5.3605451612903221e-01   3.7539525762286979e-01
   5.3605451612903221e-01   3.5951079127824787e-01
   5.3605451612903221e-01   3.4411876934322461e-01
   5.3605451612903221e-01   3.2918589885325061e-01
   5.3605451612903221e-01   3.1467888684377393e-01
   5.3605451612903221e-01   3.0056695419237078e-01
   5.3605451612903221e-01   2.8683507121345436e-01
   5.3605451612903221e-01   2.7345548221968519e-01
   5.3605451612903221e-01   2.6039720444711784e-01
   5.3605451612903221e-01   2.4762925513180531e-01
   5.3605451612903221e-01   2.3512065150980052e-01
   5.3605451612903221e-01   2.2285379900135133e-01
   5.3605451612903221e-01   2.1085179068230775e-01
   5.3605451612903221e-01   1.9909134623299876e-01
   5.3605451612903221e-01   1.8754377408875880e-01
   5.3605451612903221e-01   1.7618038268492026e-01
   5.3605451612903221e-01   1.6497248045681701e-01
   5.3605451612903221e-01   1.5389137583978299e-01
   5.3605451612903221e-01   1.4295814090599540e-01
   5.3605451612903221e-01   1.3220165828746766e-01
   5.3605451612903221e-01   1.2159509269848021e-01
   5.3605451612903221e-01   1.1111155457195632e-01
   5.3605451612903221e-01   1.0072415434082062e-01
   5.3605451612903221e-01   9.0406002437995889e-02
   5.3605451612903221e-01   8.0130209296406740e-02
   5.3605451612903221e-01   6.9884136492870230e-02
   5.3605451612903221e-01   5.9699347197247593e-02
   5.3605451612903221e-01   4.9579828486682499e-02
   5.3605451612903221e-01   3.9526686255182471e-02
   5.3605451612903221e-01   2.9541026396755470e-02
   5.3605451612903221e-01   1.9623954805410737e-02
   5.3605451612903221e-01   9.7765773751558437e-03
   5.2637709677419353e-01   0.0000000000000000e+00
   5.2637709677419353e-01  -7.8022576329889355e-03
   5.2637709677419353e-01  -1.6098271782883339e-02
   5.2637709677419353e-01  -2.4623947821734167e-02
   5.2637709677419353e-01  -3.3373539673979949e-02
   5.2637709677419353e-01  -4.2341301264059224e-02
   5.2637709677419353e-01  -5.1521486516410510e-02
   5.2637709677419353e-01  -6.0908349355472326e-02
   5.2637709677419353e-01  -7.0496143705683217e-02
   5.2637709677419353e-01  -8.0279123491481488e-02
   5.2637709677419353e-01  -9.0251542637306101e-02
   5.2637709677419353e-01  -1.0040765506759537e-01
   5.2637709677419353e-01  -1.1074171470678783e-01
   5.2637709677419353e-01  -1.2124797547932201e-01
   5.2637709677419353e-01  -1.3192069130963641e-01
   5.2637709677419353e-01  -1.4275411612216959e-01
   5.2637709677419353e-01  -1.5374250384136007e-01
   5.2637709677419353e-01  -1.6488010839164638e-01
   5.2637709677419353e-01  -1.7616012434522205e-01
   5.2637709677419353e-01  -1.8757418905303949e-01
   5.2637709677419353e-01  -1.9914519865974406e-01
   5.2637709677419353e-01  -2.1090251434955801e-01
   5.2637709677419353e-01  -2.2287549730670361e-01
   5.2637709677419353e-01  -2.3509350871540280e-01
   5.2637709677419353e-01  -2.4758590975987832e-01
   5.2637709677419353e-01  -2.6038135642864108e-01
   5.2637709677419353e-01  -2.7347073591479820e-01
   5.2637709677419353e-01  -2.8686333829266447e-01
   5.2637709677419353e-01  -3.0059122861807891e-01
   5.2637709677419353e-01  -3.1468647194687949e-01
   5.2637709677419353e-01  -3.2918113333490456e-01
   5.2637709677419353e-01  -3.4410727783799239e-01
   5.2637709677419353e-01  -3.5950030066337441e-01
   5.2637709677419353e-01  -3.7539759177784687e-01
   5.2637709677419353e-01  -3.9183363777313918e-01
   5.2637709677419353e-01  -4.0884292218086865e-01
   5.2637709677419353e-01  -4.2645992853265274e-01
   5.2637709677419353e-01  -4.4474709204063301e-01
   5.2637709677419353e-01  -4.6380485204788507e-01
   5.2637709677419353e-01  -4.8367155683328061e-01
   5.2637709677419353e-01  -5.0438287359615763e-01
   5.2637709677419353e-01  -5.2607802738171927e-01
   5.2637709677419353e-01  -5.4937029159899642e-01
   5.2637709677419353e-01  -5.7362660409373656e-01
   5.2637709677419353e-01  -5.9795838836907189e-01
   5.2722721525900729e-01  -6.2219303607176768e-01
   5.3019594417869609e-01  -6.4677370159144443e-01
   5.3431880775120977e-01  -6.7048961141910568e-01
   5.3935716049837512e-01  -6.9252202395955020e-01
   5.4682973218395614e-01  -7.1355908365658205e-01
   5.5588250670655970e-01  -7.3353612878223540e-01
   5.6552273510850515e-01  -7.5231786667850686e-01
   5.7634520078674112e-01  -7.7021284861969252e-01
   5.8849682194613306e-01  -7.8719621270751028e-01
   6.0151370144001115e-01  -8.0301554732923941e-01
   6.1511250085078850e-01  -8.1758369300650047e-01
   6.2975562139857066e-01  -8.3138993746103018e-01
   6.4525642070959865e-01  -8.4418281568852427e-01
   6.6132320233127195e-01  -8.5560632394973357e-01
   6.7788317824302735e-01  -8.6577140238284189e-01
   6.9519455834999488e-01  -8.7530293993415553e-01
   7.1305651196651298e-01  -8.8367107088983265e-01
   7.3124753896082528e-01  -8.9029833919345724e-01
   7.4978720230084983e-01  -8.9571175494950728e-01
   7.6881284163254771e-01  -9.0075035210760968e-01
   7.8810482101268864e-01  -9.0446496199833160e-01
   8.0744009519405424e-01  -9.0589015154060704e-01
   8.2685444788313833e-01  -9.0583121139479983e-01
   8.4643656761410813e-01  -9.0566313652396646e-01
   8.6606079506249090e-01  -9.0539449956652085e-01
   8.8560147090381414e-01  -9.0503387316087702e-01
   9.0495862745264821e-01  -9.0442185787477225e-01
   9.2426144195632465e-01  -9.0218685607140814e-01
   9.4348684508860914e-01  -8.9849127624825409e-01
   9.6255594683675683e-01  -8.9391543719574840e-01
   9.8138985718802207e-01  -8.8903965770432902e-01
   9.9998707736988179e-01  -8.8391791607558845e-01
   1.0184279616693774e+00  -8.7771727765544361e-01
   1.0365901949525751e+00  -8.7067654693647434e-01
   1.0543427927288516e+00  -8.6308705420860388e-01
   1.0716882541890289e+00  -8.5501394437691225e-01
   1.0888185586772761e+00  -8.4614816558776196e-01
   1.1056534891129615e+00  -8.3659444459451560e-01
   1.1221015979422948e+00  -8.2647566313669085e-01
   1.1380714376114858e+00  -8.1591470295380408e-01
   1.1534943447289434e+00  -8.0497730420295244e-01
   1.1684940675755811e+00  -7.9330294156302261e-01
   1.1830701136069333e+00  -7.8094609213829136e-01
   1.1971781884761126e+00  -7.6808086193353031e-01
   1.2107739978362311e+00  -7.5488135695351244e-01
   1.2238795664453985e+00  -7.4138234252801893e-01
   1.2365216047736740e+00  -7.2729050048372534e-01
   1.2483660015017255e+00  -7.1271419997230745e-01
   1.2592165487202820e+00  -6.9774259159547158e-01
   1.2695858296388063e+00  -6.8227694192603516e-01
   1.2795369043931653e+00  -6.6643423454110207e-01
   1.2890537187348245e+00  -6.5036144294414755e-01
   1.2981202184152481e+00  -6.3420554063864598e-01
   1.3067203491859007e+00  -6.1811350112807240e-01
   1.3148380567982481e+00  -6.0223229791590061e-01
   1.3223808467387481e+00  -5.8641231570818264e-01
   1.3293736621993408e+00  -5.7052616618694429e-01
   1.3360113037834787e+00  -5.5485519810224215e-01
   1.3424888738347565e+00  -5.3968164410102004e-01
   1.3489047675579180e+00  -5.2512086667750091e-01
   1.3551554753083490e+00  -5.1095289430373070e-01
   1.3612440310715554e+00  -4.9715246683978587e-01
   1.3671780321558349e+00  -4.8370235285791319e-01
   1.3729657793009729e+00  -4.7058372673593324e-01
   1.3786273225903938e+00  -4.5775114011545409e-01
   1.3841757338504701e+00  -4.4517497097582936e-01
   1.3896197930581669e+00  -4.3283532548200460e-01
   1.3949682801904473e+00  -4.2071230979892688e-01
   1.4002299752242759e+00  -4.0878603009154230e-01
   1.4054136581366166e+00  -3.9703659252479739e-01
   1.4105201575597477e+00  -3.8546212532710422e-01
   1.4155348667174126e+00  -3.7409573465606383e-01
   1.4204682343618691e+00  -3.6291372944949002e-01
   1.4253326046494406e+00  -3.5188812236511663e-01
   1.4301403217364490e+00  -3.4099092606067849e-01
   1.4349037297792175e+00  -3.3019415319391004e-01
   1.4396351729340686e+00  -3.1946981642254574e-01
   1.4443440900696631e+00  -3.0879651435139671e-01
   1.4490021813623650e+00  -2.9823839778940880e-01
   1.4536080702467247e+00  -2.8779859220124193e-01
   1.4581732730979771e+00  -2.7745099705697679e-01
   1.4627093062913568e+00  -2.6716951182669402e-01
   1.4672276862020985e+00  -2.5692803598047370e-01
   1.4717399292054374e+00  -2.4670046898839709e-01
   1.4762575516766077e+00  -2.3646071032054472e-01
   1.4807890227566727e+00  -2.2619654429051139e-01
   1.4853211878788684e+00  -2.1597254500942395e-01
   1.4898484302909758e+00  -2.0578416868026717e-01
   1.4943679263700809e+00  -1.9561153470544032e-01
   1.4988768524932696e+00  -1.8543476248734117e-01
   1.5033723850376275e+00  -1.7523397142836844e-01
   1.5078517003802412e+00  -1.6498928093092069e-01
   1.5123201342196388e+00  -1.5468276267094777e-01
   1.5167714572790045e+00  -1.4428888043150709e-01
   1.5208990824641708e+00  -1.3372212083857926e-01
   1.5249580433710070e+00  -1.2307921935745525e-01
   1.5288931758788646e+00  -1.1235664455469369e-01
   1.5326355141158852e+00  -1.0154650025880753e-01
   1.5361160922102093e+00  -9.0640890298310198e-02
   1.5392659446958945e+00  -7.9631918504583343e-02
   1.5422520216801567e+00  -6.8516036801886573e-02
   1.5452191144626788e+00  -5.7300238250457047e-02
   1.5480668919136680e+00  -4.5992451628514376e-02
   1.5506950229033323e+00  -3.4600605714277727e-02
   1.5530031763018792e+00  -2.3132629285967179e-02
   1.5548910209795166e+00  -1.1596451121801391e-02
   1.5562582258064517e+00   0.0000000000000000e+00
   1.5573127830484153e+00   1.1670254473453450e-02
   1.5583151423988006e+00   2.3425742511792955e-02
   1.5592436588693086e+00   3.5255385065626595e-02
   1.5600766874716403e+00   4.7148103085560937e-02
   1.5607925832174967e+00   5.9092817522203578e-02
   1.5613697011185788e+00   7.1078449326161558e-02
   1.5617863961865879e+00   8.3093919448042730e-02
   1.5620210234332246e+00   9.5128148838454427e-02
   1.5620297809573318e+00   1.0717366704125476e-01
   1.5615709611865896e+00   1.1926251162176148e-01
   1.5606680706702976e+00   1.3139843984667665e-01
   1.5594281721226160e+00   1.4357326600553577e-01
   1.5579583282577052e+00   1.5577880438787461e-01
   1.5563656017897256e+00   1.6800686928322869e-01
   1.5547568841822617e+00   1.8024927824912879e-01
   1.5529744265594638e+00   1.9250437801376585e-01
   1.5508442240980633e+00   2.0477643655726524e-01
   1.5484111290753397e+00   2.1706687488167570e-01
   1.5457199937685724e+00   2.2937711398904476e-01
   1.5428156704550398e+00   2.4170857488142014e-01
   1.5397430114120210e+00   2.5406267856084963e-01
   1.5365468689167956e+00   2.6644084602938067e-01
   1.5332720952466425e+00   2.7884449828906155e-01
   1.5299243008674288e+00   2.9127672760132173e-01
   1.5262790033199429e+00   3.0374770943251017e-01
   1.5223352295290107e+00   3.1625358663608999e-01
   1.5181441919141243e+00   3.2878791759930703e-01
   1.5137571028947774e+00   3.4134426070940493e-01
   1.5092243664357512e+00   3.5391628166549577e-01
   1.5044905714219989e+00   3.6651077720532599e-01
   1.4995057889481336e+00   3.7913079675753952e-01
   1.4942834232606899e+00   3.9177036596454506e-01
   1.4888368786062030e+00   4.0442351046875119e-01
   1.4831795592312087e+00   4.1708425591256632e-01
   1.4773081753826387e+00   4.2975160111399296e-01
   1.4711660303292393e+00   4.4243905871957762e-01
   1.4647587734017762e+00   4.5513975831953501e-01
   1.4580998499647855e+00   4.6784441650659120e-01
   1.4512027053828018e+00   4.8054374987347315e-01
   1.4440807850203612e+00   4.9322847501290762e-01
   1.4367134835010229e+00   5.0589777736417418e-01
   1.4290164652590114e+00   5.1856861654779385e-01
   1.4210154615428767e+00   5.3123269325771805e-01
   1.4127444290849016e+00   5.4387973461796013e-01
   1.4042373246173698e+00   5.5649946775253289e-01
   1.3955278029781646e+00   5.6908163126018840e-01
   1.3864794887070619e+00   5.8162424052584683e-01
   1.3770420028105574e+00   5.9412872137279127e-01
   1.3673364606339713e+00   6.0659151552116120e-01
   1.3574304629174436e+00   6.1901178582731642e-01
   1.3470536125580557e+00   6.3133337627220820e-01
   1.3363160904649580e+00   6.4357811730380599e-01
   1.3253496397488256e+00   6.5578521435600112e-01
   1.3141269246410772e+00   6.6792530159040875e-01
   1.3026206093731307e+00   6.7996901316864555e-01
   1.2908033581764038e+00   6.9188698325232822e-01
   1.2786375295267660e+00   7.0366673263111468e-01
   1.2660745339954587e+00   7.1535564610581948e-01
   1.2531407239752694e+00   7.2693482252476493e-01
   1.2398699654230583e+00   7.3837611567820749e-01
   1.2262961242956836e+00   7.4965137935640536e-01
   1.2124334106389774e+00   7.6074154585398368e-01
   1.1981715928888566e+00   7.7168496254466601e-01
   1.1835247814920973e+00   7.8246244165572043e-01
   1.1685381419263863e+00   7.9304044300855248e-01
   1.1532567221803984e+00   8.0338554032233889e-01
   1.1376380397162644e+00   8.1353664317202934e-01
   1.1216342660524932e+00   8.2349149089435947e-01
   1.1052649806474961e+00   8.3317176517995950e-01
   1.0885488788688040e+00   8.4250692524252102e-01
   1.0714702803612823e+00   8.5173101546711627e-01
   1.0540433120407784e+00   8.6082212580175455e-01
   1.0363052623222078e+00   8.6955568531382677e-01
   1.0182934196204814e+00   8.7770712307072529e-01
   1.0000330850215642e+00   8.8510226854582708e-01
   9.8135884512129901e-01   8.9232292409352088e-01
   9.6233663412077486e-01   8.9886740115953490e-01
   9.4313727788836421e-01   9.0377746355120847e-01
   9.2381055482005525e-01   9.0715726055852308e-01
   9.0427534584982305e-01   9.1023370602447962e-01
   8.8462157623231863e-01   9.1271324324814485e-01
   8.6494244194157599e-01   9.1427344766662499e-01
   8.4531975544876425e-01   9.1459531601641375e-01
   8.2566579266126561e-01   9.1367970784543850e-01
   8.0611718687581957e-01   9.1210318021123060e-01
   7.8669255929172843e-01   9.0964766090216209e-01
   7.6735244561025240e-01   9.0581563722762448e-01
   7.4830479098390157e-01   9.0107064783650315e-01
   7.2968691994732060e-01   8.9567944521094411e-01
   7.1126792726965327e-01   8.8880359188068314e-01
   6.9321706359344681e-01   8.8060104811675122e-01
   6.7578637740614333e-01   8.7145198285638015e-01
   6.5908269138296294e-01   8.6144984989842843e-01
   6.4281017263294127e-01   8.4985962672335524e-01
   6.2720834329089892e-01   8.3696145030698099e-01
   6.1257527598319295e-01   8.2314913437737069e-01
   5.9885131233430189e-01   8.0841705785526774e-01
   5.8572278703522140e-01   7.9230034488144685e-01
   5.7364595230998405e-01   7.7505019988258561e-01
   5.6307262752505483e-01   7.5692973200687041e-01
   5.5322898971596590e-01   7.3768654041704351e-01
   5.4433682112987025e-01   7.1720416727302405e-01
   5.3749147580831103e-01   6.9563994172380572e-01
   5.3283517743852493e-01   6.7276042278332460e-01
   5.2887581557584995e-01   6.4820624072192945e-01
   5.2658106290367890e-01   6.2317377687949271e-01
   5.2637709677419353e-01   5.9841277458819819e-01
   5.2637709677419353e-01   5.7327587225235255e-01
   5.2637709677419353e-01   5.4881480019890350e-01
   5.2637709677419353e-01   5.2603055193064763e-01
   5.2637709677419353e-01   5.0437010293771678e-01
   5.2637709677419353e-01   4.8363847113575326e-01
   5.2637709677419353e-01   4.6380022554446521e-01
   5.2637709677419353e-01   4.4477889724797764e-01
   5.2637709677419353e-01   4.2646425369831797e-01
   5.2637709677419353e-01   4.0881967435754868e-01
   5.2637709677419353e-01   3.9181013889589394e-01
   5.2637709677419353e-01   3.7539525762286979e-01
   5.2637709677419353e-01   3.5951079127824787e-01
   5.2637709677419353e-01   3.4411876934322461e-01
   5.2637709677419353e-01   3.2918589885325061e-01
   5.2637709677419353e-01   3.1467888684377393e-01
   5.2637709677419353e-01   3.0056695419237078e-01
   5.2637709677419353e-01   2.8683507121345436e-01
   5.2637709677419353e-01   2.7345548221968519e-01
   5.2637709677419353e-01   2.6039720444711784e-01
   5.2637709677419353e-01   2.4762925513180531e-01
   5.2637709677419353e-01   2.3512065150980052e-01
   5.2637709677419353e-01   2.2285379900135133e-01
   5.2637709677419353e-01   2.1085179068230775e-01
   5.2637709677419353e-01   1.9909134623299876e-01
   5.2637709677419353e-01   1.8754377408875880e-01
   5.2637709677419353e-01   1.7618038268492026e-01
   5.2637709677419353e-01   1.6497248045681701e-01
   5.2637709677419353e-01   1.5389137583978299e-01
   5.2637709677419353e-01   1.4295814090599540e-01
   5.2637709677419353e-01   1.3220165828746766e-01
   5.2637709677419353e-01   1.2159509269848021e-01
   5.2637709677419353e-01   1.1111155457195632e-01
   5.2637709677419353e-01   1.0072415434082062e-01
   5.2637709677419353e-01   9.0406002437995889e-02
   5.2637709677419353e-01   8.0130209296406740e-02
   5.2637709677419353e-01   6.9884136492870230e-02
   5.2637709677419353e-01   5.9699347197247593e-02
   5.2637709677419353e-01   4.9579828486682499e-02
   5.2637709677419353e-01   3.9526686255182471e-02
   5.2637709677419353e-01   2.9541026396755470e-02
   5.2637709677419353e-01   1.9623954805410741e-02
   5.2637709677419353e-01   9.7765773751558455e-03
   5.1669967741935485e-01   1.1851420636909867e-18
   5.1669967741935485e-01  -7.8022576329889346e-03
   5.1669967741935485e-01  -1.6098271782883335e-02
   5.1669967741935485e-01  -2.4623947821734167e-02
   5.1669967741935485e-01  -3.3373539673979949e-02
   5.1669967741935485e-01  -4.2341301264059224e-02
   5.1669967741935485e-01  -5.1521486516410510e-02
   5.1669967741935485e-01  -6.0908349355472326e-02
   5.1669967741935485e-01  -7.0496143705683217e-02
   5.1669967741935485e-01  -8.0279123491481488e-02
   5.1669967741935485e-01  -9.0251542637306101e-02
   5.1669967741935485e-01  -1.0040765506759537e-01
   5.1669967741935485e-01  -1.1074171470678783e-01
   5.1669967741935485e-01  -1.2124797547932201e-01
   5.1669967741935485e-01  -1.3192069130963641e-01
   5.1669967741935485e-01  -1.4275411612216959e-01
   5.1669967741935485e-01  -1.5374250384136007e-01
   5.1669967741935485e-01  -1.6488010839164638e-01
   5.1669967741935485e-01  -1.7616012434522205e-01
   5.1669967741935485e-01  -1.8757418905303949e-01
   5.1669967741935485e-01  -1.9914519865974406e-01
   5.1669967741935485e-01  -2.1090251434955801e-01
   5.1669967741935485e-01  -2.2287549730670361e-01
   5.1669967741935485e-01  -2.3509350871540280e-01
   5.1669967741935485e-01  -2.4758590975987832e-01
   5.1669967741935485e-01  -2.6038135642864108e-01
   5.1669967741935485e-01  -2.7347073591479820e-01
   5.1669967741935485e-01  -2.8686333829266447e-01
   5.1669967741935485e-01  -3.0059122861807891e-01
   5.1669967741935485e-01  -3.1468647194687949e-01
   5.1669967741935485e-01  -3.2918113333490456e-01
   5.1669967741935485e-01  -3.4410727783799239e-01
   5.1669967741935485e-01  -3.5950030066337441e-01
   5.1669967741935485e-01  -3.7539759177784687e-01
   5.1669967741935485e-01  -3.9183363777313918e-01
   5.1669967741935485e-01  -4.0884292218086865e-01
   5.1669967741935485e-01  -4.2645992853265274e-01
   5.1669967741935485e-01  -4.4474709204063301e-01
   5.1669967741935485e-01  -4.6380485204788507e-01
   5.1669967741935485e-01  -4.8367155683328061e-01
   5.1669967741935485e-01  -5.0438287359615763e-01
   5.1669967741935485e-01  -5.2607802738171927e-01
   5.1669967741935485e-01  -5.4937029159899642e-01
   5.1669967741935485e-01  -5.7362660409373656e-01
   5.1669977654718002e-01  -5.9800219011837896e-01
   5.1756883935293263e-01  -6.2279984759634788e-01
   5.2062212555863163e-01  -6.4818594887840064e-01
   5.2482555995405378e-01  -6.7236862489196814e-01
   5.3004446658734072e-01  -6.9515378714965470e-01
   5.3785908880579447e-01  -7.1718951100763195e-01
   5.4716991928750791e-01  -7.3774840439463152e-01
   5.5706403922583625e-01  -7.5701923981131913e-01
   5.6826068174470667e-01  -7.7553196482714548e-01
   5.8082335906293658e-01  -7.9309285690142373e-01
   5.9423799324989346e-01  -8.0939649676499437e-01
   6.0825123370694345e-01  -8.2440831450151408e-01
   6.2335186573531487e-01  -8.3864558069748596e-01
   6.3937250405192281e-01  -8.5186604223307782e-01
   6.5599774129911725e-01  -8.6368666491805968e-01
   6.7301884500631126e-01  -8.7413744729854637e-01
   6.9079867400908201e-01  -8.8392434621333782e-01
   7.0936584964662663e-01  -8.9261710112731663e-01
   7.2827003028087278e-01  -8.9950631874546627e-01
   7.4718845778187204e-01  -9.0503371677599476e-01
   7.6663892381119558e-01  -9.1018043835723728e-01
   7.8696300425747256e-01  -9.1407478509071560e-01
   8.0734755198553698e-01  -9.1556712839931476e-01
   8.2690290534056909e-01  -9.1550850942907713e-01
   8.4654208059700364e-01  -9.1533998065724920e-01
   8.6621284147734301e-01  -9.1507072441183823e-01
   8.8582158862037519e-01  -9.1470878884837858e-01
   9.0550151515493016e-01  -9.1408403766569513e-01
   9.2570718619966030e-01  -9.1175567360296705e-01
   9.4554177404845963e-01  -9.0794800466453929e-01
   9.6490851217702833e-01  -9.0330254972778712e-01
   9.8387489301110742e-01  -8.9839257395154248e-01
   1.0027911023441571e+00  -8.9318019923434833e-01
   1.0217215293940469e+00  -8.8681699506932088e-01
   1.0402442653491952e+00  -8.7963758565449990e-01
   1.0582830636223086e+00  -8.7192598574219904e-01
   1.0759491426689061e+00  -8.6370286115240602e-01
   1.0934315926881069e+00  -8.5465536034186995e-01
   1.1105782996423927e+00  -8.4492503200589375e-01
   1.1273068245347055e+00  -8.3463397555354935e-01
   1.1435363174440252e+00  -8.2390141277608464e-01
   1.1592625618235850e+00  -8.1274776859824394e-01
   1.1745977906030605e+00  -8.0081273587267099e-01
   1.1894631416035697e+00  -7.8821118941249424e-01
   1.2038117699606463e+00  -7.7512699860957179e-01
   1.2176150873621594e+00  -7.6172620461198093e-01
   1.2309495970417057e+00  -7.4799045214701643e-01
   1.2438777566416555e+00  -7.3357854271200262e-01
   1.2560467965330158e+00  -7.1860129034503928e-01
   1.2671606340032147e+00  -7.0326925011458641e-01
   1.2777057606809328e+00  -6.8754184128314688e-01
   1.2878005035572189e+00  -6.7147063943201990e-01
   1.2974391431949448e+00  -6.5519229193713246e-01
   1.3066092513699394e+00  -6.3885191178864786e-01
   1.3152959904011325e+00  -6.2259801036733442e-01
   1.3235140738192297e+00  -6.0651939180582670e-01
   1.3311813634068039e+00  -5.9043765441997831e-01
   1.3382630858126940e+00  -5.7435116202900294e-01
   1.3449205494632732e+00  -5.5863379397722912e-01
   1.3513667344292979e+00  -5.4353340170415376e-01
   1.3577579577114720e+00  -5.2902899531847769e-01
   1.3640094189548675e+00  -5.1485931559100651e-01
   1.3700980431319878e+00  -5.0105873306255222e-01
   1.3760320451723145e+00  -4.8760861691368546e-01
   1.3818197940981174e+00  -4.7448998675561371e-01
   1.3874813389540583e+00  -4.6165739658442395e-01
   1.3930297509980214e+00  -4.4908122566802150e-01
   1.3984738101836343e+00  -4.3674158022425297e-01
   1.4038222964433114e+00  -4.2461856651903901e-01
   1.4090839897114109e+00  -4.1269229081389680e-01
   1.4142676699330243e+00  -4.0094285934600615e-01
   1.4193741662670876e+00  -3.8936839915004035e-01
   1.4243888728850813e+00  -3.7800201423544522e-01
   1.4293222389593188e+00  -3.6682001258794161e-01
   1.4341866086851305e+00  -3.5579440677685475e-01
   1.4389943262622207e+00  -3.4489720936159557e-01
   1.4437577358802618e+00  -3.3410043292430280e-01
   1.4484891817144736e+00  -3.2337609007987161e-01
   1.4531981016333404e+00  -3.1270278170011673e-01
   1.4578561949059929e+00  -3.0214466065033624e-01
   1.4624620852597543e+00  -2.9170485173159250e-01
   1.4670272892363003e+00  -2.8135725403671058e-01
   1.4715633231812830e+00  -2.7107576710282577e-01
   1.4760817034583951e+00  -2.6083429042618184e-01
   1.4805939804944341e+00  -2.5060664629379681e-01
   1.4851112819988603e+00  -2.4036761507370058e-01
   1.4896391969558012e+00  -2.3011149793193419e-01
   1.4941663589940530e+00  -2.1989878918325084e-01
   1.4986919262097649e+00  -2.0971418462219021e-01
   1.5032135450302033e+00  -1.9953677048041041e-01
   1.5077283333710554e+00  -1.8934676090753469e-01
   1.5122334949724736e+00  -1.7912410974107368e-01
   1.5167243862196698e+00  -1.6885294387742769e-01
   1.5212035654556941e+00  -1.5852165506898203e-01
   1.5257284725668376e+00  -1.4795280216960779e-01
   1.5299295547476297e+00  -1.3720105971517443e-01
   1.5340206877849571e+00  -1.2647346766830520e-01
   1.5380075256980303e+00  -1.1560950064485234e-01
   1.5418176858514094e+00  -1.0460266903502864e-01
   1.5453808184721731e+00  -9.3436832475874559e-02
   1.5485939247529583e+00  -8.2208977569569519e-02
   1.5516031884190868e+00  -7.1007647925262665e-02
   1.5545880483656611e+00  -5.9724186040932617e-02
   1.5574735939266471e+00  -4.8265423825533990e-02
   1.5601541784420767e+00  -3.6644333157760660e-02
   1.5625241285488105e+00  -2.4865809507715778e-02
   1.5644774123625007e+00  -1.2920666218247286e-02
   1.5658859388887381e+00  -9.7958469494718002e-04
   1.5669536276317513e+00   1.0829682591121050e-02
   1.5679602484873822e+00   2.2635569170423826e-02
   1.5688945048979361e+00   3.4538714778023685e-02
   1.5697337902549937e+00   4.6521356564901174e-02
   1.5704560155459844e+00   5.8572701186996437e-02
   1.5710390077815011e+00   7.0682275087002699e-02
   1.5714604224825333e+00   8.2837676214445627e-02
   1.5716983752670795e+00   9.5091998414000012e-02
   1.5717070845674057e+00   1.0722099787535737e-01
   1.5712343582635828e+00   1.1978328249437736e-01
   1.5703084816302741e+00   1.3224397038555161e-01
   1.5690461440924777e+00   1.4464427513545078e-01
   1.5675600022784264e+00   1.5698723368626763e-01
   1.5659613924878422e+00   1.6926116041663514e-01
   1.5643443308914682e+00   1.8156583093228726e-01
   1.5625327246522394e+00   1.9401810947576625e-01
   1.5603591500116436e+00   2.0654240094775717e-01
   1.5578852594398584e+00   2.1904001937854164e-01
   1.5551570159912764e+00   2.3152072238089180e-01
   1.5522209941571203e+00   2.4398724366570723e-01
   1.5491233376862332e+00   2.5644215841130619e-01
   1.5459100568606940e+00   2.6888689527186221e-01
   1.5426241800351561e+00   2.8133266136206492e-01
   1.5392436404696765e+00   2.9388486002652225e-01
   1.5355387724299925e+00   3.0656002545279959e-01
   1.5315388255711238e+00   3.1924461743884142e-01
   1.5273007452876799e+00   3.3192000567064750e-01
   1.5228771604936586e+00   3.4458107932688992e-01
   1.5183068585517010e+00   3.5725705737378788e-01
   1.5135212393464650e+00   3.6998920820326603e-01
   1.5084785203774678e+00   3.8275606034332776e-01
   1.5032001713091196e+00   3.9553122352768594e-01
   1.4976994021625638e+00   4.0831042718799743e-01
   1.4919882492245993e+00   4.2109167727420849e-01
   1.4860545048755902e+00   4.3389335989138861e-01
   1.4798417720837214e+00   4.4672670963574901e-01
   1.4733649054267131e+00   4.5956547147548682e-01
   1.4666378952306822e+00   4.7240009740047556e-01
   1.4596744621312765e+00   4.8522154668009909e-01
   1.4524842534055142e+00   4.9802786710661479e-01
   1.4450331381844745e+00   5.1084103452090091e-01
   1.4372426852216653e+00   5.2366584623610879e-01
   1.4291555959718147e+00   5.3646630165424780e-01
   1.4208060011254120e+00   5.4923356517234523e-01
   1.4122294737817715e+00   5.6195638969657402e-01
   1.4034331321827234e+00   5.7466358571512233e-01
   1.3942658559048555e+00   5.8737097274777350e-01
   1.3847201296007434e+00   6.0001929132511633e-01
   1.3749397555727667e+00   6.1257836372727881e-01
   1.3649175524811668e+00   6.2514333825995461e-01
   1.3543900449951325e+00   6.3764441457550003e-01
   1.3435525995139397e+00   6.5000348749963233e-01
   1.3325036577777936e+00   6.6230230507277099e-01
   1.3211801556537652e+00   6.7455133944504420e-01
   1.3095567055667245e+00   6.8671756967819797e-01
   1.2976061033499995e+00   6.9876994071787524e-01
   1.2852996953715354e+00   7.1068584878816710e-01
   1.2725982075198710e+00   7.2250366185260473e-01
   1.2595279339970702e+00   7.3420503528002978e-01
   1.2461215709774147e+00   7.4576325811369271e-01
   1.2324114663984820e+00   7.5715171510456669e-01
   1.2184026113121253e+00   7.6835870337454848e-01
   1.2039851346224462e+00   7.7942157536173373e-01
   1.1891828575815147e+00   7.9031346836155769e-01
   1.1740408247839909e+00   8.0100115445527831e-01
   1.1586064050202634e+00   8.1144986539529207e-01
   1.1428318963051387e+00   8.2170219882388873e-01
   1.1266545326347368e+00   8.3176490426567196e-01
   1.1100843636194881e+00   8.4156378479020111e-01
   1.0932044500882740e+00   8.5099091616601030e-01
   1.0760107679671418e+00   8.6027715012966666e-01
   1.0584242114167557e+00   8.6945115622393798e-01
   1.0404418759860412e+00   8.7830444938457364e-01
   1.0220957272688236e+00   8.8660627482337928e-01
   1.0035942944112513e+00   8.9410061467454494e-01
   9.8469912068321508e-01   9.0140560016062099e-01
   9.6509833818494062e-01   9.0814239097254157e-01
   9.4510971913386665e-01   9.1325174035223389e-01
   9.2538381097340972e-01   9.1670594164259633e-01
   9.0563805265195430e-01   9.1981470156465361e-01
   8.8560366038676519e-01   9.2234070169173166e-01
   8.6527040604960093e-01   9.2394530813466602e-01
   8.4527308582282279e-01   9.2427262283780887e-01
   8.2505985601205190e-01   9.2333813867795722e-01
   8.0515687763654287e-01   9.2173283500952774e-01
   7.8518769703061952e-01   9.1920735937776765e-01
   7.6524019346918726e-01   9.1525972724530069e-01
   7.4580096694871323e-01   9.1041855191015630e-01
   7.2667954732423057e-01   9.0487771435656583e-01
   7.0757722435720549e-01   8.9774960537170012e-01
   6.8896547954519216e-01   8.8929452144161003e-01
   6.7106021580533470e-01   8.7989685360094738e-01
   6.5379864321082348e-01   8.6955733287922587e-01
   6.3691590136251131e-01   8.5753491248741576e-01
   6.2079926934037910e-01   8.4421239620846000e-01
   6.0571019278973781e-01   8.2996991718554947e-01
   5.9155791179066541e-01   8.1477777745917190e-01
   5.7800446757604862e-01   7.9813815184087600e-01
   5.6548773573421329e-01   7.8025557668664380e-01
   5.5457801205770507e-01   7.6156588919049439e-01
   5.4448397352231925e-01   7.4183107140887650e-01
   5.3527019414956234e-01   7.2058776307769112e-01
   5.2810537402253133e-01   6.9799653643575577e-01
   5.2331255978993219e-01   6.7448442930538810e-01
   5.1927247412574185e-01   6.4940134672645100e-01
   5.1690662840335788e-01   6.2341411511699707e-01
   5.1669968126714649e-01   5.9842140438385316e-01
   5.1669967741935485e-01   5.7327587225235255e-01
   5.1669967741935485e-01   5.4881480019890350e-01
   5.1669967741935485e-01   5.2603055193064763e-01
   5.1669967741935485e-01   5.0437010293771678e-01
   5.1669967741935485e-01   4.8363847113575326e-01
   5.1669967741935485e-01   4.6380022554446521e-01
   5.1669967741935485e-01   4.4477889724797764e-01
   5.1669967741935485e-01   4.2646425369831797e-01
   5.1669967741935485e-01   4.0881967435754868e-01
   5.1669967741935485e-01   3.9181013889589394e-01
   5.1669967741935485e-01   3.7539525762286979e-01
   5.1669967741935485e-01   3.5951079127824787e-01
   5.1669967741935485e-01   3.4411876934322461e-01
   5.1669967741935485e-01   3.2918589885325061e-01
   5.1669967741935485e-01   3.1467888684377393e-01
   5.1669967741935485e-01   3.0056695419237078e-01
   5.1669967741935485e-01   2.8683507121345436e-01
   5.1669967741935485e-01   2.7345548221968519e-01
   5.1669967741935485e-01   2.6039720444711784e-01
   5.1669967741935485e-01   2.4762925513180531e-01
   5.1669967741935485e-01   2.3512065150980052e-01
   5.1669967741935485e-01   2.2285379900135133e-01
   5.1669967741935485e-01   2.1085179068230775e-01
   5.1669967741935485e-01   1.9909134623299876e-01
   5.1669967741935485e-01   1.8754377408875880e-01
   5.1669967741935485e-01   1.7618038268492026e-01
   5.1669967741935485e-01   1.6497248045681701e-01
   5.1669967741935485e-01   1.5389137583978299e-01
   5.1669967741935485e-01   1.4295814090599540e-01
   5.1669967741935485e-01   1.3220165828746766e-01
   5.1669967741935485e-01   1.2159509269848021e-01
   5.1669967741935485e-01   1.1111155457195632e-01
   5.1669967741935485e-01   1.0072415434082062e-01
   5.1669967741935485e-01   9.0406002437995889e-02
   5.1669967741935485e-01   8.0130209296406740e-02
   5.1669967741935485e-01   6.9884136492870230e-02
   5.1669967741935485e-01   5.9699347197247593e-02
   5.1669967741935485e-01   4.9579828486682499e-02
   5.1669967741935485e-01   3.9526686255182471e-02
   5.1669967741935485e-01   2.9541026396755470e-02
   5.1669967741935485e-01   1.9623954805410744e-02
   5.1669967741935485e-01   9.7765773751558455e-03
