  -1.7988763693062018e+02   5.1939750168150361e+01
  -1.7960858380505240e+02   5.1664248560378020e+01
  -1.7932948642302350e+02   5.0665715996235946e+01
  -1.7905035263705821e+02   4.9194731535840958e+01
  -1.7877119246881313e+02   4.7651486052228279e+01
  -1.7849201817835984e+02   4.6491451627397026e+01
  -1.7821284419691926e+02   4.6078962974842810e+01
  -1.7793368692718704e+02   4.6537896765639680e+01
  -1.7765456442343310e+02   4.7694187065638040e+01
  -1.7737549597084487e+02   4.9155965414978375e+01
  -1.7709650158967492e+02   5.0469049235508464e+01
  -1.7681760149428126e+02   5.1255721515913770e+01
  -1.7653881553983953e+02   5.1298538241359680e+01
  -1.7626016269020207e+02   5.0576665739635935e+01
  -1.7598166053904006e+02   4.9269045200752998e+01
  -1.7570332491311882e+02   4.7726051239185928e+01
  -1.7542516958152370e+02   4.6396719062776093e+01
  -1.7542516958152370e+02   4.6396719063071458e+01
  -1.7514720608818703e+02   4.5699840771131825e+01
  -1.7486944371755985e+02   4.5864146607749277e+01
  -1.7459188959518144e+02   4.6823786008733634e+01
  -1.7431454891671868e+02   4.8248753942514242e+01
  -1.7403742529127217e+02   4.9685432585682591e+01
  -1.7376052117784334e+02   5.0711418860143752e+01
  -1.7348383838824762e+02   5.1041545085904694e+01
  -1.7320737862577354e+02   5.0580388015707570e+01
  -1.7293114402677139e+02   4.9436823035014207e+01
  -1.7265513767222419e+02   4.7907939614743874e+01
  -1.7237936403821621e+02   4.6424055815828133e+01
  -1.7210382935795406e+02   4.5438896554451638e+01
  -1.7182854187337790e+02   4.5271639803813564e+01
  -1.7155351196109993e+02   4.5968225030053858e+01
  -1.7127875212501368e+02   4.7279441918126338e+01
  -1.7100427685597057e+02   4.8773912926325266e+01
  -1.7073010236693048e+02   5.0000505886197679e+01
  -1.7045624621947775e+02   5.0615238847901416e+01
  -1.7018272686410072e+02   5.0450767431692235e+01
  -1.6990956312177917e+02   4.9542424513295650e+01
  -1.6963677363789267e+02   4.8123351008433971e+01
  -1.6936437634106238e+02   4.6585895963080546e+01
  -1.6909238793917135e+02   4.5393371314101906e+01
  -1.6882082348250810e+02   4.4934735383062076e+01
  -1.6854969601988765e+02   4.5365536548708256e+01
  -1.6827901636797608e+02   4.6534044137445633e+01
  -1.6800879300722497e+02   4.8052064328177408e+01
  -1.6773903211021837e+02   4.9453424674206460e+01
  -1.6746973770031158e+02   5.0340764097815075e+01
  -1.6720091193066872e+02   5.0475637696129915e+01
  -1.6693255546665216e+02   4.9818548796231134e+01
  -1.6666466794840656e+02   4.8534860658377667e+01
  -1.6639724850577412e+02   4.6969688627298659e+01
  -1.6613029629465566e+02   4.5579173762341476e+01
  -1.6586381102276661e+02   4.4803142924089499e+01
  -1.6559779343349373e+02   4.4899619336668806e+01
  -1.6533224571918137e+02   4.5827218159992654e+01
  -1.6506717183950803e+02   4.7265123139056058e+01
  -1.6480257772638006e+02   4.8754063636909173e+01
  -1.6453847136362393e+02   4.9857525022765756e+01
  -1.6427486273728093e+02   5.0273164742247268e+01
  -1.6401176366004771e+02   4.9888107889505207e+01
  -1.6374918748089127e+02   4.8795506470440245e+01
  -1.6348714869765502e+02   4.7281580985716467e+01
  -1.6322566249615562e+02   4.5775578321908306e+01
  -1.6296474424351996e+02   4.4744693579985309e+01
  -1.6270440896607366e+02   4.4534866469354760e+01
  -1.6244467084283664e+02   4.5220601593224686e+01
  -1.6218554274456497e+02   4.6568326483732584e+01
  -1.6192703584538981e+02   4.8143873572814151e+01
  -1.6166915932962479e+02   4.9479845460060901e+01
  -1.6141192021052365e+02   5.0210101276815273e+01
  -1.6115532327102670e+02   5.0144756566520421e+01
  -1.6089937112923855e+02   4.9299865337243531e+01
  -1.6064406442398169e+02   4.7895896426757496e+01
  -1.6038940210869472e+02   4.6323225257658912e+01
  -1.6013538183562386e+02   4.5057980116194038e+01
  -1.5988200040704939e+02   4.4516615366584261e+01
  -1.5962925426650364e+02   4.4887279063188274e+01
  -1.5937714000078827e+02   4.6040324927442121e+01
  -1.5912565482319735e+02   4.7590507653545551e+01
  -1.5887479700971940e+02   4.9059199223724590e+01
  -1.5862456626302503e+02   5.0029627741879864e+01
  -1.5837496398355754e+02   5.0243035671681788e+01
  -1.5812599343275127e+02   4.9641764827326675e+01
  -1.5787765977995664e+02   4.8377438382216923e+01
  -1.5762997003164654e+02   4.6789297861670704e+01
  -1.5738293284850391e+02   4.5340425012419225e+01
  -1.5713655826260782e+02   4.4493643763499499e+01
  -1.5689085731276384e+02   4.4540780319352734e+01
  -1.5664584162071350e+02   4.5469483230983684e+01
  -1.5640152293423563e+02   4.6968795742178102e+01
  -1.5615791266484172e+02   4.8568666379017117e+01
  -1.5591502144777439e+02   4.9809317530488748e+01
  -1.5567285875036822e+02   5.0361298693194428e+01
  -1.5543143255163497e+02   5.0086526887051612e+01
  -1.5519074911140154e+02   4.9058822503407484e+01
  -1.5495081284174540e+02   4.7554795742503927e+01
  -1.5471162628718233e+02   4.6008046315613086e+01
  -1.5447319021344754e+02   4.4906814623044582e+01
  -1.5423550379817439e+02   4.4630710657777428e+01
  -1.5399856491070364e+02   4.5286263947686813e+01
  -1.5376237046300588e+02   4.6654232207974232e+01
  -1.5352691680958156e+02   4.8293092791794002e+01
  -1.5329220017144806e+02   4.9714733219341234e+01
  -1.5305821705808751e+02   5.0529144672150515e+01
  -1.5282496466157389e+02   5.0525527914275756e+01
  -1.5259244119898742e+02   4.9704613349687342e+01
  -1.5236064618254022e+02   4.8278821779593549e+01
  -1.5212958060136017e+02   4.6640372745571476e+01
  -1.5189924700433960e+02   4.5280672368065332e+01
  -1.5166964947950567e+02   4.4645541084393543e+01
  -1.5144079353165293e+02   4.4958138306000521e+01
  -1.5121268586610222e+02   4.6113340095503702e+01
  -1.5098533409205766e+02   4.7729207291633742e+01
  -1.5075874636378114e+02   4.9311635632630264e+01
  -1.5053293098141867e+02   5.0418535785884202e+01
  -1.5030789597558640e+02   5.0763507839908605e+01
  -1.5008364870062505e+02   5.0263661591187720e+01
  -1.4986019546073774e+02   4.9051618733034744e+01
  -1.4963754119108094e+02   4.7458421157919496e+01
  -1.4941568921243478e+02   4.5955193057566341e+01
  -1.4919464107355205e+02   4.5032095289974727e+01
  -1.4897439648995675e+02   4.5021096407815676e+01
  -1.4875495338216481e+02   4.5944210631575103e+01
  -1.4853630801037383e+02   4.7501238262727554e+01
  -1.4831845519697734e+02   4.9207384754321666e+01
  -1.4810138862313843e+02   5.0573724892421495e+01
  -1.4788510118139615e+02   5.1239164229483634e+01
  -1.4766958536313817e+02   5.1038738964735792e+01
  -1.4745483365791395e+02   5.0027886932034740e+01
  -1.4724083894109455e+02   4.8476115735484584e+01
  -1.4702759482731565e+02   4.6824732189312847e+01
  -1.4681509596940847e+02   4.5587871627407701e+01
  -1.4660333828597604e+02   4.5186762848426959e+01
  -1.4639231910519513e+02   4.5770662491160785e+01
  -1.4618203721754998e+02   4.7143932390758188e+01
  -1.4597249283570801e+02   4.8861089811893287e+01
  -1.4576368746531267e+02   5.0410029743435217e+01
  -1.4555562369574571e+02   5.1368794367525282e+01
  -1.4534830492459659e+02   5.1495060680450464e+01
  -1.4514173503339308e+02   5.0763258287410011e+01
  -1.4493591803486865e+02   4.9368746574615223e+01
  -1.4473085771352629e+02   4.7701064251447306e+01
  -1.4452655728141900e+02   4.6269021307563584e+01
  -1.4432301906991762e+02   4.5556922935101355e+01
  -1.4412024427585359e+02   4.5835309490307836e+01
  -1.4391823277696915e+02   4.7031452842021636e+01
  -1.4371698302729462e+02   4.8764161313554688e+01
  -1.4351649203817487e+02   5.0512195728315433e+01
  -1.4331675544547647e+02   5.1793710484849377e+01
  -1.4311776765834455e+02   5.2283437400748490e+01
  -1.4291952208004389e+02   5.1868524731933306e+01
  -1.4272201138719998e+02   5.0665016412386109e+01
  -1.4252522785039872e+02   4.9004025566590300e+01
  -1.4232916367679218e+02   4.7376244918578216e+01
  -1.4213381135422813e+02   4.6310860689939112e+01
  -1.4193916397651756e+02   4.6189011870321927e+01
  -1.4174521553076778e+02   4.7071397019530437e+01
  -1.4155196113014171e+02   4.8667774046718073e+01
  -1.4135939717880663e+02   5.0474702440321700e+01
  -1.4116752145998777e+02   5.1970059493172592e+01
  -1.4097633314269407e+02   5.2758550605592667e+01
  -1.4078583270755223e+02   5.2647326414271454e+01
  -1.4059602179697094e+02   5.1673511298017893e+01
  -1.4040690299928329e+02   5.0100393108664981e+01
  -1.4021847958031304e+02   4.8378643549835814e+01
  -1.4003075517876718e+02   4.7050503112433340e+01
  -1.3984373348379543e+02   4.6580862565457913e+01
  -1.3965741791388723e+02   4.7162148373767074e+01
  -1.3947181131594530e+02   4.8619113526051542e+01
  -1.3928691570193499e+02   5.0494352606213383e+01
  -1.3910273203804252e+02   5.2240603957461538e+01
  -1.3891926009795776e+02   5.3393003492979616e+01
  -1.3873649838792892e+02   5.3670297336028327e+01
  -1.3855444414686596e+02   5.3018846633183216e+01
  -1.3837309342026361e+02   5.1621143554396518e+01
  -1.3819244120233856e+02   4.9872564114148915e+01
  -1.3801248163679742e+02   4.8308941740188388e+01
  -1.3783320826329316e+02   4.7460445372491250e+01
  -1.3765461429409092e+02   4.7648602490002254e+01
  -1.3747669290388174e+02   4.8833467407156682e+01
  -1.3729943751514637e+02   5.0633268921131148e+01
  -1.3712284206199212e+02   5.2498566474182887e+01
  -1.3694690121692699e+02   5.3908586412401498e+01
  -1.3677161056748724e+02   5.4502018477451315e+01
  -1.3659696673284503e+02   5.4139486323598092e+01
  -1.3642296741428203e+02   5.2922684406100011e+01
  -1.3624961137749690e+02   5.1182692768936107e+01
  -1.3607689836886851e+02   4.9427805313096975e+01
  -1.3590482897176213e+02   4.8224977282798207e+01
  -1.3573340441251941e+02   4.8007507784969143e+01
  -1.3556262632869084e+02   4.8882409564299088e+01
  -1.3539249651419269e+02   5.0576277878164376e+01
  -1.3522301665727383e+02   5.2566736143216367e+01
  -1.3505418808740720e+02   5.4289427436501796e+01
  -1.3488601154646514e+02   5.5299951765745632e+01
  -1.3471848699786958e+02   5.5361104162316380e+01
  -1.3455161348492388e+02   5.4477697791347254e+01
  -1.3438538904640944e+02   5.2898497111422309e+01
  -1.3421981069395079e+02   5.1083142884925230e+01
  -1.3405487445184832e+02   4.9610538106627054e+01
  -1.3389057545627358e+02   4.9005693795107447e+01
  -1.3372690810715142e+02   4.9523184823608304e+01
  -1.3356386626292368e+02   5.1020442273368985e+01
  -1.3340144346588716e+02   5.3028111495587041e+01
  -1.3323963318406240e+02   5.4954702079419285e+01
  -1.3307842905468056e+02   5.6281695122338398e+01
  -1.3291782511441102e+02   5.6681450767619957e+01
  -1.3275781600238355e+02   5.6069253322897687e+01
  -1.3259839712382001e+02   5.4615163668492755e+01
  -1.3243956476456916e+02   5.2723143706105716e+01
  -1.3228131614987129e+02   5.0961392419195548e+01
  -1.3212364944409336e+02   4.9915791141041971e+01
  -1.3196656369174102e+02   4.9973962105857950e+01
  -1.3181005870357487e+02   5.1144414088032072e+01
  -1.3165413489491121e+02   5.3052760743749452e+01
  -1.3149879308597968e+02   5.5117542253602487e+01
  -1.3134403427638873e+02   5.6765690553741393e+01
  -1.3118985940717855e+02   5.7581434227465195e+01
  -1.3103626912455283e+02   5.7379523826151917e+01
  -1.3088326355914515e+02   5.6230662987311696e+01
  -1.3073084213361997e+02   5.4455388162582196e+01
  -1.3057900340960720e+02   5.2578257066316624e+01
  -1.3042774498253954e+02   5.1213682997878642e+01
  -1.3027706343006315e+02   5.0866241249452393e+01
  -1.3012695431649789e+02   5.1709734543362771e+01
  -1.2997741225253696e+02   5.3497646053601869e+01
  -1.2982843100618479e+02   5.5683254360098296e+01
  -1.2968000365803937e+02   5.7644970455435228e+01
  -1.2953212279157967e+02   5.8874074201516294e+01
  -1.2938478070727922e+02   5.9079445670967061e+01
  -1.2923796964821631e+02   5.8230951863767508e+01
  -1.2909168202445690e+02   5.6565507653880019e+01
  -1.2894591062385413e+02   5.4557370209575048e+01
  -1.2880064879800474e+02   5.2829848570094384e+01
  -1.2865589061384756e+02   5.1979613649492819e+01
  -1.2851163096366625e+02   5.2340171924062041e+01
  -1.2836786562891970e+02   5.3819513748986111e+01
  -1.2822459129619810e+02   5.5947440893375365e+01
  -1.2808180552651444e+02   5.8088878952907365e+01
  -1.2793950668190615e+02   5.9663443278629039e+01
  -1.2779769381577574e+02   6.0282834368258825e+01
  -1.2765636653539573e+02   5.9813340915526894e+01
  -1.2751552484642826e+02   5.8393916772052918e+01
  -1.2737516899008349e+02   5.6421873780719416e+01
  -1.2723529928363187e+02   5.4491505513622755e+01
  -1.2709591597440109e+02   5.3252372359234478e+01
  -1.2695701911617554e+02   5.3180361241545320e+01
  -1.2681860847517093e+02   5.4357502902950699e+01
  -1.2668068347059160e+02   5.6427517880098094e+01
  -1.2654324315234638e+02   5.8766293031490989e+01
  -1.2640628621595299e+02   6.0724129645541439e+01
  -1.2626981105217028e+02   6.1804941703904092e+01
  -1.2613381582661617e+02   6.1758902163665667e+01
  -1.2599829858270192e+02   6.0617981162504314e+01
  -1.2586325735975812e+02   5.8695606626971191e+01
  -1.2572869031732829e+02   5.6545359973219256e+01
  -1.2559459585631855e+02   5.4848604763386795e+01
  -1.2546097272802393e+02   5.4204197890771319e+01
  -1.2532782012297554e+02   5.4873539620210998e+01
  -1.2519513773300500e+02   5.6648165252895680e+01
  -1.2506292578180437e+02   5.8956333641608794e+01
  -1.2493118502144233e+02   6.1112078596663153e+01
  -1.2479991669464215e+02   6.2534661170443982e+01
  -1.2466912246497432e+02   6.2872517580131849e+01
  -1.2453880431931931e+02   6.2054243066928983e+01
  -1.2440896444886361e+02   6.0298189093386718e+01
  -1.2427960511638737e+02   5.8087776247997851e+01
  -1.2415072851858305e+02   5.6090664583330330e+01
  -1.2402233665255184e+02   5.4984912712996902e+01
  -1.2389443119542894e+02   5.5201275843153041e+01
  -1.2376701340530354e+02   5.6714213533368628e+01
  -1.2364008405027899e+02   5.9053421282120119e+01
  -1.2351364337074057e+02   6.1523893726596214e+01
  -1.2338769107778101e+02   6.3457857055386413e+01
  -1.2326222638841165e+02   6.4380697423425602e+01
  -1.2313724809580452e+02   6.4090144590334049e+01
  -1.2301275467051939e+02   6.2684072785565313e+01
  -1.2288874438661374e+02   6.0554203834659042e+01
  -1.2276521546484368e+02   5.8332884661490041e+01
  -1.2264216622394343e+02   5.6754640491843183e+01
  -1.2251959523029903e+02   5.6409822493725905e+01
  -1.2239750143625312e+02   5.7475831933030364e+01
  -1.2227588429779439e+02   5.9622734586248839e+01
  -1.2215474386347385e+02   6.2179233080479726e+01
  -1.2203408082797863e+02   6.4410812754987958e+01
  -1.2191389654579294e+02   6.5735688878015253e+01
  -1.2179419300265846e+02   6.5836841458104402e+01
  -1.2167497274497998e+02   6.4704520296890493e+01
  -1.2155623876974997e+02   6.2639604273058353e+01
  -1.2143799437985135e+02   6.0218618347723755e+01
  -1.2132024301159198e+02   5.8189983185130863e+01
  -1.2120298804291238e+02   5.7261705145912089e+01
  -1.2108623259179599e+02   5.7812221977932140e+01
  -1.2096997931493252e+02   5.9698966339999650e+01
  -1.2085423021661317e+02   6.2332619566523377e+01
  -1.2073898647718461e+02   6.4945746498310385e+01
  -1.2062424830919544e+02   6.6851826560839811e+01
  -1.2051001484772249e+02   6.7598506502079502e+01
  -1.2039628407936023e+02   6.7035240433932586e+01
  -1.2028305281213427e+02   6.5334690562583475e+01
  -1.2017031668628563e+02   6.2980442808016733e+01
  -1.2005807022362153e+02   6.0699043188693764e+01
  -1.1994630691106786e+02   5.9288250131105556e+01
  -1.1983501931231993e+02   5.9326496144153126e+01
  -1.1972419920016540e+02   6.0891456614910517e+01
  -1.1961383770122922e+02   6.3514338223791462e+01
  -1.1950392544459895e+02   6.6411468643009329e+01
  -1.1939445270604472e+02   6.8790777953057912e+01
  -1.1928540954032358e+02   7.0064179670672360e+01
  -1.1917678589529108e+02   6.9950336359099623e+01
  -1.1906857170315476e+02   6.8511992862021472e+01
  -1.1896075694607677e+02   6.6154835024498240e+01
  -1.1885333169534528e+02   6.3579061150427357e+01
  -1.1874628612535433e+02   6.1640141685842970e+01
  -1.1863961050551954e+02   6.1077722134304217e+01
  -1.1853329517489811e+02   6.2185626194337416e+01
  -1.1842733050556123e+02   6.4656205981259703e+01
  -1.1832170686160451e+02   6.7743371321050105e+01
  -1.1821641456102800e+02   7.0588796881331064e+01
  -1.1811144384754081e+02   7.2486052872642361e+01
  -1.1800678487867143e+02   7.3019636573376289e+01
  -1.1790242773542774e+02   7.2120987941649915e+01
  -1.1779836245723573e+02   7.0081880389926653e+01
  -1.1769457910408767e+02   6.7528962263350465e+01
  -1.1759106784587277e+02   6.5323061071820348e+01
  -1.1748781907687281e+02   6.4326129366551797e+01
  -1.1738482355151811e+02   6.5051294281899047e+01
  -1.1728207253583611e+02   6.7396259931095841e+01
  -1.1717955796770228e+02   7.0694454664920514e+01
  -1.1707727261810712e+02   7.4030031830125708e+01
  -1.1697521024524879e+02   7.6561642659119457e+01
  -1.1687336573337267e+02   7.7719533876966125e+01
  -1.1677173520891378e+02   7.7294618460096601e+01
  -1.1667031612760670e+02   7.5468564368006767e+01
  -1.1656910732774841e+02   7.2802404224634586e+01
  -1.1646810904663540e+02   7.0159270949738385e+01
  -1.1636732289922320e+02   6.8503322203313317e+01
  -1.1626675182015019e+02   6.8551599731943327e+01
  -1.1616639997228366e+02   7.0427425538289555e+01
  -1.1606627262675188e+02   7.3594494766056968e+01
  -1.1596637602090391e+02   7.7131338261217635e+01
  -1.1586671720168191e+02   8.0099636456444955e+01
  -1.1576730386243557e+02   8.1797453201257468e+01
  -1.1566814418120764e+02   8.1879659505249052e+01
  -1.1556924666798037e+02   8.0401805185544902e+01
  -1.1547062002732659e+02   7.7821898709519019e+01
  -1.1537227304142931e+02   7.4950619334018569e+01
  -1.1527421447661992e+02   7.2797218037646388e+01
  -1.1517645301457337e+02   7.2256095298271717e+01
  -1.1507899720721674e+02   7.3709352385442941e+01
  -1.1498185545242150e+02   7.6820801845253612e+01
  -1.1488503598579484e+02   8.0711262018862158e+01
  -1.1478854688249515e+02   8.4344789176968220e+01
  -1.1469239606208802e+02   8.6852482890852087e+01
  -1.1459659128909850e+02   8.7708772964328276e+01
  -1.1450114016215990e+02   8.6805888504889111e+01
  -1.1440605008549392e+02   8.4473808591194512e+01
  -1.1431132821785739e+02   8.1450877473667234e+01
  -1.1421698139596135e+02   7.8764083315399546e+01
  -1.1412301603160012e+02   7.7453908773005509e+01
  -1.1402943798416747e+02   7.8160201696820835e+01
  -1.1393625241271626e+02   8.0799136995637198e+01
  -1.1384346361405336e+02   8.4610745710405041e+01
  -1.1375107485537467e+02   8.8525672448490937e+01
  -1.1365908821147137e+02   9.1550704486671478e+01
  -1.1356750441742857e+02   9.3004167817019692e+01
  -1.1347632274789959e+02   9.2619976552230455e+01
  -1.1338554093340169e+02   9.0581862575454011e+01
  -1.1329515512264325e+02   8.7514351057954585e+01
  -1.1320515989770203e+02   8.4407676621363024e+01
  -1.1311554834603044e+02   8.2409304504035930e+01
  -1.1302631218991523e+02   8.2436520174245828e+01
  -1.1293744197035882e+02   8.4748021229688504e+01
  -1.1284892727859324e+02   8.8801515114201550e+01
  -1.1276075702482592e+02   9.3526964824359425e+01
  -1.1267291973058812e+02   9.7760968579758696e+01
  -1.1258540382842963e+02   1.0057339453743306e+02
  -1.1249819795089323e+02   1.0143958067512439e+02
  -1.1241129118984900e+02   1.0031861494579142e+02
  -1.1232467330749736e+02   9.7680404402957706e+01
  -1.1223833488170328e+02   9.4471601575624234e+01
  -1.1215226737079068e+02   9.1953768928193924e+01
  -1.1206646308643073e+02   9.1329848519261631e+01
  -1.1198091506765327e+02   9.3219033955571277e+01
  -1.1189561685409963e+02   9.7320214313883397e+01
  -1.1181056216216157e+02   1.0256881268618672e+02
  -1.1172574447332526e+02   1.0762466962304434e+02
  -1.1164115654953905e+02   1.1131852300382397e+02
  -1.1155678989543031e+02   1.1290861988886128e+02
  -1.1147263419138628e+02   1.1219551120019034e+02
  -1.1138867672460569e+02   1.0956150695396958e+02
  -1.1130490184698549e+02   1.0594820353700494e+02
  -1.1122129048895471e+02   1.0272004425783473e+02
  -1.1113781975701936e+02   1.0131664885548258e+02
  -1.1105446263983686e+02   1.0268881363966400e+02
  -1.1097118784318484e+02   1.0681482681211024e+02
  -1.1088795976841824e+02   1.1271249998432845e+02
  -1.1080473864218801e+02   1.1891994759341058e+02
  -1.1072148079766013e+02   1.2403221415836842e+02
  -1.1063813909962438e+02   1.2704458467767762e+02
  -1.1055466349813337e+02   1.2752226652108573e+02
  -1.1047100168809334e+02   1.2567897804220124e+02
  -1.1038709984595289e+02   1.2239360376260802e+02
  -1.1030290340966773e+02   1.1911560575105892e+02
  -1.1021835786477874e+02   1.1753949683748947e+02
  -1.1013340949795312e+02   1.1898119361485779e+02
  -1.1004800607986043e+02   1.2371459753179620e+02
  -1.0996209744183065e+02   1.3080292298440321e+02
  -1.0987563591532631e+02   1.3856892941477398e+02
  -1.0978857660970046e+02   1.4526438904765538e+02
  -1.0970087751176061e+02   1.4955278605748026e+02
  -1.0961249939997411e+02   1.5076472479005423e+02
  -1.0952340557631504e+02   1.4901843515595721e+02
  -1.0943356142927713e+02   1.4525547080211288e+02
  -1.0934293385193605e+02   1.4115242466915279e+02
  -1.0925149054857836e+02   1.3877706611412546e+02
  -1.0915919927178204e+02   1.3987734843250033e+02
  -1.0906602703842246e+02   1.4503729864807289e+02
  -1.0897193937744494e+02   1.5334400076602998e+02
  -1.0887689966405239e+02   1.6286366532376917e+02
  -1.0878086859398370e+02   1.7145328114802399e+02
  -1.0868380384773633e+02   1.7738691822089598e+02
  -1.0858565998800206e+02   1.7970987053389010e+02
  -1.0848638862447541e+02   1.7843826997047145e+02
  -1.0838593886895298e+02   1.7467343790130218e+02
  -1.0828425809077017e+02   1.7056282948303240e+02
  -1.0818129296872263e+02   1.6887237083477555e+02
  -1.0807699082134314e+02   1.7193857709764040e+02
  -1.0797130118341578e+02   1.8035859687680741e+02
  -1.0786417758354612e+02   1.9250207198223796e+02
  -1.0775557946605400e+02   2.0530474774140347e+02
  -1.0764547419090830e+02   2.1554073574940224e+02
  -1.0753383903828393e+02   2.2080402771709620e+02
  -1.0742066313987853e+02   2.2010841825128827e+02
  -1.0730594925756581e+02   2.1423203054083800e+02
  -1.0718971533137245e+02   2.0577487576307738e+02
  -1.0707199572313465e+02   1.9863062834232881e+02
  -1.0695284208943704e+02   1.9646990410194746e+02
  -1.0683232382739538e+02   2.0061562421063695e+02
  -1.0671052804928262e+02   2.0911134327376735e+02
  -1.0658755905661344e+02   2.1803637953435964e+02
  -1.0646353730070733e+02   2.2360960512331226e+02
  -1.0633859783448852e+02   2.2350811348859381e+02
  -1.0621288827879637e+02   2.1727442115063363e+02
  -1.0608656634513943e+02   2.0622237636786772e+02
  -1.0595979697491565e+02   1.9307121907971239e+02
  -1.0583274917186918e+02   1.8127288887265155e+02
  -1.0570559261915591e+02   1.7387910242697041e+02
  -1.0557849418406177e+02   1.7216248636327870e+02
  -1.0545161442143139e+02   1.7498206317795029e+02
  -1.0532510419061846e+02   1.7959410930059650e+02
  -1.0519910149983156e+02   1.8310332634338030e+02
  -1.0507372868591874e+02   1.8344547397708700e+02
  -1.0494909002696889e+02   1.7972252807991163e+02
  -1.0482526986994282e+02   1.7219802345092890e+02
  -1.0470233133650063e+02   1.6217544930102076e+02
  -1.0458031564812116e+02   1.5178996925052192e+02
  -1.0445924208757715e+02   1.4357847207976894e+02
  -1.0433910858902935e+02   1.3964701947744004e+02
  -1.0421989292467123e+02   1.4063686937216136e+02
  -1.0410155443321305e+02   1.4532563714536232e+02
  -1.0398403621562997e+02   1.5133026554213191e+02
  -1.0386726770744139e+02   1.5621376449345152e+02
  -1.0375116752501890e+02   1.5822600639240443e+02
  -1.0363564647646670e+02   1.5661121036097089e+02
  -1.0352061062562709e+02   1.5169757185222647e+02
  -1.0340596430062510e+02   1.4488381650513170e+02
  -1.0329161294572314e+02   1.3846108947802406e+02
  -1.0317746572655652e+02   1.3504490414065071e+02
  -1.0306343781335683e+02   1.3648292449063990e+02
  -1.0294945228372501e+02   1.4280934142433043e+02
  -1.0283544160501165e+02   1.5227607837855152e+02
  -1.0272134867551483e+02   1.6240842290873559e+02
  -1.0260712742263934e+02   1.7105751339381365e+02
  -1.0249274297407075e+02   1.7695068401544984e+02
  -1.0237817143417246e+02   1.7987766082110258e+02
  -1.0226339931159754e+02   1.8069718239440792e+02
  -1.0214842265502919e+02   1.8118455362160344e+02
  -1.0203324596167299e+02   1.8361397727784569e+02
  -1.0191788092742576e+02   1.9000685334007994e+02
  -1.0180234510850937e+02   2.0129555136081544e+02
  -1.0168666056189645e+02   2.1695914478383088e+02
  -1.0157085252635832e+02   2.3538665889251041e+02
  -1.0145494819784251e+02   2.5460781092656092e+02
  -1.0133897564267731e+02   2.7293368406848634e+02
  -1.0122296288043087e+02   2.8935807501424546e+02
  -1.0110693715580557e+02   3.0376210585752392e+02
  -1.0099092440642622e+02   3.1695985748718562e+02
  -1.0087494892146439e+02   3.3055837295830571e+02
  -1.0075903317535492e+02   3.4658064796702331e+02
  -1.0064319781193134e+02   3.6687597480311996e+02
  -1.0052746174754574e+02   3.9250951175532714e+02
  -1.0041184235741069e+02   4.2342700891427808e+02
  -1.0029635570762871e+02   4.5856230890757746e+02
  -1.0018101679611225e+02   4.9629123384711016e+02
  -1.0006583976868008e+02   5.3499679233977963e+02
  -9.9950838081720136e+01   5.7355895814051291e+02
  -9.9836024589534617e+01   6.1168156514030954e+02
  -9.9721411542331467e+01   6.5002209553349212e+02
  -9.9607010489266500e+01   6.9010389106513981e+02
  -9.9492832089414534e+01   7.3400923292814923e+02
  -9.9378885841528160e+01   7.8390636603263874e+02
  -9.9265179750437525e+01   8.4154267567264071e+02
  -9.9151719953541814e+01   9.0788152191867255e+02
  -9.9038510334723114e+01   9.8301441050798201e+02
  -9.8925552154968102e+01   1.0663594657378856e+03
  -9.8812843728927319e+01   1.1570457845199383e+03
  -9.8700380174605755e+01   1.2543437841061873e+03
  -9.8588153259527814e+01   1.3580249976677474e+03
  -9.8476151361306648e+01   1.4685782933052355e+03
  -9.8364359553936893e+01   1.5872475664487724e+03
  -9.8252759823738288e+01   1.7158886531613946e+03
  -9.8141331411172047e+01   1.8566785186408672e+03
  -9.8030051267213011e+01   2.0117469563919581e+03
  -9.7918894606046976e+01   2.1828266490394535e+03
  -9.7807835529996439e+01   2.3710149351676641e+03
  -9.7696847698108840e+01   2.5767056252102807e+03
  -9.7585905007031712e+01   2.7996959560069213e+03
  -9.7474982251810019e+01   3.0394254618476070e+03
  -9.7364055735119607e+01   3.2952764836750289e+03
  -9.7253103796139811e+01   3.5668626475632550e+03
  -9.7142107234593851e+01   3.8542450722936401e+03
  -9.7031049611191023e+01   4.1580381367768005e+03
  -9.6919917412444491e+01   4.4793917932166387e+03
  -9.6808700075217644e+01   4.8198621899091504e+03
  -9.6697389873937624e+01   5.1812034898936272e+03
  -9.6585981680767716e+01   5.5651274237280295e+03
  -9.6474472615726114e+01   5.9730800221771597e+03
  -9.6362861609399459e+01   6.4060762852579110e+03
  -9.6251148905202101e+01   6.8646159205975382e+03
  -9.6139335530842615e+01   7.3486821543218812e+03
  -9.6027422769633617e+01   7.8578069676460873e+03
  -9.5915411661478316e+01   8.3911742145877470e+03
  -9.5803302560853822e+01   8.9477284121337398e+03
  -9.5691094775047475e+01   9.5262606286024511e+03
  -9.5578786300549723e+01   1.0125451593354719e+04
  -9.5466373669185231e+01   1.0743863448994611e+04
  -9.5353851908666684e+01   1.1379883308420754e+04
  -9.5241214615191268e+01   1.2031632200589491e+04
  -9.5128454128893907e+01   1.2696860678603211e+04
  -9.5015561796825054e+01   1.3372856208649522e+04
  -9.4902528302997482e+01   1.4056386853085922e+04
  -9.4789344041239744e+01   1.4743700766384851e+04
  -9.4675999504322789e+01   1.5430592503692991e+04
  -9.4562485662213149e+01   1.6112536645017173e+04
  -9.4448794303374470e+01   1.6784878687002889e+04
  -9.4334918315713608e+01   1.7443064373241123e+04
  -9.4220851887877231e+01   1.8082883027288488e+04
  -9.4106590616891367e+01   1.8700698688946220e+04
  -9.3992131514281013e+01   1.9293644888413008e+04
  -9.3877472909424142e+01   1.9859764076574113e+04
  -9.3762614255595622e+01   2.0398080002092735e+04
  -9.3647555850518827e+01   2.0908599452801900e+04
  -9.3532298488892309e+01   2.1392247608694470e+04
  -9.3416843068940082e+01   2.1850747764945445e+04
  -9.3301190178274268e+01   2.2286460702872228e+04
  -9.3185339686047882e+01   2.2702201142156704e+04
  -9.3069290368414514e+01   2.3101048501050856e+04
  -9.2953039592680483e+01   2.3486166912196641e+04
  -9.2836583082338862e+01   2.3860645646845242e+04
  -9.2719914780584560e+01   2.4227366534857552e+04
  -9.2603026824209920e+01   2.4588900374379085e+04
  -9.2485909633299059e+01   2.4947430528737023e+04
  -9.2368552115267136e+01   2.5304699425506973e+04
  -9.2250941974931337e+01   2.5661972883732258e+04
  -9.2133066115866285e+01   2.6020018031627762e+04
  -9.2014911112663981e+01   2.6379092706405787e+04
  -9.1896463729225573e+01   2.6738946899760645e+04
  -9.1777711455123821e+01   2.7098839270505738e+04
  -9.1658643030576812e+01   2.7457573127800817e+04
  -9.1539248930755022e+01   2.7813556145540850e+04
  -9.1419521782007621e+01   2.8164886239824365e+04
  -9.1299456686028748e+01   2.8509462899757193e+04
  -9.1179051432812827e+01   2.8845119476392272e+04
  -9.1058306589189584e+01   2.9169768351889354e+04
  -9.0937225456461476e+01   2.9481548302996543e+04
  -9.0815813897802727e+01   2.9778962199089845e+04
  -9.0694080043227103e+01   3.0060993647477782e+04
  -9.0572033886677431e+01   3.0327193035874127e+04
  -9.0449686795759277e+01   3.0577726219989581e+04
  -9.0327050959487650e+01   3.0813382298123754e+04
  -9.0204138802858040e+01   3.1035539954972097e+04
  -9.0080962398896034e+01   3.1246094396218254e+04
  -8.9957532908965490e+01   3.1447348751072961e+04
  -8.9833860080511656e+01   3.1641875093856390e+04
  -8.9709951828172890e+01   3.1832351171196340e+04
  -8.9585813919486540e+01   3.2021379938012102e+04
  -8.9461449780514940e+01   3.2211300411470249e+04
  -8.9336860429957795e+01   3.2404000360831335e+04
  -8.9212044543087785e+01   3.2600743762837850e+04
  -8.9086998639562879e+01   3.2802028292428360e+04
  -8.8961717382245851e+01   3.3007489482568708e+04
  -8.8836193968002377e+01   3.3215867695626410e+04
  -8.8710420586398598e+01   3.3425050834906258e+04
  -8.8584388918567981e+01   3.3632199661789258e+04
  -8.8458090646470012e+01   3.3833953976237091e+04
  -8.8331517942426146e+01   3.4026708036311269e+04
  -8.8204663910211792e+01   3.4206933940436524e+04
  -8.8077522952010185e+01   3.4371524034845068e+04
  -8.7950091040027345e+01   3.4518118975401325e+04
  -8.7822365877247833e+01   3.4645387709962270e+04
  -8.7694346938372320e+01   3.4753229236047191e+04
  -8.7566035389017983e+01   3.4842872993614714e+04
  -8.7437433888399838e+01   3.4916864135444848e+04
  -8.7308546287520912e+01   3.4978930523947085e+04
  -8.7179377241005739e+01   3.5033739088871349e+04
  -8.7049931755755608e+01   3.5086559209506406e+04
  -8.6920214703306570e+01   3.5142859443773603e+04
  -8.6790230324918156e+01   3.5207870598339156e+04
  -8.6659981758887298e+01   3.5286152445213665e+04
  -8.6529470618348626e+01   3.5381202795649995e+04
  -8.6398696644959784e+01   3.5495145819884223e+04
  -8.6267657459541496e+01   3.5628531126401504e+04
  -8.6136348425208922e+01   3.5780266291897475e+04
  -8.6004762632102455e+01   3.5947693740353818e+04
  -8.5872891005891276e+01   3.6126809130607406e+04
  -8.5740722535169127e+01   3.6312604146809550e+04
  -8.5608244606109750e+01   3.6499503394844854e+04
  -8.5475443426680698e+01   3.6681854600869839e+04
  -8.5342304517679466e+01   3.6854424808866104e+04
  -8.5208813244139833e+01   3.7012853625773758e+04
  -8.5074955358465772e+01   3.7154018263539176e+04
  -8.4940717526103583e+01   3.7276273951001618e+04
  -8.4806087805680619e+01   3.7379546520603646e+04
  -8.4671056058245597e+01   3.7465270380070666e+04
  -8.4535614264376775e+01   3.7536182699911980e+04
  -8.4399756733235279e+01   3.7596001365564429e+04
  -8.4263480193814317e+01   3.7649027606378724e+04
  -8.4126783765321349e+01   3.7699722172734517e+04
  -8.3989668810431496e+01   3.7752305066655492e+04
  -8.3852138681692182e+01   3.7810422911583017e+04
  -8.3714198377249090e+01   3.7876916019823657e+04
  -8.3575854126992240e+01   3.7953701329736745e+04
  -8.3437112933885928e+01   3.8041770442346882e+04
  -8.3297982097466289e+01   3.8141286821999820e+04
  -8.3158468747134748e+01   3.8251755036795083e+04
  -8.3018579411914644e+01   3.8372228757020624e+04
  -8.2878319650851893e+01   3.8501523196754184e+04
  -8.2737693764359051e+01   3.8638400957481099e+04
  -8.2596704601785746e+01   3.8781706842162916e+04
  -8.2455353474623976e+01   3.8930436125503154e+04
  -8.2313640178390173e+01   3.9083731116743198e+04
  -8.2171563119731218e+01   3.9240811985860259e+04
  -8.2029119539069683e+01   3.9400858718292315e+04
  -8.1886305813493280e+01   3.9562870422790082e+04
  -8.1743117819933289e+01   3.9725534470352708e+04
  -8.1599551335239155e+01   3.9887139261974000e+04
  -8.1455602447721304e+01   4.0045559789902502e+04
  -8.1311267954237806e+01   4.0198334371264849e+04
  -8.1166545717935463e+01   4.0342835467721023e+04
  -8.1021434964265438e+01   4.0476519952449627e+04
  -8.0875936496725870e+01   4.0597228061004578e+04
  -8.0730052818685706e+01   4.0703488721463305e+04
  -8.0583788153340251e+01   4.0794784467784673e+04
  -8.0437148359986210e+01   4.0871732401736401e+04
  -8.0290140751021582e+01   4.0936148109458351e+04
  -8.0142773820005900e+01   4.0990975036506810e+04
  -7.9995056896411626e+01   4.1040080122730229e+04
  -7.9846999747038936e+01   4.1087934636693433e+04
  -7.9698612147216267e+01   4.1139214752872147e+04
  -7.9549903446660352e+01   4.1198367421169765e+04
  -7.9400882155151777e+01   4.1269192166246241e+04
  -7.9251555571955706e+01   4.1354488004737788e+04
  -7.9101929480271650e+01   4.1455806789484755e+04
  -7.8952007924093721e+01   4.1573340982793081e+04
  -7.8801793079927535e+01   4.1705956912572809e+04
  -7.8651285230144524e+01   4.1851366208841697e+04
  -7.8500482838698943e+01   4.2006410961162263e+04
  -7.8349382723842396e+01   4.2167424526124363e+04
  -7.8197980316714535e+01   4.2330621572545213e+04
  -7.8046269989606984e+01   4.2492469027515799e+04
  -7.7894245433595714e+01   4.2649994202322123e+04
  -7.7741900062353920e+01   4.2800996873528675e+04
  -7.7589227417471946e+01   4.2944147078204813e+04
  -7.7436221550604529e+01   4.3078967798945538e+04
  -7.7282877359239151e+01   4.3205718911745505e+04
  -7.7129190855750622e+01   4.3325213013635133e+04
  -7.6975159353495201e+01   4.3438602491382364e+04
  -7.6820781558767365e+01   4.3547178688339765e+04
  -7.6666057563189113e+01   4.3652217894585199e+04
  -7.6510988737182601e+01   4.3754896353414624e+04
  -7.6355577531230665e+01   4.3856280110884298e+04
  -7.6199827197299371e+01   4.3957378873455040e+04
  -7.6043741447733950e+01   4.4059239442921949e+04
  -7.5887324072863379e+01   4.4163046403165470e+04
  -7.5730578541207962e+01   4.4270196666819909e+04
  -7.5573507607427459e+01   4.4382320026402769e+04
  -7.5416112952894821e+01   4.4501228441791631e+04
  -7.5258394882035489e+01   4.4628790499244285e+04
  -7.5100352094445128e+01   4.4766741800664771e+04
  -7.4941981548460532e+01   4.4916454961327530e+04
  -7.4783278426565857e+01   4.5078702505819310e+04
  -7.4624236207081054e+01   4.5253450728185111e+04
  -7.4464846840346212e+01   4.5439721604490194e+04
  -7.4305101021453694e+01   4.5635552821116034e+04
  -7.4144988545849429e+01   4.5838073396268053e+04
  -7.3984498729166830e+01   4.6043696124265429e+04
  -7.3823620868759306e+01   4.6248410269394466e+04
  -7.3662344721792962e+01   4.6448141929849320e+04
  -7.3500660973605193e+01   4.6639137898856381e+04
  -7.3338561670392565e+01   4.6818323936947898e+04
  -7.3176040592148411e+01   4.6983591200974028e+04
  -7.3013093545019998e+01   4.7133974653043078e+04
  -7.2849718556704829e+01   4.7269703108171416e+04
  -7.2685915963907846e+01   4.7392119408702136e+04
  -7.2521688386914661e+01   4.7503487945584879e+04
  -7.2357040592656801e+01   4.7606722223297082e+04
  -7.2191979253888945e+01   4.7705074750094434e+04
  -7.2026512617899371e+01   4.7801833757330758e+04
  -7.1860650103203099e+01   4.7900065936200539e+04
  -7.1694401846627784e+01   4.8002432756192800e+04
  -7.1527778225869397e+01   4.8111092628086015e+04
  -7.1360789383813596e+01   4.8227685028788685e+04
  -7.1193444780615081e+01   4.8353378995017410e+04
  -7.1025752797731570e+01   4.8488959278663628e+04
  -7.0857720414913913e+01   4.8634920284082233e+04
  -7.0689352976758684e+01   4.8791540650821633e+04
  -7.0520654060086144e+01   4.8958919195877374e+04
  -7.0351625447434543e+01   4.9136964028195391e+04
  -7.0182267205707703e+01   4.9325339141376186e+04
  -7.0012577862849852e+01   4.9523384312866008e+04
  -6.9842554669707440e+01   4.9730032693209214e+04
  -6.9672193929313522e+01   4.9943754347357593e+04
  -6.9501491371980606e+01   5.0162552130423544e+04
  -6.9330442552039287e+01   5.0384028594369374e+04
  -6.9159043240965076e+01   5.0605530267956077e+04
  -6.8987289792047179e+01   5.0824360620776599e+04
  -6.8815179453655446e+01   5.1038038453316309e+04
  -6.8642710611426168e+01   5.1244567082966547e+04
  -6.8469882944134284e+01   5.1442674106478167e+04
  -6.8296697483365477e+01   5.1631983122253339e+04
  -6.8123156573041882e+01   5.1813087301231186e+04
  -6.7949263731030214e+01   5.1987508875628191e+04
  -6.7775023421098254e+01   5.2157545935761736e+04
  -6.7600440749041695e+01   5.2326025145281907e+04
  -6.7425521101521923e+01   5.2495993437022909e+04
  -6.7250269749782163e+01   5.2670390549119111e+04
  -6.7074691442705259e+01   5.2851746264477246e+04
  -6.6898790014516692e+01   5.3041941019812490e+04
  -6.6722568031757035e+01   5.3242057346276262e+04
  -6.6546026501998028e+01   5.3452334412665688e+04
  -6.6369164663267753e+01   5.3672221710185971e+04
  -6.6191979868493590e+01   5.3900513287547241e+04
  -6.6014467573738969e+01   5.4135533413623671e+04
  -6.5836621432922101e+01   5.4375339613993157e+04
  -6.5658433495420169e+01   5.4617910119085223e+04
  -6.5479894496855749e+01   5.4861289531426592e+04
  -6.5300994227779867e+01   5.5103677332693544e+04
  -6.5121721960255982e+01   5.5343456917635121e+04
  -6.4942066908771636e+01   5.5579175657078260e+04
  -6.4762018699686308e+01   5.5809496651380396e+04
  -6.4581567822691412e+01   5.6033148392455114e+04
  -6.4400706038564294e+01   5.6248898220074450e+04
  -6.4219426719797454e+01   5.6455569232803493e+04
  -6.4037725104348269e+01   5.6652109288743326e+04
  -6.3855598447581542e+01   5.6837707294492007e+04
  -6.3673046063181047e+01   5.7011938976283753e+04
  -6.3490069250070768e+01   5.7174914686126271e+04
  -6.3306671108842778e+01   5.7327397668853453e+04
  -6.3122856257469387e+01   5.7470863545924563e+04
  -6.2938630461817972e+01   5.7607480228609988e+04
  -6.2754000201355801e+01   5.7740000288030969e+04
  -6.2568972194144905e+01   5.7871572605484485e+04
  -6.2383552907571371e+01   5.8005494010035974e+04
  -6.2197748082087465e+01   5.8144932141089783e+04
  -6.2011562294522967e+01   5.8292655843785193e+04
  -6.1824998585280383e+01   5.8450808528492926e+04
  -6.1638058170100528e+01   5.8620752899729647e+04
  -6.1450740252273967e+01   5.8803004079811275e+04
  -6.1263041945462085e+01   5.8997254254114458e+04
  -6.1074958311007940e+01   5.9202478125097361e+04
  -6.0886482507122736e+01   5.9417097200541910e+04
  -6.0697606041007425e+01   5.9639173883463911e+04
  -6.0508319109171481e+01   5.9866604767962112e+04
  -6.0318611006281465e+01   6.0097286280912500e+04
  -6.0128470579083718e+01   6.0329234144259877e+04
  -5.9937886699524960e+01   6.0560649310254026e+04
  -5.9746848730269654e+01   6.0789934853412560e+04
  -5.9555346956430732e+01   6.1015678539058688e+04
  -5.9363372959458658e+01   6.1236622293045599e+04
  -5.9170919912629842e+01   6.1451641175599885e+04
  -5.8977982782241931e+01   6.1659750455433714e+04
  -5.8784558424180688e+01   6.1860150635599435e+04
  -5.8590645571643236e+01   6.2052308964478660e+04
  -5.8396244716128628e+01   6.2236064395477741e+04
  -5.8201357889977693e+01   6.2411734011569577e+04
  -5.8005988364381487e+01   6.2580194600353367e+04
  -5.7810140281587941e+01   6.2742914418644512e+04
  -5.7613818243707364e+01   6.2901917140576676e+04
  -5.7417026882870317e+01   6.3059671005369586e+04
  -5.7219770438375235e+01   6.3218909302450033e+04
  -5.7022052365842896e+01   6.3382400801510143e+04
  -5.6823875001313390e+01   6.3552698335807581e+04
  -5.6625239299796945e+01   6.3731898637415732e+04
  -5.6426144663250199e+01   6.3921445648618093e+04
  -5.6226588867537323e+01   6.4122003314744987e+04
  -5.6026568092005270e+01   6.4333413209083388e+04
  -5.5826077049173541e+01   6.4554739345359238e+04
  -5.5625109206100738e+01   6.4784389469142981e+04
  -5.5423657083570696e+01   6.5020291304587234e+04
  -5.5221712614671617e+01   6.5260095664334716e+04
  -5.5019267540883241e+01   6.5501376715831968e+04
  -5.4816313821637870e+01   6.5741803611962692e+04
  -5.4612844032609551e+01   6.5979265750472041e+04
  -5.4408851728739940e+01   6.6211944874393565e+04
  -5.4204331750187819e+01   6.6438338579965290e+04
  -5.3999280452849440e+01   6.6657249353561157e+04
  -5.3793695849639448e+01   6.6867759048733380e+04
  -5.3587577654058741e+01   6.7069209411246964e+04
  -5.3380927223408200e+01   6.7261204825720240e+04
  -5.3173747404964814e+01   6.7443644848968834e+04
  -5.2966042294186067e+01   6.7616783395294071e+04
  -5.2757816919197509e+01   6.7781301120820863e+04
  -5.2549076870143182e+01   6.7938370223565304e+04
  -5.2339827895189039e+01   6.8089688136589306e+04
  -5.2130075486877196e+01   6.8237459478749341e+04
  -5.1919824483020115e+01   6.8384313259162416e+04
  -5.1709078705383654e+01   6.8533153633379057e+04
  -5.1497840657088794e+01   6.8686954743481430e+04
  -5.1286111296107286e+01   6.8848521407628941e+04
  -5.1073889897657089e+01   6.9020244989432496e+04
  -5.0861174012984172e+01   6.9203886557547201e+04
  -5.0647959526279763e+01   6.9400416611552850e+04
  -5.0434240805655328e+01   6.9609932768654311e+04
  -5.0220010938539289e+01   6.9831665347311849e+04
  -5.0005262036898451e+01   7.0064067665782757e+04
  -4.9789985593613729e+01   7.0304975610698966e+04
  -4.9574172868398904e+01   7.0551811788763735e+04
  -4.9357815280017597e+01   7.0801804775143188e+04
  -4.9140904781319350e+01   7.1052194599173454e+04
  -4.8923434194788932e+01   7.1300401249120026e+04
  -4.8705397488822392e+01   7.1544142316011479e+04
  -4.8486789978637226e+01   7.1781497238722455e+04
  -4.8267608440387583e+01   7.2010926320429280e+04
  -4.8047851132387606e+01   7.2231260787192383e+04
  -4.7827517723040827e+01   7.2441683587181047e+04
  -4.7606609130777706e+01   7.2641719149517579e+04
  -4.7385127286671924e+01   7.2831243844771350e+04
  -4.7163074835125862e+01   7.3010519429998327e+04
  -4.6940454791788810e+01   7.3180241521538337e+04
  -4.6717270180480114e+01   7.3341586628464705e+04
  -4.6493523672175208e+01   7.3496236756469953e+04
  -4.6269217248993151e+01   7.3646361234020733e+04
  -4.6044351914614602e+01   7.3794541169711534e+04
  -4.5818927469742270e+01   7.3943631742609010e+04
  -4.5592942367265834e+01   7.4096569374470098e+04
  -4.5366393656944247e+01   7.4256142173212851e+04
  -4.5139277023962428e+01   7.4424750754847657e+04
  -4.4911586919980500e+01   7.4604190593014573e+04
  -4.4683316779622572e+01   7.4795485780183211e+04
  -4.4454459310079450e+01   7.4998797318429264e+04
  -4.4225006836953014e+01   7.5213418315870396e+04
  -4.3994951685916305e+01   7.5437855378144450e+04
  -4.3764286577423889e+01   7.5669982758733051e+04
  -4.3533005010719435e+01   7.5907245480097525e+04
  -4.3301101613825246e+01   7.6146881992463736e+04
  -4.3068572438030962e+01   7.6386136300254278e+04
  -4.2835415178529765e+01   7.6622434716185540e+04
  -4.2601629307092914e+01   7.6853511372913708e+04
  -4.2367216107785943e+01   7.7077478220587596e+04
  -4.2132178612402257e+01   7.7292846600339763e+04
  -4.1896521438196658e+01   7.7498516145875154e+04
  -4.1660250536285702e+01   7.7693751109049379e+04
  -4.1423372864404357e+01   7.7878163042113432e+04
  -4.1185896002245130e+01   7.8051712690034314e+04
  -4.0947827731100041e+01   7.8214734332234933e+04
  -4.0709175601746054e+01   7.8367975211661760e+04
  -4.0469946515350216e+01   7.8512633811054053e+04
  -4.0230146341549222e+01   7.8650375868104034e+04
  -3.9989779595826413e+01   7.8783307317345796e+04
  -3.9748849194977005e+01   7.8913889455357072e+04
  -3.9507356305019407e+01   7.9044791633878602e+04
  -3.9265300290628062e+01   7.9178689278856924e+04
  -3.9022678769351657e+01   7.9318027027714794e+04
  -3.8779487767867579e+01   7.9464775800642805e+04
  -3.8535721971674690e+01   7.9620216976153475e+04
  -3.8291375054269388e+01   7.9784785017589980e+04
  -3.8046440067318059e+01   7.9957992689406237e+04
  -3.7800909869873060e+01   8.0138451005877956e+04
  -3.7554777572506637e+01   8.0323981960706136e+04
  -3.7308036971463984e+01   8.0511808264010702e+04
  -3.7060682948619160e+01   8.0698793380497664e+04
  -3.6812711815107804e+01   8.0881699126632346e+04
  -3.6564121579882155e+01   8.1057428169990453e+04
  -3.6314912128892075e+01   8.1223224528662526e+04
  -3.6065085305866873e+01   8.1376815557779890e+04
  -3.5814644891445816e+01   8.1516491659788953e+04
  -3.5563596483343353e+01   8.1641131977815065e+04
  -3.5311947285972806e+01   8.1750193501807647e+04
  -3.5059705823161693e+01   8.1843684896364706e+04
  -3.4806881591959232e+01   8.1922144384670712e+04
  -3.4553484678802413e+01   8.1986633772397588e+04
  -3.4299525361288133e+01   8.2038750168760394e+04
  -3.4045013719370360e+01   8.2080645756875398e+04
  -3.3789959278948082e+01   8.2115037318718358e+04
  -3.3534370708570208e+01   8.2145183162427464e+04
  -3.3278255586514945e+01   8.2174807073807096e+04
  -3.3021620250999604e+01   8.2207956601408587e+04
  -3.2764469741021159e+01   8.2248794768940264e+04
  -3.2506807829643236e+01   8.2301337995934940e+04
  -3.2248637145757151e+01   8.2369165307616175e+04
  -3.1989959374823428e+01   8.2455132633648813e+04
  -3.1730775524160229e+01   8.2561128944784912e+04
  -3.1471086234305378e+01   8.2687907542296234e+04
  -3.1210892115066390e+01   8.2835016375080304e+04
  -3.0950194083284508e+01   8.3000837598752245e+04
  -3.0688993679166888e+01   8.3182731056903547e+04
  -3.0427293339304093e+01   8.3377261745471973e+04
  -3.0165096607120081e+01   8.3580480483186679e+04
  -2.9902408265347944e+01   8.3788221552465955e+04
  -2.9639234379956505e+01   8.3996382218073064e+04
  -2.9375582250490687e+01   8.4201156049530517e+04
  -2.9111460267691296e+01   8.4399203607334450e+04
  -2.8846877685184722e+01   8.4587757338628231e+04
  -2.8581844317607128e+01   8.4764670114493361e+04
  -2.8316370182422826e+01   8.4928425286532976e+04
  -2.8050465106602594e+01   8.5078129333295670e+04
  -2.7784138322007578e+01   8.5213504935318182e+04
  -2.7517398074601612e+01   8.5334894368100926e+04
  -2.7250251272403109e+01   8.5443272183915906e+04
  -2.6982703195388591e+01   8.5540255655259782e+04
  -2.6714757287455683e+01   8.5628094326709208e+04
  -2.6446415046219432e+01   8.5709617963899655e+04
  -2.6177676021093024e+01   8.5788126499400489e+04
  -2.5908537924095349e+01   8.5867214946768378e+04
  -2.5638996851472701e+01   8.5950539013178903e+04
  -2.5369047607886486e+01   8.6041540432387032e+04
  -2.5098684118965849e+01   8.6143161729998668e+04
  -2.4827899912790524e+01   8.6257586108834075e+04
  -2.4556688646665563e+01   8.6386037756770573e+04
  -2.4285044652613511e+01   8.6528670867344306e+04
  -2.4012963473515125e+01   8.6684563473971415e+04
  -2.3740442361873772e+01   8.6851816821049317e+04
  -2.3467480714761386e+01   8.7027745365080817e+04
  -2.3194080421548804e+01   8.7209129683614272e+04
  -2.2920246105364878e+01   8.7392497008177030e+04
  -2.2645985244630520e+01   8.7574392820348017e+04
  -2.2371308167180825e+01   8.7751612556556938e+04
  -2.2096227916077499e+01   8.7921373390151843e+04
  -2.1820759992863312e+01   8.8081419585478085e+04
  -2.1544921990352172e+01   8.8230068689905034e+04
  -2.1268733132733292e+01   8.8366216063169180e+04
  -2.0992213745485419e+01   8.8489320195617736e+04
  -2.0715384681091329e+01   8.8599389572742046e+04
  -2.0438266728629209e+01   8.8696984130603014e+04
  -2.0160880035893630e+01   8.8783233255607658e+04
  -1.9883243571741843e+01   8.8859859850929977e+04
  -1.9605374653945468e+01   8.8929190891350896e+04
  -1.9327288564096264e+01   8.8994130549686161e+04
  -1.9048998266292994e+01   8.9058074613254910e+04
  -1.8770514240701544e+01   8.9124753746736649e+04
  -1.8491844436953279e+01   8.9198006488866318e+04
  -1.8212994346073216e+01   8.9281498001993939e+04
  -1.7933967183549406e+01   8.9378413931412637e+04
  -1.7654764170608871e+01   8.9491167545063567e+04
  -1.7375384896035786e+01   8.9621160482246458e+04
  -1.7095827737205834e+01   8.9768632191758967e+04
  -1.6816090316596789e+01   8.9932621253573205e+04
  -1.6536169968967126e+01   9.0111045537286569e+04
  -1.6256064194713023e+01   9.0300890296469370e+04
  -1.5975771076556406e+01   9.0498477491946032e+04
  -1.5695289639566626e+01   9.0699778649623055e+04
  -1.5414620138380915e+01   9.0900729748885104e+04
  -1.5133764260119955e+01   9.1097510143114589e+04
  -1.4852725236608165e+01   9.1286758059101223e+04
  -1.4571507864804076e+01   9.1465709973755191e+04
  -1.4290118439504083e+01   9.1632266996997045e+04
  -1.4008564607124875e+01   9.1785004941984080e+04
  -1.3726855153415567e+01   9.1923152709621456e+04
  -1.3444999741104967e+01   9.2046564521208420e+04
  -1.3163008615583875e+01   9.2155705122768471e+04
  -1.2880892297675040e+01   9.2251655559052349e+04
  -1.2598661282341428e+01   9.2336133236720503e+04
  -1.2316325760870605e+01   9.2411507856390512e+04
  -1.2033895381780699e+01   9.2480787511395829e+04
  -1.1751379062584791e+01   9.2547549137764814e+04
  -1.1468784860851063e+01   9.2615794743877399e+04
  -1.1186119908951861e+01   9.2689728047778859e+04
  -1.0903390412765905e+01   9.2773462709365864e+04
  -1.0620601710643216e+01   9.2870689378557290e+04
  -1.0337758385403836e+01   9.2984340887557599e+04
  -1.0054864419222564e+01   9.3116300380248023e+04
  -9.7719233791179860e+00   9.3267194644057963e+04
  -9.4889386195221856e+00   9.3436304268002161e+04
  -9.2059134881060078e+00   9.3621605776259865e+04
  -8.9228515216621762e+00   9.3819941151202685e+04
  -8.6397566203299014e+00   9.4027291222695698e+04
  -8.3566331906552840e+00   9.4239114573448576e+04
  -8.0734862507452494e+00   9.4450705826899721e+04
  -7.7903214938857577e+00   9.4657528049688583e+04
  -7.5071453102279628e+00   9.4855482694918159e+04
  -7.2239647692689157e+00   9.5041095881287212e+04
  -6.9407875686447653e+00   9.5211617691279767e+04
  -6.6576219570204076e+00   9.5365048263194854e+04
  -6.3744766404430893e+00   9.5500116499044714e+04
  -6.0913606823230602e+00   9.5616241935737009e+04
  -5.8082834071614435e+00   9.5713506481934630e+04
  -5.5252543172741744e+00   9.5792651913850466e+04
  -5.2422830301291548e+00   9.5855103768747780e+04
  -4.9593792416445055e+00   9.5903007113887201e+04
  -4.6765527180588018e+00   9.5939247945783136e+04
  -4.3938133159781652e+00   9.5967429667343065e+04
  -4.1111710271594317e+00   9.5991777367656920e+04
  -3.8286360417261589e+00   9.6016954041919875e+04
  -3.5462188210624834e+00   9.6047789384625343e+04
  -3.2639301697778995e+00   9.6088939918383767e+04
  -2.9817812950532767e+00   9.6144515519175169e+04
  -2.6997838414676401e+00   9.6217717864356644e+04
  -2.4179498901318901e+00   9.6310539054939029e+04
  -2.1362919126080562e+00   9.6423562895550072e+04
  -1.8548226726084098e+00   9.6555897709266530e+04
  -1.5735550717169007e+00   9.6705251063508244e+04
  -1.2925019391751749e+00   9.6868136315588039e+04
  -1.0116757698974357e+00   9.7040182506555211e+04
  -7.3108841906420086e-01   9.7216505827708461e+04
  -4.5075076561534683e-01   9.7392095279680099e+04
  -1.7067236044304807e-01   9.7562167539676506e+04
   1.0913892218407807e-01   9.7722456394551686e+04
   3.8867720967446973e-01   9.7869417068057592e+04
   6.6793891173227349e-01   9.8000342896602131e+04
   9.4692293625034907e-01   9.8113406952042438e+04
   1.2256308220779768e+00   9.8207650818178168e+04
   1.5040667733732651e+00   9.8282945894004704e+04
   1.7822375844495901e+00   9.8339948360647701e+04
   2.0601524491127319e+00   9.8380059482236000e+04
   2.3378226542013132e+00   9.8405391327138917e+04
   2.6152611630833102e+00   9.8418727361546931e+04
   2.8924821008954749e+00   9.8423460632905058e+04
   3.1695001590057594e+00   9.8423491494846035e+04
   3.4463299412091897e+00   9.8423071715311497e+04
   3.7229852782451407e+00   9.8426591322608030e+04
   3.9994785401087554e+00   9.8438316836865270e+04
   4.2758199771362246e+00   9.8462100927130348e+04
   4.5520171208636349e+00   9.8501092439294021e+04
   4.8280742741489258e+00   9.8557479327868481e+04
   5.1039921170433598e+00   9.8632295012778675e+04
   5.3797674505094717e+00   9.8725311210968925e+04
   5.6553930944826485e+00   9.8835028847633250e+04
   5.9308579502000214e+00   9.8958766063668474e+04
   6.2061472294613385e+00   9.9092830348033676e+04
   6.4812428458707307e+00   9.9232753232649993e+04
   6.7561239554922752e+00   9.9373562095494097e+04
   7.0307676271044777e+00   9.9510064296760102e+04
   7.3051496157247477e+00   9.9637124093134567e+04
   7.5792452076387331e+00   9.9749920199738073e+04
   7.8530301011142800e+00   9.9844179655951302e+04
   8.1264812845531242e+00   9.9916389142189917e+04
   8.3995778732064128e+00   9.9963986626459577e+04
   8.6723018668359551e+00   9.9985533105228198e+04
   8.9446387938277478e+00   9.9980857714200189e+04
   9.2165782121392148e+00   9.9951161434877678e+04
   9.4881140438703042e+00   9.9899058127401862e+04
   9.7592447278807946e+00   9.9828530007346504e+04
   1.0029973183348798e+01   9.9744779015381981e+04
   1.0300306586038387e+01   9.9653966383509483e+04
   1.0570255967854036e+01   9.9562847987559348e+04
   1.0839835658537895e+01   9.9478329872627481e+04
   1.1109062595681943e+01   9.9406982956812717e+04
   1.1377955535196440e+01   9.9354565265156925e+04
   1.1646534198704899e+01   9.9325602107214188e+04
   1.1914818396813967e+01   9.9323068705086524e+04
   1.2182827167738372e+01   9.9348206670030588e+04
   1.2450577969352178e+01   9.9400488221562395e+04
   1.2718085959500229e+01   9.9477722310374855e+04
   1.2985363394540633e+01   9.9576279104056550e+04
   1.3252419169881447e+01   9.9691396309891061e+04
   1.3519258519064394e+01   9.9817524680643546e+04
   1.3785882880110314e+01   9.9948671696029211e+04
   1.4052289929776537e+01   1.0007871150007645e+05
   1.4318473778479470e+01   1.0020164281682442e+05
   1.4584425311281649e+01   1.0031179246333565e+05
   1.4850132653871986e+01   1.0040397630918362e+05
   1.5115581737173267e+01   1.0047363817045266e+05
   1.5380756930317025e+01   1.0051698908214847e+05
   1.5645641709393896e+01   1.0053116259223966e+05
   1.5910219328704388e+01   1.0051438882665159e+05
   1.6174473462195927e+01   1.0046617353020623e+05
   1.6438388785311776e+01   1.0038745292471335e+05
   1.6701951471439553e+01   1.0028068559852072e+05
   1.6965149582310076e+01   1.0014984177912187e+05
   1.7227973337788590e+01   1.0000025982099917e+05
   1.7490415257183557e+01   9.9838357783550542e+04
   1.7752470171130927e+01   9.9671211603126212e+04
   1.8014135109913322e+01   9.9506035098228211e+04
   1.8275409080402120e+01   9.9349616493396461e+04
   1.8536292749320310e+01   9.9207776652269531e+04
   1.8796788054948056e+01   9.9084913977206874e+04
   1.9056897772498555e+01   9.8983689813012592e+04
   1.9316625060046832e+01   9.8904887815125112e+04
   1.9575973012027934e+01   9.8847455779265074e+04
   1.9834944245964397e+01   9.8808712475399647e+04
   2.0093540545342382e+01   9.8784680600486434e+04
   2.0351762577614515e+01   9.8770493031915772e+04
   2.0609609701411546e+01   9.8760815900365895e+04
   2.0867079871492724e+01   9.8750238327574392e+04
   2.1124169644076598e+01   9.8733593564321651e+04
   2.1380874279309449e+01   9.8706195928358662e+04
   2.1637187932073203e+01   9.8663998315726276e+04
   2.1893103917412279e+01   9.8603691061362493e+04
   2.2148615032826164e+01   9.8522771484784025e+04
   2.2403713916740308e+01   9.8419611938342394e+04
   2.2658393420768771e+01   9.8293543963205637e+04
   2.2912646972988551e+01   9.8144959480144578e+04
   2.3166468910355281e+01   9.7975411789779057e+04
   2.3419854760524387e+01   9.7787684780450523e+04
   2.3672801456563633e+01   9.7585792145131840e+04
   2.3925307472150148e+01   9.7374872276439419e+04
   2.4177372869595175e+01   9.7160958103840225e+04
   2.4428999258154370e+01   9.6950622091813682e+04
   2.4680189665269072e+01   9.6750520134688311e+04
   2.4930948328349974e+01   9.6566879086643254e+04
   2.5181280419181977e+01   9.6404986683640091e+04
   2.5431191716751048e+01   9.6268746753877524e+04
   2.5680688247072020e+01   9.6160355583785247e+04
   2.5929775910282171e+01   9.6080138622004073e+04
   2.6178460115778531e+01   9.6026563582315575e+04
   2.6426745445506107e+01   9.5996420504806752e+04
   2.6674635363696261e+01   9.5985136355348164e+04
   2.6922131988532144e+01   9.5987175328132784e+04
   2.7169235937553122e+01   9.5996469088587313e+04
   2.7415946254313301e+01   9.6006824452116532e+04
   2.7662260419148129e+01   9.6012268632745428e+04
   2.7908174442121343e+01   9.6007311054464371e+04
   2.8153683031619376e+01   9.5987121657899857e+04
   2.8398779827866580e+01   9.5947643706981878e+04
   2.8643457687100611e+01   9.5885670008573070e+04
   2.8887708999452361e+01   9.5798912952061539e+04
   2.9131526021868908e+01   9.5686089767575031e+04
   2.9374901206782997e+01   9.5547028334177943e+04
   2.9617827507696180e+01   9.5382779449736263e+04
   2.9860298644364985e+01   9.5195704645143982e+04
   3.0102309312773738e+01   9.4989499372827268e+04
   3.0343855328385505e+01   9.4769112762393706e+04
   3.0584933695101601e+01   9.4540537446452669e+04
   3.0825542596702281e+01   9.4310463975820123e+04
   3.1065681312031028e+01   9.4085819337976907e+04
   3.1305350059586747e+01   9.3873232854373840e+04
   3.1544549781233567e+01   9.3678489902186018e+04
   3.1783281878217721e+01   9.3506041053326684e+04
   3.2021547915392027e+01   9.3358629478641669e+04
   3.2259349311344891e+01   9.3237083813806108e+04
   3.2496687032916384e+01   9.3140300021567964e+04
   3.2733561312316446e+01   9.3065408159591490e+04
   3.2969971403765236e+01   9.3008094069351966e+04
   3.3205915394322652e+01   9.2963025665000212e+04
   3.3441390080506437e+01   9.2924323028522122e+04
   3.3676390918581298e+01   9.2886012065517119e+04
   3.3910912052255284e+01   9.2842412628286067e+04
   3.4144946417175795e+01   9.2788431277106807e+04
   3.4378485917321434e+01   9.2719751722092624e+04
   3.4611521664375822e+01   9.2632937614685186e+04
   3.4844044267669076e+01   9.2525477325688262e+04
   3.5076044159471927e+01   9.2395805758980598e+04
   3.5307511938479379e+01   9.2243332669676762e+04
   3.5538438713325604e+01   9.2068492091053413e+04
   3.5768816427980603e+01   9.1872807750805674e+04
   3.5998638151884286e+01   9.1658950505070898e+04
   3.6227898319611000e+01   9.1430750971882808e+04
   3.6456592907620042e+01   9.1193128068597871e+04
   3.6684719539068418e+01   9.0951903006578708e+04
   3.6912277511557413e+01   9.0713486700675727e+04
   3.7139267746833930e+01   9.0484452695444008e+04
   3.7365692665635997e+01   9.0271032206124612e+04
   3.7591555994838657e+01   9.0078587068812441e+04
   3.7816862517600583e+01   8.9911126683639188e+04
   3.8041617780139475e+01   8.9770933549579684e+04
   3.8265827770925448e+01   8.9658349041245237e+04
   3.8489498589358874e+01   8.9571749009178558e+04
   3.8712636121332892e+01   8.9507711291133455e+04
   3.8935245738456288e+01   8.9461349566041594e+04
   3.9157332036183199e+01   8.9426765159649483e+04
   3.9378898623743240e+01   8.9397554198946047e+04
   3.9599947975737180e+01   8.9367304863605241e+04
   3.9820481351730201e+01   8.9330028175706844e+04
   4.0040498786338830e+01   8.9280484108774021e+04
   4.0259999148388225e+01   8.9214388603139945e+04
   4.0478980263927035e+01   8.9128511413242551e+04
   4.0697439094448207e+01   8.9020693782907489e+04
   4.0915371958751535e+01   8.8889824724218095e+04
   4.1132774784666765e+01   8.8735812885417472e+04
   4.1349643375440863e+01   8.8559578427333894e+04
   4.1565973675060945e+01   8.8363069762445986e+04
   4.1781762017143514e+01   8.8149288989788460e+04
   4.1997005343251914e+01   8.7922293426568853e+04
   4.2211701378517631e+01   8.7687133610748220e+04
   4.2425848755126019e+01   8.7449692751366019e+04
   4.2639447077407382e+01   8.7216408070748381e+04
   4.2852496925782276e+01   8.6993877202133299e+04
   4.3064999800424715e+01   8.6788377880876084e+04
   4.3276958009033621e+01   8.6605350917616903e+04
   4.3488374506329073e+01   8.6448909972984024e+04
   4.3699252695646692e+01   8.6321444432466829e+04
   4.3909596205122604e+01   8.6223372206608779e+04
   4.4119408652335380e+01   8.6153079773164762e+04
   4.4328693411828375e+01   8.6107060071272776e+04
   4.4537453399639908e+01   8.6080230154518416e+04
   4.4745690887858530e+01   8.6066384911005254e+04
   4.4953407360350511e+01   8.6058725093783069e+04
   4.5160603418302181e+01   8.6050391078461165e+04
   4.5367278741220915e+01   8.6034938851850064e+04
   4.5573432105725736e+01   8.6006710928917775e+04
   4.5779061461025428e+01   8.5961078571604521e+04
   4.5984164056621644e+01   8.5894557935971767e+04
   4.6188736614691258e+01   8.5804825683248302e+04
   4.6392775536964059e+01   8.5690674162591735e+04
   4.6596277133873016e+01   8.5551949222620344e+04
   4.6799237862437366e+01   8.5389504422216894e+04
   4.7001654558807751e+01   8.5205187072229703e+04
   4.7203524651696668e+01   8.5001849017715082e+04
   4.7404846344012803e+01   8.4783354882120548e+04
   4.7605618751853342e+01   8.4554548495192750e+04
   4.7805841992478449e+01   8.4321137644705988e+04
   4.8005517215846510e+01   8.4089468572694546e+04
   4.8204646577569257e+01   8.3866182458959927e+04
   4.8403233154550065e+01   8.3657771321240536e+04
   4.8601280807908374e+01   8.3470075082832729e+04
   4.8798794000869883e+01   8.3307779458525154e+04
   4.8995777581944921e+01   8.3173981995221926e+04
   4.9192236545763826e+01   8.3069889295389483e+04
   4.9388175785280133e+01   8.2994692356997446e+04
   4.9583599849605015e+01   8.2945642308629947e+04
   4.9778512721472239e+01   8.2918319288584389e+04
   4.9972917627260841e+01   8.2907058671056715e+04
   5.0166816890695635e+01   8.2905476303752497e+04
   5.0360211838887324e+01   8.2907021938344013e+04
   5.0553102766429241e+01   8.2905490174170234e+04
   5.0745488959981635e+01   8.2895430653080344e+04
   5.0937368782349012e+01   8.2872421614323466e+04
   5.1128739811680866e+01   8.2833198584130339e+04
   5.1319599028294277e+01   8.2775657009941351e+04
   5.1509943038903465e+01   8.2698768388205761e+04
   5.1699768325907421e+01   8.2602459175020689e+04
   5.1889071507944124e+01   8.2487498344213076e+04
   5.2077849597260659e+01   8.2355424582189880e+04
   5.2266100239599567e+01   8.2208521253677958e+04
   5.2453821923266858e+01   8.2049823520272621e+04
   5.2641014145759954e+01   8.1883123044953856e+04
   5.2827677528706083e+01   8.1712927198243648e+04
   5.3013813874755321e+01   8.1544333432806670e+04
   5.3199426163325704e+01   8.1382794852975770e+04
   5.3384518485521639e+01   8.1233776145116717e+04
   5.3569095921954293e+01   8.1102324967344801e+04
   5.3753164370383359e+01   8.0992606587023736e+04
   5.3936730332896509e+01   8.0907464618973099e+04
   5.4119800674586209e+01   8.0848074320193395e+04
   5.4302382367246658e+01   8.0813746418110473e+04
   5.4484482232405334e+01   8.0801919664770860e+04
   5.4666106697987047e+01   8.0808352799866188e+04
   5.4847261582074665e+01   8.0827496090331566e+04
   5.5027951915640685e+01   8.0852994828112656e+04
   5.5208181813858559e+01   8.0878257158209250e+04
   5.5387954402798492e+01   8.0897010471714064e+04
   5.5567271805130389e+01   8.0903775852216335e+04
   5.5746135185073818e+01   8.0894207547394079e+04
   5.5924544849448687e+01   8.0865271233308551e+04
   5.6102500398485134e+01   8.0815264861466174e+04
   5.6280000917220271e+01   8.0743713398629930e+04
   5.6457045196018740e+01   8.0651187482951180e+04
   5.6633631967112827e+01   8.0539102298531099e+04
   5.6809760143184185e+01   8.0409545336438125e+04
   5.6985429043925997e+01   8.0265162738915664e+04
   5.7160638597256010e+01   8.0109108836852989e+04
   5.7335389503344722e+01   7.9945038573567392e+04
   5.7509683351795687e+01   7.9777104657635515e+04
   5.7683522685040529e+01   7.9609914541298873e+04
   5.7856911004137700e+01   7.9448408224758648e+04
   5.8029852716508813e+01   7.9297634828384747e+04
   5.8202353028515589e+01   7.9162429775239594e+04
   5.8374417788990399e+01   7.9047019829560842e+04
   5.8546053292687098e+01   7.8954604984255609e+04
   5.8717266054964853e+01   7.8886979292793883e+04
   5.8888062570712421e+01   7.8844254802936135e+04
   5.9058449071469120e+01   7.8824742346423445e+04
   5.9228431294852108e+01   7.8825021954090655e+04
   5.9398014279736373e+01   7.8840207140700251e+04
   5.9567202199204914e+01   7.8864376689558805e+04
   5.9735998241164580e+01   7.8891120223387639e+04
   5.9904404543832158e+01   7.8914125238385677e+04
   6.0072422190188220e+01   7.8927727189885758e+04
   6.0240051262155234e+01   7.8927351841343392e+04
   6.0407290951859451e+01   7.8909799315305703e+04
   6.0574139724096476e+01   7.8873348145296404e+04
   6.0740595521200333e+01   7.8817689381057207e+04
   6.0906655999102426e+01   7.8743729064546947e+04
   6.1072318781581018e+01   7.8653316149699676e+04
   6.1237581718656251e+01   7.8548958462784736e+04
   6.1402443134832275e+01   7.8433580746821011e+04
   6.1566902053446782e+01   7.8310358578315281e+04
   6.1730958384721966e+01   7.8182635660686414e+04
   6.1894613067147084e+01   7.8053905861323219e+04
   6.2057868154446169e+01   7.7927822203680378e+04
   6.2220726843437753e+01   7.7808186773549998e+04
   6.2383193441418364e+01   7.7698879768251092e+04
   6.2545273275086878e+01   7.7603701248599129e+04
   6.2706972546306446e+01   7.7526121634451876e+04
   6.2868298142958174e+01   7.7468961934130552e+04
   6.3029257415637929e+01   7.7434046489470522e+04
   6.3189857932816381e+01   7.7421885650881406e+04
   6.3350107228237029e+01   7.7431449686965265e+04
   6.3510012554690903e+01   7.7460087275872036e+04
   6.3669580657863548e+01   7.7503622812859336e+04
   6.3828817582733194e+01   7.7556639485766980e+04
   6.3987728523063197e+01   7.7612924468117300e+04
   6.4146317722017486e+01   7.7666024275502758e+04
   6.4304588428944840e+01   7.7709838065791162e+04
   6.4462542914132499e+01   7.7739168622988582e+04
   6.4620182539985521e+01   7.7750156852026339e+04
   6.4777507883846781e+01   7.7740545049140273e+04
   6.4934518904720349e+01   7.7709743314988373e+04
   6.5091215143664598e+01   7.7658706774257211e+04
   6.5247595945720676e+01   7.7589662028312261e+04
   6.5403660690052490e+01   7.7505743468754576e+04
   6.5559409014555285e+01   7.7410609196363992e+04
   6.5714841021566514e+01   7.7308100864265405e+04
   6.5869957452465599e+01   7.7201993393223631e+04
   6.6024759820801364e+01   7.7095854130303342e+04
   6.6179250496040837e+01   7.6993002625737121e+04
   6.6333432732937680e+01   7.6896538703630955e+04
   6.6487310644712139e+01   7.6809392455076333e+04
   6.6640889121526470e+01   7.6734347938918509e+04
   6.6794173698944107e+01   7.6674002136592317e+04
   6.6947170383988791e+01   7.6630639435675650e+04
   6.7099885448903763e+01   7.6606025654459489e+04
   6.7252325204607189e+01   7.6601149011722431e+04
   6.7404495767036849e+01   7.6615954602888232e+04
   6.7556402830009532e+01   7.6649129299720546e+04
   6.7708051457858275e+01   7.6697993543341319e+04
   6.7859445909981233e+01   7.6758544217881601e+04
   6.8010589507599519e+01   7.6825670378903189e+04
   6.8161484550588796e+01   7.6893534536778403e+04
   6.8312132289360463e+01   7.6956082014024461e+04
   6.8462532953590596e+01   7.7007615361293909e+04
   6.8612685836312124e+01   7.7043355510269525e+04
   6.8762589428692038e+01   7.7059909539655244e+04
   6.8912241597888183e+01   7.7055577547424866e+04
   6.9061639797898849e+01   7.7030456078524105e+04
   6.9210781301417015e+01   7.6986328242522053e+04
   6.9359663439494796e+01   7.6926364969911796e+04
   6.9508283835381548e+01   7.6854691318619138e+04
   6.9656640619244357e+01   7.6775890711202446e+04
   6.9804732611595171e+01   7.6694524909883694e+04
   6.9952559465063089e+01   7.6614737985798885e+04
   7.0100121756571909e+01   7.6539990838858750e+04
   7.0247421024851974e+01   7.6472943898030353e+04
   7.0394459751385440e+01   7.6415475936338669e+04
   7.0541241286156151e+01   7.6368802235187846e+04
   7.0687769722769090e+01   7.6333640278770705e+04
   7.0834049730429669e+01   7.6310367800169653e+04
   7.0980086352763195e+01   7.6299126145182177e+04
   7.1125884785359773e+01   7.6299839187023797e+04
   7.1271450145148719e+01   7.6312140921060811e+04
   7.1416787245155263e+01   7.6335229048365596e+04
   7.1561900387855701e+01   7.6367682891316668e+04
   7.1706793189237587e+01   7.6407298009136037e+04
   7.1851468443860540e+01   7.6450993391604701e+04
   7.1995928038793707e+01   7.6494839156985865e+04
   7.2140172921436729e+01   7.6534233296626597e+04
   7.2284203123061587e+01   7.6564228797318123e+04
   7.2428017836640763e+01   7.6579982175762270e+04
   7.2571615544337817e+01   7.6577267387139233e+04
   7.2714994187114740e+01   7.6552981019523431e+04
   7.2858151366435507e+01   7.6505559620059779e+04
   7.3001084566149572e+01   7.6435239385826091e+04
   7.3143791381446661e+01   7.6344110874824604e+04
   7.3286269741346075e+01   7.6235952632768560e+04
   7.3428518111552663e+01   7.6115862197968119e+04
   7.3570535665652599e+01   7.5989734630184554e+04
   7.3712322414473689e+01   7.5863661771115469e+04
   7.3853879285888610e+01   7.5743336091896679e+04
   7.3995208150252282e+01   7.5633539411895035e+04
   7.4136311789870447e+01   7.5537779945031958e+04
   7.4277193814204708e+01   7.5458114659451952e+04
   7.4417858525740613e+01   7.5395162639191942e+04
   7.4558310744385963e+01   7.5348285078159824e+04
   7.4698555600758993e+01   7.5315883521269207e+04
   7.4838598310614785e+01   7.5295753825932217e+04
   7.4978443943839792e+01   7.5285430463817407e+04
   7.5118097201836150e+01   7.5282464114327871e+04
   7.5257562216700407e+01   7.5284592831263028e+04
   7.5396842384393551e+01   7.5289790601163681e+04
   7.5535940242166760e+01   7.5296202831626637e+04
   7.5674857397961929e+01   7.5302001994755396e+04
   7.5813594516491648e+01   7.5305214109109569e+04
   7.5952151363395927e+01   7.5303574283778493e+04
   7.6090526905462497e+01   7.5294465306254104e+04
   7.6228719461582315e+01   7.5274977042482147e+04
   7.6366726896088238e+01   7.5242099283449294e+04
   7.6504546843565478e+01   7.5193031282386990e+04
   7.6642176952282682e+01   7.5125563753608949e+04
   7.6779615132186294e+01   7.5038469437238760e+04
   7.6916859792999787e+01   7.4931830516195652e+04
   7.7053910058404981e+01   7.4807236778718798e+04
   7.7190765943530678e+01   7.4667806473389166e+04
   7.7327428484966205e+01   7.4518008564087679e+04
   7.7463899815147272e+01   7.4363296262181902e+04
   7.7600183176073614e+01   7.4209591586919909e+04
   7.7736282870742315e+01   7.4062684915967591e+04
   7.7872204154216135e+01   7.3927628046205951e+04
   7.8007953069693357e+01   7.3808202013780421e+04
   7.8143536238102911e+01   7.3706531342053262e+04
   7.8278960612431234e+01   7.3622896038053994e+04
   7.8414233210044429e+01   7.3555764525091683e+04
   7.8549360837566766e+01   7.3502039473939047e+04
   7.8684349823349748e+01   7.3457478828340434e+04
   7.8819205772170605e+01   7.3417230779204372e+04
   7.8953933355560267e+01   7.3376407420235206e+04
   7.9088536149147515e+01   7.3330618928227123e+04
   7.9223016525722727e+01   7.3276398545268428e+04
   7.9357375609534387e+01   7.3211466859696389e+04
   7.9491613293808399e+01   7.3134809287453070e+04
   7.9625728319831737e+01   7.3046569547597450e+04
   7.9759718412378021e+01   7.2947790133876828e+04
   7.9893580462981774e+01   7.2840053823536524e+04
   8.0027310749776888e+01   7.2725094339277392e+04
   8.0160905180478494e+01   7.2604446542206817e+04
   8.0294359543719509e+01   7.2479196446438131e+04
   8.0427669753449592e+01   7.2349870568246537e+04
   8.0560832071493678e+01   7.2216476623618451e+04
   8.0693843294632188e+01   7.2078678767675548e+04
   8.0826700894642727e+01   7.1936066001681451e+04
   8.0959403102515864e+01   7.1788456364653728e+04
   8.1091948931372755e+01   7.1636174362860780e+04
   8.1224338136280480e+01   7.1480244883341089e+04
   8.1356571112980603e+01   7.1322461605069926e+04
   8.1488648741290518e+01   7.1165308624406171e+04
   8.1620572182393246e+01   7.1011737358786078e+04
   8.1752342642204226e+01   7.0864823474250428e+04
   8.1883961115305254e+01   7.0727347785411854e+04
   8.2015428125433345e+01   7.0601358617720238e+04
   8.2146743479118854e+01   7.0487779020370450e+04
   8.2277906048716659e+01   7.0386119426739373e+04
   8.2408913599798979e+01   7.0294344746718969e+04
   8.2539762675720937e+01   7.0208925397166080e+04
   8.2670448549253450e+01   7.0125077086023841e+04
   8.2800965247652215e+01   7.0037167701584112e+04
   8.2931305653588510e+01   6.9939245639232744e+04
   8.3061461680224610e+01   6.9825626138624706e+04
   8.3191424514600953e+01   6.9691463367556033e+04
   8.3321184919639208e+01   6.9533237338383406e+04
   8.3450733581676459e+01   6.9349095771140157e+04
   8.3580061487714175e+01   6.9139009892808535e+04
   8.3709160314643739e+01   6.8904727178687972e+04
   8.3838022811718531e+01   6.8649529763952407e+04
   8.3966643157523805e+01   6.8377831636670046e+04
   8.4095017273668091e+01   6.8094667412190582e+04
   8.4223143079330896e+01   6.7805138194495536e+04
   8.4351020673551830e+01   6.7513883950598989e+04
   8.4478652435597397e+01   6.7224646459629468e+04
   8.4606043037704822e+01   6.6939973063714337e+04
   8.4733199368781982e+01   6.6661091200845403e+04
   8.4860130371998551e+01   6.6387960137522736e+04
   8.4986846803426047e+01   6.6119483180260897e+04
   8.5113360922731701e+01   6.5853843917736784e+04
   8.5239686130221841e+01   6.5588916552523719e+04
   8.5365836567076116e+01   6.5322693954080278e+04
   8.5491826697291160e+01   6.5053677948115590e+04
   8.5617670890575909e+01   6.4781183487343995e+04
   8.5743383025163354e+01   6.4505520307180275e+04
   8.5868976128264720e+01   6.4228031053740015e+04
   8.5994462069736869e+01   6.3950981949596520e+04
   8.6119851321607044e+01   6.3677319612502833e+04
   8.6245152792539983e+01   6.3410323929943384e+04
   8.6370373742357430e+01   6.3153200319170915e+04
   8.6495519777527420e+01   6.2908663324179477e+04
   8.6620594924377130e+01   6.2678565868816971e+04
   8.6745601772860439e+01   6.2463623465771765e+04
   8.6870541680246873e+01   6.2263270639451141e+04
   8.6995415021275434e+01   6.2075669158023164e+04
   8.7120221469277197e+01   6.1897867169745026e+04
   8.7244960291617573e+01   6.1726088424012349e+04
   8.7369630642588803e+01   6.1556114494654255e+04
   8.7494231837596089e+01   6.1383712810969577e+04
   8.7618763594066053e+01   6.1205060076461421e+04
   8.7743226226867023e+01   6.1017114044377275e+04
   8.7867620789012761e+01   6.0817895087105615e+04
   8.7991949151861419e+01   6.0606650736575008e+04
   8.8116214022704014e+01   6.0383889491558941e+04
   8.8240418901368812e+01   6.0151283277071467e+04
   8.8364567981026667e+01   5.9911449998804230e+04
   8.8488666001583795e+01   5.9667638065385880e+04
   8.8612718066712802e+01   5.9423343116558572e+04
   8.8736729437562062e+01   5.9181893102649112e+04
   8.8860705317397034e+01   5.8946040820284346e+04
   8.8984650641809182e+01   5.8717602584948276e+04
   8.9108569888663311e+01   5.8497177569977735e+04
   8.9232466920688381e+01   5.8283974587927463e+04
   8.9356344871617736e+01   5.8075762348080418e+04
   8.9480206084187927e+01   5.7868946691576020e+04
   8.9604052105243397e+01   5.7658765594472337e+04
   8.9727883739864382e+01   5.7439581475395818e+04
   8.9851701163002247e+01   5.7205242062488098e+04
   8.9975504083781829e+01   5.6949476492213951e+04
   9.0099291954580522e+01   5.6666292735153438e+04
   9.0223064214392494e+01   5.6350345301745394e+04
   9.0346820553964051e+01   5.5997247665122843e+04
   9.0470561188845934e+01   5.5603810768234827e+04
   9.0594287125912459e+01   5.5168196399557986e+04
   9.0718000409061347e+01   5.4689981219055022e+04
   9.0841704330712020e+01   5.4170133323010348e+04
   9.0965403597296770e+01   5.3610908111614321e+04
   9.1089104439093319e+01   5.3015673990649731e+04
   9.1212814657348034e+01   5.2388681102121991e+04
   9.1336543604543834e+01   5.1734788174397399e+04
   9.1460302096713647e+01   5.1059163845110001e+04
   9.1584102259732759e+01   5.0366979577890554e+04
   9.1707957314388082e+01   4.9663111560631929e+04
   9.1831881307582634e+01   4.8951868654320606e+04
   9.1955888799174332e+01   4.8236762347017830e+04
   9.2079994515587344e+01   4.7520332599641908e+04
   9.2204212982409715e+01   4.6804040317494277e+04
   9.2328558148684877e+01   4.6088232991257297e+04
   9.2453043015527030e+01   4.5372184993557887e+04
   9.2577679281076740e+01   4.4654208480767542e+04
   9.2702477012734306e+01   4.3931825404333489e+04
   9.2827444356149570e+01   4.3201986260611651e+04
   9.2952587288711115e+01   4.2461317541144352e+04
   9.3077909423377079e+01   4.1706377790903156e+04
   9.3203411866735664e+01   4.0933901949016144e+04
   9.3329093133283621e+01   4.0141015368449705e+04
   9.3454949116159725e+01   3.9325402300352092e+04
   9.3580973113046952e+01   3.8485418432969127e+04
   9.3707155904713247e+01   3.7620142728892970e+04
   9.3833485882732973e+01   3.6729369784729875e+04
   9.3959949222320546e+01   3.5813549655178489e+04
   9.4086530095895327e+01   3.4873687000653110e+04
   9.4213210922943901e+01   3.3911215054827422e+04
   9.4339972651886086e+01   3.2927861958694572e+04
   9.4466795069915321e+01   3.1925527141412145e+04
   9.4593657137089053e+01   3.0906183682484043e+04
   9.4720537341211241e+01   2.9871818890646540e+04
   9.4847414070199662e+01   2.8824420044187620e+04
   9.4974265998610150e+01   2.7766005736741023e+04
   9.5101072484750759e+01   2.6698696254439896e+04
   9.5227813974345111e+01   2.5624809715186908e+04
   9.5354472406001307e+01   2.4546965287610103e+04
   9.5481031612843552e+01   2.3468171643697991e+04
   9.5607477713625158e+01   2.2391878673974617e+04
   9.5733799485544694e+01   2.1321973920704324e+04
   9.5859988709924679e+01   2.0262712155209712e+04
   9.5986040480997573e+01   1.9218576508641348e+04
   9.6111953467381369e+01   1.8194081364214304e+04
   9.6237730115528862e+01   1.7193539047355378e+04
   9.6363376784592361e+01   1.6220821952104665e+04
   9.6488903802833619e+01   1.5279156778861368e+04
   9.6614325436978120e+01   1.4370986017769825e+04
   9.6739659767772906e+01   1.3497922839596988e+04
   9.6864928467445111e+01   1.2660809904668926e+04
   9.6990156477708169e+01   1.1859872987035214e+04
   9.7115371590333027e+01   1.1094940951335448e+04
   9.7240603935960422e+01   1.0365689125215098e+04
   9.7365885390617450e+01   9.6718571474763903e+03
   9.7491248913134726e+01   9.0133964946087654e+03
   9.7616727830146530e+01   8.3905163134496761e+03
   9.7742355088398284e+01   7.8036162861876455e+03
   9.7868162496496183e+01   7.2531185124232634e+03
   9.7994179979849903e+01   6.7392330564124968e+03
   9.8120434873247774e+01   6.2617099686336160e+03
   9.8246951275172890e+01   5.8196399778139394e+03
   9.8373749486581630e+01   5.4113623728238945e+03
   9.8500845554432360e+01   5.0345191981090029e+03
   9.8628250936846669e+01   4.6862613833477135e+03
   9.8755972302527326e+01   4.3635723598980958e+03
   9.8884011472124882e+01   4.0636400363742409e+03
   9.9012365503847860e+01   3.7841901340639497e+03
   9.9141026919996449e+01   3.5236984658643978e+03
   9.9269984065523815e+01   3.2814250212539846e+03
   9.9399221584461898e+01   3.0572523091765697e+03
   9.9528720995332165e+01   2.8513572459486122e+03
   9.9658461342736970e+01   2.6637930232817389e+03
   9.9788419899370055e+01   2.4940947224053566e+03
   9.9918572890853511e+01   2.3410338428455134e+03
   1.0004889621518349e+02   2.2026158269270386e+03
   1.0017936612918454e+02   2.0763396272736145e+03
   1.0030995987620791e+02   1.9596451770547353e+03
   1.0044065623226966e+02   1.8504061901320429e+03
   1.0057143595178226e+02   1.7473125002511110e+03
   1.0070228209879031e+02   1.6500262023841881e+03
   1.0083318025496560e+02   1.5590643938743899e+03
   1.0096411860128946e+02   1.4754351012176851e+03
   1.0109508787608641e+02   1.4001218263478822e+03
   1.0122608121760628e+02   1.3335683393049014e+03
   1.0135709390441184e+02   1.2753371042339506e+03
   1.0148812301118639e+02   1.2240713685823405e+03
   1.0161916700101426e+02   1.1777790269732254e+03
   1.0175022527755091e+02   1.1343274332851875e+03
   1.0188129772167328e+02   1.0919667874643267e+03
   1.0201238423713515e+02   1.0497159263592152e+03
   1.0214348432845595e+02   1.0075155344023096e+03
   1.0227459673181720e+02   9.6612907155085361e+02
   1.0240571911626428e+02   9.2682742360691373e+02
   1.0253684786819029e+02   8.9093601406277833e+02
   1.0266797796715871e+02   8.5936351603252444e+02
   1.0279910295584689e+02   8.3225784901727309e+02
   1.0293021500156321e+02   8.0891387316341513e+02
   1.0306130504167251e+02   7.8796959994187068e+02
   1.0319236300064566e+02   7.6781123281217299e+02
   1.0332337806255877e+02   7.4703399799417480e+02
   1.0345433897991792e+02   7.2481159700858802e+02
   1.0358523439782321e+02   7.0108455320260782e+02
   1.0371605317180166e+02   6.7653846656630401e+02
   1.0384678465816253e+02   6.5238542494839555e+02
   1.0397741895742014e+02   6.2999499604164805e+02
   1.0410794709409161e+02   6.1046189596743238e+02
   1.0423836111985219e+02   5.9424054593393487e+02
   1.0436865413142003e+02   5.8098424122754273e+02
   1.0449882019940466e+02   5.6966014607579075e+02
   1.0462885420942807e+02   5.5889163404137628e+02
   1.0475875162184461e+02   5.4738728839502687e+02
   1.0488850816107815e+02   5.3430818868812230e+02
   1.0501811944971224e+02   5.1948063824049893e+02
   1.0514758060579557e+02   5.0342316001478827e+02
   1.0527688582418486e+02   4.8719427556619081e+02
   1.0540602796401225e+02   4.7209014614376031e+02
   1.0553499816447383e+02   4.5925230263794924e+02
   1.0566378551008236e+02   4.4929275972806892e+02
   1.0579237676436658e+02   4.4207478723862084e+02
   1.0592075618785715e+02   4.3674909985926263e+02
   1.0604890545223881e+02   4.3203301874497561e+02
   1.0617680365799156e+02   4.2661218602763887e+02
   1.0630442745793442e+02   4.1951847680309254e+02
   1.0643175128408866e+02   4.1038535492183843e+02
   1.0655874767046257e+02   3.9954060666991222e+02
   1.0668538765997616e+02   3.8792776345273398e+02
   1.0681164128001726e+02   3.7685957421047556e+02
   1.0693747806823482e+02   3.6763198037031259e+02
   1.0706286762825997e+02   3.6108920008095271e+02
   1.0718778019417705e+02   3.5730380163842540e+02
   1.0731218718275969e+02   3.5553400333588269e+02
   1.0743606171369342e+02   3.5449251203522670e+02
   1.0755937908013210e+02   3.5279668812953690e+02
   1.0768211715483197e+02   3.4940855545545838e+02
   1.0780425672059472e+02   3.4392956489421601e+02
   1.0792578171762507e+02   3.3669753945689030e+02
   1.0804667940445195e+02   3.2867979501789881e+02
   1.0816694043305810e+02   3.2117749573539305e+02
   1.0828655884260847e+02   3.1539415038627368e+02
   1.0840553197947813e+02   3.1199587738678582e+02
   1.0852386035400811e+02   3.1085193483793233e+02
   1.0864154744644395e+02   3.1109214830143401e+02
   1.0875859947576544e+02   3.1144703942212226e+02
   1.0887502514556905e+02   3.1069238485209610e+02
   1.0899083538082701e+02   3.0801827537350067e+02
   1.0910604306827800e+02   3.0323313834248131e+02
   1.0922066281149428e+02   2.9679032131366910e+02
   1.0933471070944607e+02   2.8965323291996935e+02
   1.0944820416479381e+02   2.8302172952304795e+02
   1.0956116172534965e+02   2.7796647563412142e+02
   1.0967360295933275e+02   2.7507292307678631e+02
   1.0978554836237018e+02   2.7423995472859559e+02
   1.0989701929181994e+02   2.7473451187912553e+02
   1.1000803792205467e+02   2.7547113456985250e+02
   1.1011862721294577e+02   2.7537617368697408e+02
   1.1022881088300063e+02   2.7369645494178627e+02
   1.1033861337846285e+02   2.7018184497470389e+02
   1.1044805983017326e+02   2.6512992561640579e+02
   1.1055717599106717e+02   2.5930110096370117e+02
   1.1066598814875964e+02   2.5371433354627632e+02
   1.1077452300963631e+02   2.4934918884252826e+02
   1.1088280755308780e+02   2.4682570240769076e+02
   1.1099086885684838e+02   2.4618383914517219e+02
   1.1109873389667828e+02   2.4687199225503798e+02
   1.1120642932571148e+02   2.4795200187823229e+02
   1.1131398124054917e+02   2.4841609137831017e+02
   1.1142141494250288e+02   2.4748432699334148e+02
   1.1152875470319948e+02   2.4480216423428058e+02
   1.1163602354400031e+02   2.4051551784152511e+02
   1.1174324303835573e+02   2.3522695240123716e+02
   1.1185043314532103e+02   2.2984031719275603e+02
   1.1195761208107130e+02   2.2530964203459118e+02
   1.1206479623344242e+02   2.2234241629141121e+02
   1.1217200012241732e+02   2.2115786254594980e+02
   1.1227923640718491e+02   2.2141308369136553e+02
   1.1238651593807714e+02   2.2233743281747482e+02
   1.1249384784946457e+02   2.2300381721241015e+02
   1.1260123968771056e+02   2.2261420468592797e+02
   1.1270869756665618e+02   2.2070960240511354e+02
   1.1281622634194085e+02   2.1727263474012997e+02
   1.1292382979481974e+02   2.1272343371545156e+02
   1.1303151081605922e+02   2.0781490287090674e+02
   1.1313927158097529e+02   2.0343458893831047e+02
   1.1324711370769647e+02   2.0034146980855743e+02
   1.1335503839221045e+02   1.9891208293233575e+02
   1.1346304651560104e+02   1.9900473334055997e+02
   1.1357113872097523e+02   2.0001452010138237e+02
   1.1367931545978711e+02   2.0109048536442347e+02
   1.1378757700944058e+02   2.0140858092499727e+02
   1.1389592346606184e+02   2.0039979837020104e+02
   1.1400435471803753e+02   1.9788553607788867e+02
   1.1411287040721864e+02   1.9411279132241572e+02
   1.1422146988549486e+02   1.8969310748748035e+02
   1.1433015217471194e+02   1.8544813148936589e+02
   1.1443891593760864e+02   1.8217598982275243e+02
   1.1454775946661164e+02   1.8039163391363613e+02
   1.1465668069600108e+02   1.8014130265683687e+02
   1.1476567724122930e+02   1.8098682645893797e+02
   1.1487474646715030e+02   1.8217030764612903e+02
   1.1498388558473046e+02   1.8287221761468166e+02
   1.1509309177360286e+02   1.8245322146688787e+02
   1.1520236232573957e+02   1.8061522157094743e+02
   1.1531169480369279e+02   1.7746601067285354e+02
   1.1542108720541289e+02   1.7349120776372754e+02
   1.1553053812669353e+02   1.6943611733162911e+02
   1.1564004691189425e+02   1.6610339460978656e+02
   1.1574961378377874e+02   1.6410127925177571e+02
   1.1585923994409070e+02   1.6362747382794623e+02
   1.1596892763782775e+02   1.6439447179606731e+02
   1.1607868017599299e+02   1.6574041317301831e+02
   1.1618850191380562e+02   1.6686381635612466e+02
   1.1629839818380040e+02   1.6707096192303126e+02
   1.1640837518580216e+02   1.6595695201093184e+02
   1.1651843983826286e+02   1.6349540303882071e+02
   1.1662859959775248e+02   1.6003926378625573e+02
   1.1673886225534204e+02   1.5623658720728682e+02
   1.1684923572010533e+02   1.5286281092228825e+02
   1.1695972780087401e+02   1.5058897204421584e+02
   1.1707034599766749e+02   1.4975111284484896e+02
   1.1718109731384149e+02   1.5022466711971344e+02
   1.1729198809897979e+02   1.5147556729456045e+02
   1.1740302393094129e+02   1.5275922039020568e+02
   1.1751420954335235e+02   1.5336407201641993e+02
   1.1762554880232938e+02   1.5280798608207218e+02
   1.1773704473346275e+02   1.5094992231912201e+02
   1.1784869959725644e+02   1.4801603221564406e+02
   1.1796051500845910e+02   1.4454576422053620e+02
   1.1807249209220801e+02   1.4125861292148278e+02
   1.1818463166778426e+02   1.3885003644108448e+02
   1.1829693444917906e+02   1.3776160194039431e+02
   1.1840940125069045e+02   1.3801754644945603e+02
   1.1852203318547264e+02   1.3921687970774346e+02
   1.1863483184537016e+02   1.4068692525778073e+02
   1.1874779945146429e+02   1.4171310982491343e+02
   1.1886093896648026e+02   1.4174595283050439e+02
   1.1897425416245343e+02   1.4053389680413432e+02
   1.1908774963969734e+02   1.3817455292851773e+02
   1.1920143079600325e+02   1.3509012658465588e+02
   1.1931530374795958e+02   1.3192785926241572e+02
   1.1942937520912777e+02   1.2938659079273501e+02
   1.1954365233239101e+02   1.2799628216348663e+02
   1.1965814252593297e+02   1.2792607743513202e+02
   1.1977285325388972e+02   1.2891892405943781e+02
   1.1988779183364561e+02   1.3039314628121389e+02
   1.2000296524195153e+02   1.3165173662047428e+02
   1.2011837994152980e+02   1.3209733929518168e+02
   1.2023404173860523e+02   1.3138542039303869e+02
   1.2034995567994915e+02   1.2949832971299264e+02
   1.2046612599564681e+02   1.2674539530473811e+02
   1.2058255609103725e+02   1.2369226593882655e+02
   1.2069924858829374e+02   1.2101799568492804e+02
   1.2081620541509280e+02   1.1931293298529752e+02
   1.2093342793493584e+02   1.1887340570261487e+02
   1.2105091711112303e+02   1.1958831658262051e+02
   1.2116867369428270e+02   1.2098502899470977e+02
   1.2128669842186608e+02   1.2240729305283740e+02
   1.2140499221722234e+02   1.2322963527152471e+02
   1.2152355637581880e+02   1.2302703249227208e+02
   1.2164239272688441e+02   1.2167037063834229e+02
   1.2176150376018420e+02   1.1934999255983293e+02
   1.2188089270970355e+02   1.1653269782379122e+02
   1.2200056358861062e+02   1.1385036393477466e+02
   1.2212052117281723e+02   1.1192316479299177e+02
   1.2224077093360273e+02   1.1115344634674548e+02
   1.2236131892290345e+02   1.1157362906255398e+02
   1.2248217161782232e+02   1.1283393197060262e+02
   1.2260333573348450e+02   1.1433870324966091e+02
   1.2272481801541146e+02   1.1545246537204886e+02
   1.2284662502396644e+02   1.1568404170148328e+02
   1.2296876292405626e+02   1.1480360002776443e+02
   1.2309123729311069e+02   1.1288851247597545e+02
   1.2321405295940436e+02   1.1030471508117037e+02
   1.2333721388108823e+02   1.0762368957297743e+02
   1.2346072307395157e+02   1.0547286584964570e+02
   1.2358458259307896e+02   1.0433889796287417e+02
   1.2370879357036735e+02   1.0438996498846734e+02
   1.2383335630651149e+02   1.0540971085706909e+02
   1.2395827041275756e+02   1.0688489086850299e+02
   1.2408353499466325e+02   1.0819329817009782e+02
   1.2420914886747133e+02   1.0879670272510602e+02
   1.2433511079067458e+02   1.0837735760980765e+02
   1.2446141970804294e+02   1.0690465971609299e+02
   1.2458807497889283e+02   1.0463859377294504e+02
   1.2471507658673850e+02   1.0207294452279272e+02
   1.2484242531266696e+02   9.9814320742062563e+01
   1.2497012286275584e+02   9.8403670860341975e+01
   1.2509817194149893e+02   9.8126705449775258e+01
   1.2522657626636423e+02   9.8901603500375487e+01
   1.2535534052209852e+02   1.0031275887496456e+02
   1.2548447025700627e+02   1.0176990983900203e+02
   1.2561397172695021e+02   1.0270337359229022e+02
   1.2574385169603447e+02   1.0271876150848443e+02
   1.2587411720564342e+02   1.0168461995865817e+02
   1.2600477532554804e+02   9.9756662924728175e+01
   1.2613583290203294e+02   9.7344175174582915e+01
   1.2626729631835109e+02   9.5015614760382704e+01
   1.2639917128225538e+02   9.3342283893346661e+01
   1.2653146265390441e+02   9.2708417285024183e+01
   1.2666417432517599e+02   9.3163867993683795e+01
   1.2679730915846606e+02   9.4404463012518008e+01
   1.2693086898957820e+02   9.5893730941084499e+01
   1.2706485469551498e+02   9.7052255975645807e+01
   1.2719926632409329e+02   9.7426866266849416e+01
   1.2733410327854899e+02   9.6797710968700315e+01
   1.2746936454690179e+02   9.5221318172694026e+01
   1.2760504896301886e+02   9.3017258447353271e+01
   1.2774115548422742e+02   9.0698228476207021e+01
   1.2787768346911251e+02   8.8838733800201283e+01
   1.2801463293887818e+02   8.7895650366697765e+01
   1.2815200480637856e+02   8.8039275935208678e+01
   1.2828980105860552e+02   8.9084376600833366e+01
   1.2842802488096407e+02   9.0566464946821171e+01
   1.2856668071493596e+02   9.1914843397124230e+01
   1.2870577424453657e+02   9.2631069166015521e+01
   1.2884531231109492e+02   9.2414649688361109e+01
   1.2898530276008569e+02   9.1224873635268509e+01
   1.2912575422777482e+02   8.9286460039247302e+01
   1.2926667587905428e+02   8.7042117774313596e+01
   1.2940807711083377e+02   8.5046783369436298e+01
   1.2954996723753217e+02   8.3806046001801505e+01
   1.2969235517643887e+02   8.3598280007684210e+01
   1.2983524915091283e+02   8.4363721739457205e+01
   1.2997865642853210e+02   8.5730036620381441e+01
   1.3012258310944179e+02   8.7158143310652093e+01
   1.3026703397737072e+02   8.8123110960700274e+01
   1.3041201242225620e+02   8.8256813083282765e+01
   1.3055752043932966e+02   8.7428437767115255e+01
   1.3070355870511165e+02   8.5768128863971398e+01
   1.3085012672629730e+02   8.3640050311689109e+01
   1.3099722305324798e+02   8.1561516432594345e+01
   1.3114484554599349e+02   8.0064003042496680e+01
   1.3129299167752001e+02   7.9517553492907865e+01
   1.3144165885686434e+02   7.9987560623890161e+01
   1.3159084475329439e+02   8.1207851027326868e+01
   1.3174054760271233e+02   8.2688946348630722e+01
   1.3189076647838436e+02   8.3893293141386792e+01
   1.3204150151013650e+02   8.4392931231252632e+01
   1.3219275403914065e+02   8.3969664583982464e+01
   1.3234452669918545e+02   8.2657084143926113e+01
   1.3249682341965493e+02   8.0732683341424206e+01
   1.3264964935008436e+02   7.8659795718871578e+01
   1.3280301071083767e+02   7.6972468477656406e+01
   1.3295691457888950e+02   7.6110709324194517e+01
   1.3311136862162070e+02   7.6256930993154313e+01
   1.3326638079472119e+02   7.7260413098883433e+01
   1.3342195902253422e+02   7.8700481261485777e+01
   1.3357811088033887e+02   8.0046736670487519e+01
   1.3373484329807033e+02   8.0827725323304961e+01
   1.3389216230381598e+02   8.0750426444182310e+01
   1.3405007282315435e+02   7.9760141306305073e+01
   1.3420857854715766e+02   7.8049299258461161e+01
   1.3436768187783264e+02   7.6018784416807080e+01
   1.3452738395517315e+02   7.4185631150287151e+01
   1.3468768476510414e+02   7.3035363978818069e+01
   1.3484858332269803e+02   7.2851326101178984e+01
   1.3501007792044118e+02   7.3600018764337264e+01
   1.3517216642728684e+02   7.4945802750411232e+01
   1.3533484662100446e+02   7.6385493675329485e+01
   1.3549811653412232e+02   7.7420471175473949e+01
   1.3566197479270031e+02   7.7693113369410256e+01
   1.3582642092734164e+02   7.7064220451090677e+01
   1.3599145563725131e+02   7.5637727251606734e+01
   1.3615708099071330e+02   7.3739766706797894e+01
   1.3632330054893390e+02   7.1848608463879827e+01
   1.3649011940459823e+02   7.0468827430744810e+01
   1.3665754413143662e+02   6.9965444797189988e+01
   1.3682558264633070e+02   7.0421310120768126e+01
   1.3699424399067425e+02   7.1602171440046121e+01
   1.3716353804255371e+02   7.3054246747221697e+01
   1.3733347517551738e+02   7.4270272277122686e+01
   1.3750406588302295e+02   7.4840217178149715e+01
   1.3767532038987306e+02   7.4547017592473253e+01
   1.3784724827293169e+02   7.3407573404852855e+01
   1.3801985811309564e+02   7.1668248030150380e+01
   1.3819315719887439e+02   6.9755222905451802e+01
   1.3836715129910371e+02   6.8171841001283468e+01
   1.3854184451843014e+02   6.7345945366728685e+01
   1.3871723924448767e+02   6.7471191891250214e+01
   1.3889333619040607e+02   6.8426166054238720e+01
   1.3907013453075578e+02   6.9826500726119434e+01
   1.3924763212357340e+02   7.1174423339918633e+01
   1.3942582580604193e+02   7.2019408256852643e+01
   1.3960471174702803e+02   7.2072559685357092e+01
   1.3978428583627093e+02   7.1264828435165441e+01
   1.3996454408777188e+02   6.9758394326554139e+01
   1.4014548303400520e+02   6.7915476117367618e+01
   1.4032710008801243e+02   6.6218021994545097e+01
   1.4050939385223887e+02   6.5133178034725773e+01
   1.4069236435602841e+02   6.4949971327561400e+01
   1.4087601320783065e+02   6.5660986126737939e+01
   1.4106034365315659e+02   6.6965466926252077e+01
   1.4124536053485062e+02   6.8392283846834857e+01
   1.4143107015800609e+02   6.9464336702004886e+01
   1.4161748006748928e+02   6.9830762958129313e+01
   1.4180459875122384e+02   6.9342891096542161e+01
   1.4199243528680614e+02   6.8080540123343141e+01
   1.4218099895241130e+02   6.6336508336996800e+01
   1.4237029882509484e+02   6.4556164321756469e+01
   1.4256034339037186e+02   6.3223719633431429e+01
   1.4275114018630072e+02   6.2705341450133680e+01
   1.4294269550325657e+02   6.3105948724392100e+01
   1.4313501415725591e+02   6.4224421475684437e+01
   1.4332809935028544e+02   6.5639478131133743e+01
   1.4352195262585866e+02   6.6867638016843344e+01
   1.4371657392227473e+02   6.7509405259130531e+01
   1.4391196172013329e+02   6.7342861169339955e+01
   1.4410811327492377e+02   6.6365087468650614e+01
   1.4430502492030101e+02   6.4791590361447874e+01
   1.4450269242330228e+02   6.3014814754845148e+01
   1.4470111136952127e+02   6.1513035980640744e+01
   1.4490027755433823e+02   6.0708226188027496e+01
   1.4510018735583623e+02   6.0809863865635506e+01
   1.4530083806605202e+02   6.1725968855232423e+01
   1.4550222815966285e+02   6.3102917537323819e+01
   1.4570435748296367e+02   6.4466016648989424e+01
   1.4590722735081891e+02   6.5375781390380354e+01
   1.4611084054489532e+02   6.5540642426111773e+01
   1.4631520121256133e+02   6.4875445382634126e+01
   1.4652031467200297e+02   6.3515673900962355e+01
   1.4672618713498414e+02   6.1792570288061484e+01
   1.4693282536390217e+02   6.0162678540961039e+01
   1.4714023628404266e+02   5.9083941327273408e+01
   1.4734842657493891e+02   5.8857391579170866e+01
   1.4755740226630763e+02   5.9503370202322394e+01
   1.4776716836404822e+02   6.0752630462212807e+01
   1.4797772853024060e+02   6.2159382669666286e+01
   1.4818908483804415e+02   6.3260925569044957e+01
   1.4840123761804156e+02   6.3708077940631142e+01
   1.4861418540715573e+02   6.3340847637106194e+01
   1.4882792500509686e+02   6.2216435600161667e+01
   1.4904245163674895e+02   6.0598592381587501e+01
   1.4925775921236297e+02   5.8905852793849206e+01
   1.4947384067129448e+02   5.7608532300055842e+01
   1.4969068838967397e+02   5.7079021682273854e+01
   1.4990829462816933e+02   5.7445830796234475e+01
   1.5012665199315524e+02   5.8537275254118597e+01
   1.5034575388334198e+02   5.9956083427655926e+01
   1.5056559489432371e+02   6.1231987716553711e+01
   1.5078617115559149e+02   6.1966769051287862e+01
   1.5100748057820792e+02   6.1928269193402762e+01
   1.5122952299636603e+02   6.1093453808884107e+01
   1.5145230019216811e+02   5.9651592001471641e+01
   1.5167581579980722e+02   5.7969448057935075e+01
   1.5190007509251643e+02   5.6509200836744441e+01
   1.5212508466273769e+02   5.5693952105769043e+01
   1.5235085201253005e+02   5.5751719847385303e+01
   1.5257738507688106e+02   5.6617583928536902e+01
   1.5280469170695704e+02   5.7962541436142821e+01
   1.5303277914314802e+02   5.9328107598011592e+01
   1.5326165350884028e+02   6.0281169356964021e+01
   1.5349131935509837e+02   6.0526576423665368e+01
   1.5372177928388206e+02   5.9965955536715057e+01
   1.5395303367318780e+02   5.8713729246506411e+01
   1.5418508052182233e+02   5.7076864350010482e+01
   1.5441791542471447e+02   5.5492351685433384e+01
   1.5465153168213149e+02   5.4412353537534173e+01
   1.5488592053833466e+02   5.4150211161585553e+01
   1.5512107153754607e+02   5.4751367069439063e+01
   1.5535697297805709e+02   5.5973119513694265e+01
   1.5559361243931309e+02   5.7388854546008069e+01
   1.5583097735222731e+02   5.8544380227224728e+01
   1.5606905558008614e+02   5.9087959153407795e+01
   1.5630783597640436e+02   5.8846585065046774e+01
   1.5654730888704421e+02   5.7855907763755702e+01
   1.5678746656678965e+02   5.6353855831106870e+01
   1.5702830348521934e+02   5.4736108079733306e+01
   1.5726981650289127e+02   5.3462095292453235e+01
   1.5751200490618811e+02   5.2911372395779573e+01
   1.5775487029726330e+02   5.3234873559231360e+01
   1.5799841634390020e+02   5.4287636691075328e+01
   1.5824264840226797e+02   5.5692997304568216e+01
   1.5848757303304507e+02   5.6991084889375919e+01
   1.5873319743774249e+02   5.7784020896103819e+01
   1.5897952884691205e+02   5.7830979189987886e+01
   1.5922657389497107e+02   5.7092592305593421e+01
   1.5947433801742139e+02   5.5736829919075511e+01
   1.5972282490521371e+02   5.4109445315329886e+01
   1.5997203604794370e+02   5.2659742714684874e+01
   1.6022197039263773e+02   5.1813453170567527e+01
   1.6047262413836265e+02   5.1817494675331673e+01
   1.6072399067915035e+02   5.2633591256544264e+01
   1.6097606069921443e+02   5.3955789903243613e+01
   1.6122882241563983e+02   5.5338872555208731e+01
   1.6148226195517515e+02   5.6352366408945386e+01
   1.6173636384394024e+02   5.6694034483383227e+01
   1.6199111158225779e+02   5.6249954110804786e+01
   1.6224648827180062e+02   5.5112934429256690e+01
   1.6250247725913525e+02   5.3566939797628272e+01
   1.6275906275870861e+02   5.2031880537848608e+01
   1.6301623041944595e+02   5.0956686991363092e+01
   1.6327396780233505e+02   5.0668407462942632e+01
   1.6353226474148642e+02   5.1236764944972712e+01
   1.6379111356788053e+02   5.2442044607742602e+01
   1.6405050918295197e+02   5.3871318777968376e+01
   1.6431044897785713e+02   5.5073551769496866e+01
   1.6457093260321415e+02   5.5691364396799536e+01
   1.6483196160277407e+02   5.5539082939452122e+01
   1.6509353893237127e+02   5.4634516072442267e+01
   1.6535566839215051e+02   5.3195727660580395e+01
   1.6561835400508480e+02   5.1602000713541919e+01
   1.6588159937788720e+02   5.0307154531516950e+01
   1.6614540708140387e+02   4.9701108661678127e+01
   1.6640977808638488e+02   4.9958363871405830e+01
   1.6667471128724307e+02   5.0960041233088788e+01
   1.6694020314120809e+02   5.2348023637277919e+01
   1.6720624744348106e+02   5.3670080089800891e+01
   1.6747283525098348e+02   5.4526027237937477e+01
   1.6773995495855212e+02   5.4664318844559673e+01
   1.6800759252247695e+02   5.4027967950562449e+01
   1.6827573181763836e+02   5.2763183617200298e+01
   1.6854435510669268e+02   5.1195102988990826e+01
   1.6881344359323936e+02   4.9761423896311200e+01
   1.6908297802606825e+02   4.8892604776485470e+01
   1.6935293931871763e+02   4.8856846875293797e+01
   1.6962330914783513e+02   4.9643566946543352e+01
   1.6989407049526832e+02   5.0967749225865006e+01
   1.7016520810232424e+02   5.2392105950763842e+01
   1.7043670881001347e+02   5.3482189607347692e+01
   1.7070856176600350e+02   5.3923189579463944e+01
   1.7098075848703556e+02   5.3582904095261384e+01
   1.7125329277422026e+02   5.2533082870709286e+01
   1.7152616048740799e+02   5.1038092012525418e+01
   1.7179935919319541e+02   4.9505993229018550e+01
   1.7207288770859716e+02   4.8388445846962817e+01
   1.7234674556852531e+02   4.8031938025405971e+01
   1.7262093244963157e+02   4.8534746486456569e+01
   1.7289544758550909e+02   4.9701570399419133e+01
   1.7317028920859414e+02   5.1131593080940341e+01
   1.7344545405232986e+02   5.2373828754090695e+01
   1.7372093694337167e+02   5.3062331881911462e+01
   1.7399673050805754e+02   5.2996918636436313e+01
   1.7427282501037217e+02   5.2176966908542298e+01
   1.7454920833063079e+02   5.0801232493708198e+01
   1.7482586608557020e+02   4.9234188668856703e+01
   1.7510278188198950e+02   4.7926553930705822e+01
   1.7537993768803523e+02   4.7281687585575490e+01
   1.7565731429916869e+02   4.7500075773521260e+01
   1.7593489187020614e+02   4.8488583684244773e+01
   1.7621265048092724e+02   4.9903240963126883e+01
   1.7649057070083649e+02   5.1292022673064679e+01
   1.7676863411883937e+02   5.2244575506075122e+01
   1.7704682380585544e+02   5.2492875418796842e+01
   1.7732512468257872e+02   5.1960291525110165e+01
   1.7760352377045984e+02   5.0773446411907827e+01
   1.7788201031115989e+02   4.9242420645388343e+01
   1.7816057574777273e+02   4.7800216375355383e+01
   1.7843921356954161e+02   4.6887598913401419e+01
   1.7871791903009341e+02   4.6796107667485607e+01
   1.7899668875687621e+02   4.7540778206849922e+01
   1.7927552027605446e+02   4.8852739346346581e+01
   1.7955441148219140e+02   5.0297885183896760e+01
   1.7983336008533004e+02   5.1435579506894243e+01
